Ticker,Company_Name,Exchange,Currency,Country,Sector,Industry,IPO_First_Trade_Date,Shares_Outstanding,Float_Shares,Free_Float_Ratio,Market_Cap_Snapshot,Beta_Yfinance_Reported,Beta_Computed_1Y,Beta_Computed_3Y,Beta_Computed_5Y,Institutional_Ownership_Pct,Insider_Ownership_Pct,Analyst_Recommendation_Snapshot
ALIZY,Allianz SE,PNK,EUR,Germany,Financial Services,Insurance - Diversified,,3792862700.0,3778957891.0,0.9963339540342444,186760560640.0,0.67,0.648438291309685,0.5370940093958972,0.6461257931937028,0.00027000002,0.0,buy
QCOM,QUALCOMM Incorporated,NMS,USD,United States,Technology,Semiconductors,,1068060487.0,1048438021.0,0.9816279450098223,209371889664.0,1.679,2.062825955123976,1.7154150301010578,1.6151749017293424,0.83046997,0.00122,hold
APH,Amphenol Corporation,NYQ,USD,United States,Technology,Electronic Components,,2465966914.0,2449913469.0,0.9934899998419038,202554507264.0,1.242,1.7638198299380077,1.4570284442900583,1.2585868519168946,0.96709,0.00533,strong_buy
ALIZF,Allianz SE,PNK,EUR,Germany,Financial Services,Insurance - Diversified,,379286270.0,377895789.0,0.9963339537705913,189643128832.0,0.67,0.408705079020576,0.3028149679377224,0.3778669682450849,0.43008,8.9999994e-05,none
TMUS,"T-Mobile US, Inc.",NMS,USD,United States,Communication Services,Telecom Services,,1072671613.0,486295676.0,0.45335000022975347,175355002880.0,0.331,-0.33972949319332585,0.15837901951127092,0.4084150962998564,0.43483,0.55553,buy
IDEXY,Industria de Diseno Textil Indi,PNK,EUR,Spain,Consumer Cyclical,Apparel Retail,,12460036840.0,4437891321.0,0.3561699999756983,189018767360.0,0.905,0.8316298443353699,0.7359413450402114,0.7874318192211572,0.00115,0.0,strong_buy
CBAUF,Commonwealth Bank of Australia,PNK,AUD,Australia,Financial Services,Banks - Diversified,,1671830607.0,1668102425.0,0.997770000151696,185706954752.0,0.799,-0.001316183467976317,0.26536878019050747,0.2197302115061936,0.34252998,0.0032600001,none
IDEXF,Industria de Diseno Textil Indi,PNK,EUR,Spain,Consumer Cyclical,Apparel Retail,,3115009210.0,1109472830.0,0.35616999989544174,181854240768.0,0.905,0.7290267365416935,0.5122358074677749,0.5925081991274191,0.18892999,0.64349,none
DIS,Walt Disney Company (The),NYQ,USD,United States,Communication Services,Entertainment,,1726686902.0,1723872402.0,0.9983699997974502,178548047872.0,1.409,0.6639323788982289,0.8507203018511985,1.0095342813177164,0.78566,0.00063,strong_buy
KXIAY,KIOXIA HLDGS CORP,PNK,JPY,Japan,Technology,Semiconductors,,5325050070.0,384032217871.0,72.11804824794821,207463940096.0,,3.747514618422946,,,0.00016000001,0.0,none
SBGSF,Schneider Electric SE,PNK,EUR,France,Industrials,Specialty Industrial Machinery,,563301211.0,550490590.0,0.9772579558683037,189269196800.0,1.149,1.5933834201751096,1.3025487982027757,1.0623517829796214,0.52231,0.034679998,none
SCHW,Charles Schwab Corporation (The,NYQ,USD,United States,Financial Services,Capital Markets,,1729335714.0,1625800385.0,0.9401300001140207,174335197184.0,0.753,0.4661201122928944,0.7733152836487865,0.9151567309575024,0.85547996,0.062119998,buy
CMWAY,Commonwealth Bank of Australia,PNK,AUD,Australia,Financial Services,Banks - Diversified,,1671830607.0,1668102425.0,0.997770000151696,181226438656.0,0.799,0.90220439029698,0.8821289060543104,0.8499131941218014,0.00022,0.0,none
DE,Deere & Company,NYQ,USD,United States,Industrials,Farm & Heavy Construction Machinery,,269625412.0,269080769.0,0.9979800012322281,187655143424.0,0.911,0.45336154408004303,0.7091660811380665,0.7498171263052136,0.84454,0.00169,buy
SBGSY,Schneider Electric SE,PNK,EUR,France,Industrials,Specialty Industrial Machinery,,2816506055.0,2752452952.0,0.9772579565784033,190677450752.0,1.149,1.8939144573666316,1.334224932304102,1.2192480730644262,0.0016300001,0.0,strong_buy
STX,Seagate Technology Holdings PLC,NMS,USD,Singapore,Technology,Computer Hardware,,227393014.0,225833131.0,0.9931401454575909,203903320064.0,2.087,2.326390841104448,1.5658914010536462,1.4037258709401899,0.84465,0.00318,none
T,AT&T Inc.,NYQ,USD,United States,Communication Services,Telecom Services,,6852385650.0,6837790069.0,0.9978700000634085,172234719232.0,0.431,-0.33625916187958627,-0.011074331432404645,0.25034707328436223,0.68451,0.00091,buy
EADSY,Airbus SE,PNK,EUR,Netherlands,Industrials,Aerospace & Defense,,3165921956.0,2353356427.0,0.7433400000716884,175930294272.0,0.878,1.1991488544368165,0.9327291455933274,0.9660524951925084,0.0034,0.0,buy
MCD,McDonald's Corporation,NYQ,USD,United States,Consumer Cyclical,Restaurants,,707641531.0,706580069.0,0.9985000004189974,177706483712.0,0.414,-0.005388227473000258,0.2025769978440971,0.3588448851820106,0.76342005,0.0025600002,buy
EADSF,Airbus SE,PNK,EUR,Netherlands,Industrials,Aerospace & Defense,,791480489.0,588339107.0,0.7433400003875522,176500146176.0,0.878,1.1260400656599854,0.8398194639692048,0.8057199989951684,0.37116,0.25706,none
KXHCF,KIOXIA HLDGS CORP,PNK,JPY,Japan,Technology,Semiconductors,,532505007.0,384032218.0,0.7211804827217334,170401595392.0,,,,,0.39811,0.12829,none
ADI,"Analog Devices, Inc.",NMS,USD,United States,Technology,Semiconductors,,484565465.0,482758036.0,0.9962700003806503,186597670912.0,1.205,1.644492968127915,1.6079570314715232,1.4331357524833253,0.93808997,0.00241,strong_buy
SMFNF,Sumitomo Mitsui Financial Group,PNK,JPY,Japan,Financial Services,Banks - Diversified,,3799509993.0,3795966996.0,0.9990675121248457,165278679040.0,0.388,1.1117910889801443,0.8026108022270371,0.4766483348561952,0.42406,0.042129997,none
DBSDY,DBS Group Holdings Ltd.,PNK,SGD,Singapore,Financial Services,Banks - Regional,,711000156.0,510392753.0,0.7178518157737226,173533806592.0,0.292,0.4763992782893503,0.4410866409074328,0.4706753723725611,0.0012800001,0.0,none
DBSDF,DBS Group Holdings Ltd.,PNK,SGD,Singapore,Financial Services,Banks - Regional,,2844000622.0,2041571010.0,0.7178518155753062,175588589568.0,0.292,0.14635475567575476,0.4919138800816409,0.3779568245393009,0.54589003,0.006,none
BLK,"BlackRock, Inc.",NYQ,USD,United States,Financial Services,Asset Management,,154869259.0,143813143.0,0.9286100025828883,174217543680.0,1.429,1.1941635589679278,1.1112701652737662,1.1918110548852672,0.84615,0.01916,strong_buy
ABBNY,ABB Ltd.,PNK,USD,Switzerland,Industrials,Electrical Equipment & Parts,,1810763250.0,7255934400.0,4.007113795798539,183466541056.0,1.008,1.5890846185669556,1.0092871484730095,0.9651125817770474,0.00225,0.0,hold
ABLZF,ABB Ltd.,PNK,USD,Switzerland,Industrials,Electrical Equipment & Parts,,1810763250.0,1813983600.0,1.0017784489496349,180551204864.0,1.008,1.0820668555760937,0.7668508775455933,0.6486278023176846,0.59349,0.00028,none
SHOP,Shopify Inc.,NMS,USD,Canada,Technology,Software - Application,,1219581025.0,1205804094.0,0.9887035541570516,193091010560.0,2.616,1.948118356473333,2.164967340324285,2.3208452674434987,0.73189,0.00233,buy
SMFG,Sumitomo Mitsui Financial Group,NYQ,JPY,Japan,Financial Services,Banks - Diversified,,6332516655.0,6326611661.0,0.9990675122827608,165911953408.0,0.388,1.1568457179168075,1.033594951794749,0.7959516251779232,0.02125,5e-05,none
UNP,Union Pacific Corporation,NYQ,USD,United States,Industrials,Railroads,,594075498.0,592726947.0,0.9977300006404236,161588543488.0,0.966,0.22653715134127334,0.5721243666245377,0.6536968112395789,0.91296995,0.00071000005,buy
HESAF,Hermes International SA,PNK,EUR,France,Consumer Cyclical,Luxury Goods,,104741538.0,34218139.0,0.3266912024912218,158065442816.0,1.001,0.6928306874657497,0.5905469025159327,0.7504954748879641,0.10431,0.66982,none
HESAY,Hermes International SA,PNK,EUR,France,Consumer Cyclical,Luxury Goods,,1047415380.0,342181395.0,0.3266912072648771,162433171456.0,1.001,1.1839237643316671,0.9598086228745424,1.0344292142971565,0.00018999999,0.0,none
RYCEF,Rolls Royce Holdings plc,PNK,GBP,United Kingdom,Industrials,Aerospace & Defense,,8234548067.0,8150486868.0,0.9897916438988467,162632335360.0,1.188,1.3918857865221395,1.126992263276717,1.0097278918949986,0.57815,0.00051,none
BBVA,Banco Bilbao Vizcaya Argentaria,NYQ,EUR,Spain,Financial Services,Banks - Diversified,,5518305297.0,5738130226.0,1.0398355866826554,157409656832.0,0.89,1.5005844729282662,0.977235961937403,1.0292142016587633,0.03492,0.00018999999,underperform
BA,Boeing Company (The),NYQ,USD,United States,Industrials,Aerospace & Defense,,790370020.0,758462782.0,0.9596299996297937,156042756096.0,1.213,1.2313292303110333,1.0933652459561913,1.1475370356099404,0.76811,0.00057,strong_buy
DTEGY,Deutsche Telekom AG,OQX,EUR,Germany,Communication Services,Telecom Services,,4838022420.0,4122083780.0,0.85201832942312,149881946112.0,0.325,0.055539739971588925,0.24618718498281583,0.4272673943260486,0.0052,0.0,buy
RLLCF,Rolls Royce Holdings plc,PNK,GBP,United Kingdom,Industrials,Aerospace & Defense,,1848999936.0,8150486868.0,4.408051460311138,,1.188,0.6205789625764561,0.529203252775263,0.4811574588484723,0.00044,0.0,none
RYCEY,Rolls Royce Holdings plc,PNK,GBP,United Kingdom,Industrials,Aerospace & Defense,,8234548067.0,8150486868.0,0.9897916438988467,162714681344.0,1.188,1.7217741913884343,1.2722086955315812,1.1190195424581872,0.02023,0.0,none
CIHHF,"China Merchants Bank Co., Ltd.",PNK,CNY,China,Financial Services,Banks - Regional,,4590901172.0,15365947528.0,3.3470438487583283,176791126016.0,0.462,-0.005669088579370085,0.1944371623863769,0.2632014974652039,0.54518,0.17571,none
HTHIF,Hitachi Ltd.,PNK,JPY,Japan,Industrials,Conglomerates,,4465563424.0,4404353693.0,0.9862929433112447,160760299520.0,0.538,1.1768773762491607,0.7924160816121898,0.5114540200954837,0.51257,0.01661,none
CIHKY,"China Merchants Bank Co., Ltd.",PNK,CNY,China,Financial Services,Banks - Regional,,918180234.0,3073189506.0,3.3470438506520934,166249218048.0,0.462,0.36809872511514685,0.5418870738905243,0.5237208308924861,8.0000005e-05,0.0,none
BBVXF,Banco Bilbao Vizcaya Argentaria,PNK,EUR,Spain,Financial Services,Banks - Diversified,,5518305297.0,5738130226.0,1.0398355866826554,156554330112.0,0.89,0.859628628907438,0.19183060490925674,0.47445382385963375,0.44542998,0.00103,none
DTEGF,Deutsche Telekom AG,OQX,EUR,Germany,Communication Services,Telecom Services,,4838022420.0,4122083780.0,0.85201832942312,152107433984.0,0.325,0.1379044149574612,0.25670685575897,0.26639312752294514,0.33326,0.28594,none
SAFRY,Safran SA,PNK,EUR,France,Industrials,Aerospace & Defense,,1657503200.0,1230880151.0,0.7426110254266779,157164453888.0,0.957,1.3061588718835846,0.8694582264474537,0.9434962091682211,0.0025499999,0.0,none
RCRRF,"Recruit Holdings Co., Ltd.",PNK,JPY,Japan,Communication Services,Internet Content & Information,,1388869636.0,1364508924.0,0.9824600442197298,155345059840.0,0.946,1.1035606110895344,0.4865397550127134,0.535252615899905,0.53717,0.03763,none
ETN,"Eaton Corporation, PLC",NYQ,USD,Ireland,Industrials,Specialty Industrial Machinery,,388400000.0,387716416.0,0.99824,170651303936.0,1.168,1.757879149040323,1.536635150196341,1.222630521118829,0.879,0.00071999995,buy
BX,Blackstone Inc.,NYQ,USD,United States,Financial Services,Asset Management,,750625114.0,747386877.0,0.995685946367097,148964098048.0,1.558,1.3664234873522632,1.5420567286820532,1.663380468293867,0.73745,0.01038,buy
SAFRF,Safran SA,PNK,EUR,France,Industrials,Aerospace & Defense,,414375800.0,307720038.0,0.742611026029995,156634054656.0,0.957,1.3492474204228604,0.8192100465136053,0.7387880337681134,0.45616,0.1674,none
UBS,UBS Group AG Registered,NYQ,USD,Switzerland,Financial Services,Banks - Diversified,,3061742149.0,3045912942.0,0.9948299999707128,150683631616.0,0.832,1.18140500406658,1.0468475966091904,1.039332898742827,0.51094,0.00063,none
HTHIY,Hitachi Ltd.,PNK,JPY,Japan,Industrials,Conglomerates,,4465563424.0,4404353693.0,0.9862929433112447,160537018368.0,0.538,1.4342434780587665,1.1732512188231452,0.9637818506148249,0.00023,0.0,none
TOELF,Tokyo Electron Ltd.,PNK,JPY,Japan,Technology,Semiconductor Equipment & Materials,,454296856.0,439293079.0,0.9669736279222676,159912493056.0,1.332,2.021895862184391,1.4220926301339525,1.0568304642670598,0.56520003,0.03229,none
WDC,Western Digital Corporation,NMS,USD,United States,Technology,Computer Hardware,,360540944.0,358024368.0,0.9930199994151011,164475174912.0,2.182,2.9264492147029566,1.9816596190202556,1.6577605344331034,0.91947997,0.0050999997,none
TOELY,Tokyo Electron Ltd.,PNK,JPY,Japan,Technology,Semiconductor Equipment & Materials,,908593712.0,878586157.0,0.9669736268216657,159867060224.0,1.332,,,,,,none
IBKR,"Interactive Brokers Group, Inc.",NMS,USD,United States,Financial Services,Capital Markets,,453077771.0,439168671.0,0.969300855415394,155157970944.0,1.349,1.9921756049301351,1.484621822095256,1.1800581917432191,0.88549006,0.026659999,buy
RCRUY,"Recruit Holdings Co., Ltd.",PNK,JPY,Japan,Communication Services,Internet Content & Information,,6944348180.0,6822544619.0,0.9824600440757277,156803383296.0,0.946,1.337127284991058,1.093457324003482,1.067349644166336,0.00014999999,0.0,none
UBER,"Uber Technologies, Inc.",NYQ,USD,United States,Technology,Software - Application,,2042560121.0,2035880949.0,0.9967299998020475,143336669184.0,1.159,0.9140803026721119,1.1637003893288043,1.3596157694012545,0.8536,0.00209,buy
NOW,"ServiceNow, Inc.",NYQ,USD,United States,Technology,Software - Application,,1033862000.0,1031298022.0,0.9975199997678607,140843024384.0,0.972,0.7049299553642738,1.219648689654962,1.4699425289562695,0.84823996,0.0017499999,strong_buy
UNCRY,UniCredito Spa,PNK,EUR,Italy,Financial Services,Banks - Regional,,3015906030.0,2990955087.0,0.991726883148279,143346008064.0,1.059,1.5858773502100554,1.1109990707059563,1.0548034517371405,0.00046999997,0.0,strong_buy
SNEJF,Sony Group Corporation,PNK,JPY,Japan,Technology,Consumer Electronics,,5845333109.0,5870935230.0,1.0043799250654477,137365323776.0,0.763,0.32763629703558034,0.39513724798192906,0.5489239010806868,0.47997,0.00049,none
UNCFF,UniCredito Spa,PNK,EUR,Italy,Financial Services,Banks - Regional,,1507953015.0,1495477544.0,0.9917268834798543,144311107584.0,1.059,1.058079123364584,0.8708913508642175,0.675395698129031,0.55557,0.0,none
SONY,Sony Group Corporation,NYQ,JPY,Japan,Technology,Consumer Electronics,,5845333109.0,5870935230.0,1.0043799250654477,136810020864.0,0.763,0.7519598470118394,0.8676603553435596,0.91141942631792,0.088190004,1.0000001e-05,none
CILJF,China Life Insurance Company Li,PNK,CNY,China,Financial Services,Insurance - Life,,7441175000.0,8941256780.0,1.2015920577059402,106557931520.0,0.88,0.3584044011044677,0.3014722250629876,0.3130611748335487,0.48896998,0.0,none
MZHOF,Mizuho Financial Group Inc.,PNK,JPY,Japan,Financial Services,Banks - Regional,,2420607718.0,2433147697.0,1.0051805085585537,135336181760.0,0.385,0.8720717180350964,0.4520403171030307,0.2690129237280368,0.40433997,0.02325,none
IITSF,Intesa Sanpaolo S.p.A.,OID,EUR,Italy,Financial Services,Banks - Regional,,17379089108.0,15509283799.0,0.8924106265075029,136425840640.0,0.844,0.6653619925443813,0.43756169963711844,0.5452112305257707,0.38881,0.054369997,none
ISNPY,Intesa Sanpaolo S.p.A.,OID,EUR,Italy,Financial Services,Banks - Regional,,2896514851.0,2584880633.0,0.8924106265526619,133963808768.0,0.844,1.2222674018334978,0.8726607085219699,0.9605837223276902,0.00023,0.0,none
ATEYY,Advantest Corp.,PNK,JPY,Japan,Technology,Semiconductor Equipment & Materials,,721952949.0,723539350.0,1.0021973744995396,156548284416.0,1.182,3.5433377357415194,2.2978165224142253,1.697017480613623,0.00037999998,0.0,none
PNGAY,Ping An Insurance (Group) Compa,PNK,CNY,China,Financial Services,Insurance - Life,,3723788456.0,7888141544.0,2.1183108646491813,124852191232.0,0.563,0.7312856470096294,0.7425173572744224,0.7402739128288166,0.00064000004,0.0,none
PIAIF,Ping An Insurance (Group) Compa,PNK,CNY,China,Financial Services,Insurance - Life,,7447576912.0,15776283088.0,2.1183108646491813,122769817600.0,0.563,0.4275933792022385,0.2242523840222115,0.28388962776319937,0.38021,0.18979,none
MFG,"Mizuho Financial Group, Inc. Sp",NYQ,JPY,Japan,Financial Services,Banks - Regional,,12103038590.0,12165738485.0,1.0051805085585537,131983638528.0,0.385,1.2286956279971795,1.042068202812492,0.7815517427760956,0.02247,7e-05,buy
TJX,"TJX Companies, Inc. (The)",NYQ,USD,United States,Consumer Cyclical,Apparel Retail,,1099974061.0,1097422121.0,0.9976799998377416,143700606976.0,0.593,0.14983383166043884,0.45135359128979124,0.658763632642021,0.94943,0.00155,none
SMEGF,Siemens Energy AG,OQX,EUR,Germany,Industrials,Specialty Industrial Machinery,,850848567.0,777430232.0,0.9137116311321236,140390023168.0,1.868,1.871600873948515,1.3787948038273927,1.0776347559287178,0.56841,0.120670006,none
FRCOY,Fast Retailing Co. Ltd.,PNK,JPY,Japan,Consumer Cyclical,Apparel Retail,,3068510240.0,18789715604.0,6.123400000125142,132866490368.0,0.451,1.0418449932797542,0.8916941004555745,0.7272804627550594,0.00081,0.0,none
FRCOF,Fast Retailing Co. Ltd.,PNK,JPY,Japan,Consumer Cyclical,Apparel Retail,,306851024.0,187897156.0,0.6123399998821578,129512603648.0,0.451,0.6691309625262433,0.2364032353830697,0.1184080437958186,0.36785,0.38247,none
ADTTF,Advantest Corp.,PNK,JPY,Japan,Technology,Semiconductor Equipment & Materials,,721952949.0,723539350.0,1.0021973744995396,148036452352.0,1.182,1.008611141906104,0.7178500144198801,0.548086883910115,0.64824,0.00279,none
CB,Chubb Limited,NYQ,USD,Switzerland,Financial Services,Insurance - Property & Casualty,,385799859.0,349878034.0,0.9068899996668999,129574739968.0,0.382,-0.3446283694662535,0.13780929295042232,0.3830999674691341,0.8382,0.094519995,buy
SMERY,Siemens Energy AG,OQX,EUR,Germany,Industrials,Specialty Industrial Machinery,,4254242835.0,3887151158.0,0.9137116306620048,142687305728.0,1.868,2.352158572071738,1.746650513478338,1.3963701351343045,0.0005,0.0,none
BNPQF,BNP Paribas,OQX,EUR,France,Financial Services,Banks - Regional,,1096000000.0,971183539.0,0.8861163677007299,122861600768.0,1.035,0.8777402422910998,0.5729236391591533,0.6002343064314212,0.48253,0.11287,none
BNPQY,BNP Paribas,OQX,EUR,France,Financial Services,Banks - Regional,,2192000000.0,1942367078.0,0.8861163677007299,127662080000.0,1.035,1.1014208735102244,0.8288041257809773,0.9265068874277406,0.00027000002,0.0,buy
BKNG,Booking Holdings Inc. Common St,NMS,USD,United States,Consumer Cyclical,Travel Services,,751380500.0,748953541.0,0.9967700000199633,121223970816.0,1.068,0.8548796182795247,0.9968870411791271,1.0843518334505189,0.98458,0.00177,buy
IVSXF,Investors AB,PNK,SEK,Sweden,Financial Services,Asset Management,,1246763376.0,2441510949.0,1.958279330303331,128055549952.0,0.78,0.15634456725197707,0.08625664465774094,0.1530092113079586,0.23622999,0.4944,none
CFRHF,Compagnie Financiere Richemont ,PNK,EUR,Switzerland,Consumer Cyclical,Luxury Goods,,534182089.0,534583645.0,1.0007517211982,118593437696.0,1.072,0.8413460408377647,0.6543184611691816,0.7092789284704515,0.52944,0.0058399998,none
PGR,Progressive Corporation (The),NYQ,USD,United States,Financial Services,Insurance - Property & Casualty,,580400000.0,579110234.0,0.9977777980702963,119890329600.0,0.259,-0.4860612011232626,0.11624473540852069,0.32802798026589164,0.89868,0.00243,hold
FTNT,"Fortinet, Inc.",NMS,USD,United States,Technology,Software - Infrastructure,,733713653.0,618909478.0,0.8435300003883123,127922978816.0,1.059,0.9430970657210666,1.0387188920090937,1.3277172518243325,0.71552,0.17361,hold
COF,Capital One Financial Corporati,NYQ,USD,United States,Financial Services,Credit Services,,613484836.0,604902183.0,0.9860099997646885,123466899456.0,1.016,1.3097990413688652,1.3616787536510195,1.3506596756365241,0.89217,0.01228,buy
IVSBF,Investors AB,PNK,SEK,Sweden,Financial Services,Asset Management,,1816766725.0,2441510949.0,1.3438769630702037,126952677376.0,0.78,0.6638791021099988,0.4289239157303266,0.42937489073993135,0.46351,0.00252,none
GLW,Corning Incorporated,NYQ,USD,United States,Technology,Electronic Components,,861388331.0,790573596.0,0.9177899996418688,137163177984.0,1.151,2.7835018842286967,1.5024420212082037,1.2271075713478912,0.749,0.08067001,strong_buy
LMT,Lockheed Martin Corporation,NYQ,USD,United States,Industrials,Aerospace & Defense,,230790753.0,197395331.0,0.8552999998227832,119665008640.0,0.104,0.04573380253527225,0.12286201010465779,0.21482982407371098,0.7666,0.0011100001,buy
CFRUY,Compagnie Financiere Richemont ,PNK,EUR,Switzerland,Consumer Cyclical,Luxury Goods,,5341820890.0,5345836450.0,1.0007517211982,121174499328.0,1.072,1.2304825435226727,0.9880675929982096,1.08049006444754,0.0018600001,0.0,buy
BMO,Bank Of Montreal,NYQ,CAD,Canada,Financial Services,Banks - Diversified,,695092237.0,696323765.0,1.0017717475961396,120751423488.0,1.128,0.9249347146974317,0.7542228975106036,0.7908015031770289,0.54796004,0.00034000003,hold
SPGI,S&P Global Inc.,NYQ,USD,United States,Financial Services,Financial Data & Stock Exchanges,,294800000.0,294086584.0,0.99758,119097720832.0,1.077,0.35601098671129444,0.7148182024321664,0.8705590125848031,0.90810996,0.00107,strong_buy
KYCCF,Keyence Corp.,PNK,JPY,Japan,Technology,Scientific & Technical Instruments,,242525136.0,187200263.0,0.7718798392922044,123687821312.0,1.003,1.5616650248845618,1.0027429677115618,0.8868874158561465,0.37409002,0.22763,none
SNOW,Snowflake Inc.,NYQ,USD,United States,Technology,Software - Application,,352800000.0,345567975.0,0.97950106292517,120093114368.0,1.328,1.3737032600777053,1.55208051541994,1.8098131206890113,0.81004995,0.02898,strong_buy
ITOCY,Itochu Corp.,PNK,JPY,Japan,Industrials,Conglomerates,,6989912686.0,6417035469.0,0.9180422928390211,104604041216.0,0.557,0.9584665579674538,0.8999543148188359,0.716951228294931,0.00042,0.0,none
ACN,Accenture plc,NYQ,USD,Ireland,Technology,Information Technology Services,,611942109.0,610969121.0,0.9984099999237019,112444358656.0,1.092,0.3161129197322516,0.6584842826904238,0.9417566967044864,0.82498,0.00035999998,buy
PH,Parker-Hannifin Corporation,NYQ,USD,United States,Industrials,Specialty Industrial Machinery,,126112415.0,125676889.0,0.9965465255740286,121059246080.0,1.123,0.8321669192672196,1.2548090607918985,1.1746801842986465,0.90442,0.00182,buy
NET,"Cloudflare, Inc.",NYQ,USD,United States,Technology,Software - Infrastructure,,322618775.0,320453940.0,0.9932898046618645,126490370048.0,1.664,1.61782311961596,1.737809351292713,2.2352097490881113,0.90186,0.0061500003,buy
HDB,HDFC Bank Limited,NYQ,INR,India,Financial Services,Banks - Regional,,5138859944.0,25562619995.0,4.974375692967903,120562794496.0,0.404,0.8244014493012021,0.5048393684328225,0.6515119876936565,0.13569,0.00027000002,buy
BNS,Bank Nova Scotia Halifax Pfd 3,NYQ,CAD,Canada,Financial Services,Banks - Diversified,,1218830000.0,1204167475.0,0.9879699999179541,115008798720.0,1.209,0.6673872150550048,0.5680459518747006,0.6594774265592924,0.51046,0.00021,hold
MSBHF,Mitsubishi Corp.,PNK,JPY,Japan,Industrials,Conglomerates,,3661498671.0,3659873853.0,0.999556242362487,115337207808.0,0.512,0.3157188517239885,0.6069087813393654,0.4374819322505345,0.34368,0.12247,none
SPOT,Spotify Technology S.A.,NYQ,EUR,Sweden,Communication Services,Internet Content & Information,,205584205.0,157076612.0,0.7640500008256957,103741898752.0,1.586,0.37252463585049267,0.9462730542334383,1.337282104152157,0.68829,0.23457001,buy
ITOCF,Itochu Corp.,PNK,JPY,Japan,Industrials,Conglomerates,,6989912686.0,6417035469.0,0.9180422928390211,101353734144.0,0.557,0.8428832461801765,0.8133240726669033,0.5069631840511871,0.42948002,0.092480004,none
OVCHF,"Overseas Chinese Banking Corp.,",PNK,SGD,Singapore,Financial Services,Banks - Regional,,4495434082.0,3192704300.0,0.7102104583812692,112138608640.0,0.21,0.16546849069548256,0.11574271424411717,0.07179853309550792,0.18507999,0.28972,none
PDD,PDD Holdings Inc.,NMS,CNY,Ireland,Consumer Cyclical,Internet Retail,,1423396462.0,753947663.0,0.5296821252039897,113772077056.0,-0.013,0.9834251760089648,0.7788842195392207,1.2254151450213882,0.31395,0.00708,buy
SBUX,Starbucks Corporation,NMS,USD,United States,Consumer Cyclical,Restaurants,,1140000000.0,1137606000.0,0.9979,108288598016.0,0.965,0.5630408467003766,0.8861774411516379,0.9639661964713445,0.87099,0.00127,buy
OVCHY,"Overseas Chinese Banking Corp.,",PNK,SGD,Singapore,Financial Services,Banks - Regional,,2247717041.0,1596352150.0,0.7102104583812692,114184028160.0,0.21,0.31291586364521495,0.2518768053007084,0.3639338124008622,0.00017000001,0.0,none
APP,Applovin Corporation,NMS,USD,United States,Communication Services,Advertising Agencies,,305732000.0,253431202.0,0.8289325356848481,109126590464.0,2.488,2.143736685965534,2.3183268899456015,2.2408594856181265,0.76068,0.14314,buy
HNHPF,Hon Hai Precision Industry Co. ,PNK,TWD,Taiwan,Technology,Electronic Components,,7005836347.0,6024872356.0,0.8599790314228418,112653844480.0,0.871,1.7485166342391925,1.2882478235629167,0.8115092292421036,0.00046,0.0,none
LOW,"Lowe's Companies, Inc.",NYQ,USD,United States,Consumer Cyclical,Home Improvement Retail,,561054019.0,559797258.0,0.9977600000045629,109624344576.0,0.846,0.6307894684352493,0.7193776156165168,0.8547755431263565,0.81347,0.0010899999,buy
ADP,"Automatic Data Processing, Inc.",NMS,USD,United States,Technology,Software - Application,,397262737.0,396313279.0,0.997609999852566,106696826880.0,0.83,-0.016701633438745412,0.43275463948855464,0.6899393736250393,0.91501,0.0016699999,hold
ZURVY,Zurich Insurance Group Ltd,OQX,USD,Switzerland,Financial Services,Insurance - Diversified,,2987385380.0,2939062919.0,0.9838244970590303,107038023680.0,0.314,0.44610709369814283,0.3494194999709572,0.4177509683433377,0.00039,0.0,hold
CIXPF,CAIXABANK SA,PNK,EUR,Spain,Financial Services,Banks - Regional,,6946095168.0,3490973512.0,0.5025807201839939,107247706112.0,0.114,0.1919276523804946,0.03530247874616421,0.029546326406172156,0.24943,0.49363,none
ZFSVF,Zurich Insurance Group Ltd,OQX,USD,Switzerland,Financial Services,Insurance - Diversified,,149369269.0,146953146.0,0.9838244973937711,108997738496.0,0.314,0.38286166386655296,0.2654293078511119,0.26916015737087784,0.44167998,0.0018600001,none
CAIXY,Caixabank SA,PNK,EUR,Spain,Financial Services,Banks - Regional,,20859144649.0,10483403941.0,0.5025807202263484,102626992128.0,0.114,0.967384192605913,0.6827730424497694,0.7600105090071504,2.0000001e-05,0.0,none
MTSUY,Mitsubishi Corp.,PNK,JPY,Japan,Industrials,Conglomerates,,3661498671.0,3659873853.0,0.999556242362487,116948271104.0,0.512,0.7310906895545638,0.6960296269046803,,5e-05,0.0,none
AXAHF,AXA,OQX,EUR,France,Financial Services,Insurance - Diversified,,2090961093.0,1592207338.0,0.7614715277727073,106889928704.0,0.581,0.4311334042880674,0.4376620542781631,0.5176772098293336,0.40248,0.20605,none
BNY,The Bank of New York Mellon Cor,NYQ,USD,United States,Financial Services,Banks - Diversified,,678504142.0,676794312.0,0.9974800006453018,102616965120.0,1.048,0.7588218157204869,0.8330913888768454,0.9043536563771652,0.87213,0.00236,buy
AXAHY,AXA,OQX,EUR,France,Financial Services,Insurance - Diversified,,2090961093.0,1592207338.0,0.7614715277727073,104945336320.0,0.581,0.5476704769559758,0.577386259724422,0.6969224701427826,0.00061,0.0,strong_buy
CM,Canadian Imperial Bank of Comme,NYQ,CAD,Canada,Financial Services,Banks - Diversified,,907935437.0,906918549.0,0.9988799996579493,104122032128.0,1.254,0.7627724774868047,0.636195015011351,0.7077038051919272,0.53378,0.00018999999,buy
INGVF,ING Groep N.V.,PNK,EUR,Netherlands,Financial Services,Banks - Diversified,,2849023734.0,2868298382.0,1.0067653518536817,105072001024.0,0.9,0.2559504482984204,0.4112688312216775,0.5249286233213845,0.53774,0.00717,none
ING,"ING Group, N.V.",NYQ,EUR,Netherlands,Financial Services,Banks - Diversified,,2849023734.0,2868298382.0,1.0067653518536817,103277109248.0,0.9,1.28310012576482,0.8760338868987682,0.9620513117277362,0.0473,0.00014999999,hold
IBN,ICICI Bank Limited,NYQ,INR,India,Financial Services,Banks - Regional,,3588883694.0,3572175510.0,0.9953444621156341,100757913600.0,0.26,0.5984063759394831,0.4573216903755686,0.6377516731071038,0.16034001,0.0022,strong_buy
BYDDY,"BYD Co., Ltd.",PNK,CNY,China,Consumer Cyclical,Auto Manufacturers,,3683400000.0,6076537428.0,1.6497088092523213,94271823872.0,0.327,1.0236149511479435,0.7188135207987262,0.884855119983309,0.0014399999,0.0,none
ABNB,"Airbnb, Inc.",NMS,USD,United States,Consumer Cyclical,Travel Services,,419529556.0,405782346.0,0.9672318438513067,97546674176.0,1.161,1.0833107954199357,1.3271667868785633,1.5496939875832485,0.89355004,0.01941,buy
AAGIY,"AIA Group, Ltd.",PNK,USD,Hong Kong,Financial Services,Insurance - Life,,2575785043.0,2574497150.0,0.9994999998142314,100996521984.0,0.648,0.8921175693914004,0.5682534936830324,0.5098426067038692,0.00248,0.0,none
BYDDF,"BYD Co., Ltd.",PNK,CNY,China,Consumer Cyclical,Auto Manufacturers,,3683400000.0,6076537428.0,1.6497088092523213,94818844672.0,0.327,0.9288535401790753,0.6668658103217421,0.8544704684454734,0.41155997,0.00122,buy
ADBE,Adobe Inc.,NMS,USD,United States,Technology,Software - Application,,397500000.0,393858450.0,0.9908388679245284,95260917760.0,1.417,0.39245391584649897,0.8862574308947865,1.2212083542699206,0.87154996,0.00224,hold
TKOMY,"Tokio Marine Holdings, Inc.",PNK,JPY,Japan,Financial Services,Insurance - Property & Casualty,,1899768809.0,,,99737862144.0,,0.8869709809036119,0.8530914750075026,0.6063726026993045,0.00028,0.0,none
CME,CME Group Inc.,NMS,USD,United States,Financial Services,Financial Data & Stock Exchanges,,359576125.0,354645836.0,0.9862886085665449,97016283136.0,0.275,-0.30575526311556706,-0.09940849876652476,0.22899064642672307,0.91845,0.00442,hold
AAIGF,"AIA Group, Ltd.",PNK,USD,Hong Kong,Financial Services,Insurance - Life,,10303140172.0,10297988602.0,0.9995000000083469,98188918784.0,0.648,0.6988579929980869,0.23217764646531203,0.26503089646537903,0.55196,0.00044,none
NTTYY,NTT Inc.,PNK,JPY,Japan,Communication Services,Telecom Services,,3241117599.0,1983698266.0,0.6120414349087615,91269873664.0,-0.165,0.24362380210359066,0.15297919563416035,0.2058022146952473,7e-05,0.0,none
BCMXY,Bank of Communications Co. Ltd.,PNK,CNY,China,Financial Services,Banks - Diversified,,2134076864.0,1165801078.0,0.5462788607411658,85005959168.0,0.123,-0.2735637348633864,0.1214911396688949,0.0735948196947738,,,none
MGCLY,Midea Group Co Ltd.,PNK,CNY,China,Consumer Cyclical,"Furnishings, Fixtures & Appliances",,650848500.0,5545610013.0,8.520585071641095,93460381696.0,0.475,0.30390711976824336,,,0.0,0.0,none
GD,General Dynamics Corporation,NYQ,USD,United States,Industrials,Aerospace & Defense,,270557195.0,254443667.0,0.9404431732077944,92770000896.0,0.321,0.4147311380938987,0.4948298262780313,0.5397470936683223,0.87619,0.00558,buy
ATLFF,ATLAS COPCO AB,PNK,SEK,Sweden,Industrials,Specialty Industrial Machinery,,1560876032.0,3947466562.0,2.529007096701963,88424996864.0,1.072,0.22027482630582343,0.042438673501920696,0.031108209866342936,0.54662,0.00016000001,none
ITUB,Itau Unibanco Banco Holding SA,NYQ,BRL,Brazil,Financial Services,Banks - Regional,,5404129565.0,5850079289.0,1.0825201762163894,91867308032.0,0.144,1.1300518282134333,0.7318893026009253,0.6563976801691244,0.23774,2.0000001e-05,buy
ATLPF,Atlas Copco AB,PNK,SEK,Sweden,Industrials,Specialty Industrial Machinery,,3317744716.0,3947466562.0,1.1898041892624025,98401779712.0,1.072,0.37392221924852226,0.30528957052129074,0.3954767903212349,0.69858,0.00029,none
HOOD,"Robinhood Markets, Inc.",NMS,USD,United States,Financial Services,Capital Markets,,790630234.0,783765981.0,0.9913179983451025,111821201408.0,2.34,3.2122454720735734,2.6862847210249945,2.2347412144889685,0.79464996,0.0095999995,buy
TKOMF,"Tokio Marine Holdings, Inc.",PNK,JPY,Japan,Financial Services,Insurance - Property & Casualty,,1899768809.0,,,97591123968.0,,1.0710193743504708,0.5326814910857794,0.24613855985324,0.48383,0.02974,none
MELI,"MercadoLibre, Inc.",NMS,USD,Uruguay,Consumer Cyclical,Internet Retail,,50696802.0,50585269.0,0.9977999992977861,92223053824.0,1.312,1.1017875436672164,0.9730824677436256,1.6069459923320581,0.80258006,0.06962,buy
PWR,"Quanta Services, Inc.",NYQ,USD,United States,Industrials,Engineering & Construction,,150343393.0,148973765.0,0.9908900020634761,96863248384.0,1.2,1.6311057007623062,1.4325507839732556,1.2188240928738268,0.94082,0.0066799996,buy
USB,U.S. Bancorp,NYQ,USD,United States,Financial Services,Banks - Regional,,1558051446.0,1553330550.0,0.9969699999238665,92369084416.0,0.971,0.7155354017022724,1.0192036957423303,0.9689216961338921,0.84492,0.00124,buy
TT,Trane Technologies plc,NYQ,USD,Ireland,Industrials,Building Products & Equipment,,220023177.0,219418113.0,0.9972499988035352,96502169600.0,1.197,1.0729408163933154,1.0499259120033226,1.0127184380474725,0.90827006,0.00266,buy
PNC,"PNC Financial Services Group, I",NYQ,USD,United States,Financial Services,Banks - Regional,,398943667.0,396071273.0,0.9928000010086637,90847453184.0,0.889,0.5738720724944508,0.8772942613827858,0.9435192032300316,0.85599,0.00303,buy
VRT,"Vertiv Holdings, LLC",NYQ,USD,United States,Industrials,Electrical Equipment & Parts,,384988173.0,383848608.0,0.9970399999794279,97502830592.0,2.075,2.722716211104685,2.488218637416279,2.1603710805196967,0.84552,0.00238,strong_buy
ATLKY,Atlas Copco AB,PNK,SEK,Sweden,Industrials,Specialty Industrial Machinery,,3317744716.0,3947466562.0,1.1898041892624025,103670685696.0,1.072,1.6428560713395643,1.2376915462797522,1.2799137958150033,0.00065,0.0,none
ATLCY,Atlas Copco AB,PNK,SEK,Sweden,Industrials,Specialty Industrial Machinery,,1560876032.0,3947466562.0,2.529007096701963,90303266816.0,1.072,1.5979612846675963,1.1424954511370662,1.2310456030653507,0.0004,0.0,none
MITSY,"Mitsui & Co., Ltd.",PNK,JPY,Japan,Industrials,Conglomerates,,142107056.0,141650321.0,0.9967859794379246,94481293312.0,0.445,0.7866559608886101,0.8787574877801564,0.675374764743943,0.00043000001,0.0,none
HWM,Howmet Aerospace Inc.,NYQ,USD,United States,Industrials,Aerospace & Defense,,398801399.0,395216174.0,0.9910099989393467,90141081600.0,1.186,1.0778050803026733,1.201433867630738,1.1288432603933076,0.93307996,0.00874,strong_buy
RACE,Ferrari N.V.,NYQ,EUR,Italy,Consumer Cyclical,Auto Manufacturers,,175556024.0,173546934.0,0.9885558469927526,72476549120.0,0.6,0.9597269384153029,0.8562966504697038,0.973662617862901,0.45846,0.32278,strong_buy
NPPXF,NTT Inc.,PNK,JPY,Japan,Communication Services,Telecom Services,,81027939965.0,49592456652.0,0.612041435008979,85079334912.0,-0.165,-0.030687135654582063,0.19145285166499443,0.24820343546953358,0.1503,0.35199,none
MITSF,"Mitsui & Co., Ltd.",PNK,JPY,Japan,Industrials,Conglomerates,,2842141126.0,2833006426.0,0.9967859794447097,91943264256.0,0.445,0.38155738740754175,0.4450497452398627,0.3188170521228681,0.35683998,0.13899,none
MRAAF,Murata Manufacturing Inc.,PNK,JPY,Japan,Technology,Electronic Components,,1812672882.0,1817067366.0,1.002424311658015,91739373568.0,1.202,1.3954972214982608,-0.009461036314064078,0.27118840996286014,0.49164,0.01824,none
CSX,CSX Corporation,NMS,USD,United States,Industrials,Railroads,,1852474917.0,1848606378.0,0.9979116915621913,85667700736.0,1.207,0.43620139779580797,0.650070155182255,0.759253484463453,0.81555,0.00223,buy
MRAAY,Murata Manufacturing Inc.,PNK,JPY,Japan,Technology,Electronic Components,,3625345764.0,3634134732.0,1.002424311658015,92881362944.0,1.202,2.5533662759091302,1.3672034424619877,1.082450061951113,0.00039,0.0,none
MAR,Marriott International,NMS,USD,United States,Consumer Cyclical,Lodging,,260766288.0,225304680.0,0.8640099981022087,90038689792.0,1.104,0.6438083875309818,0.9913405416776511,1.0504418861637588,0.63591,0.18083,buy
KKR,KKR & Co. Inc.,NYQ,USD,United States,Financial Services,Asset Management,,897635601.0,690577997.0,0.7693300000920975,92165005312.0,1.791,1.4758753573011985,1.7486401036292574,1.6836594843331014,0.62389,0.23047,buy
ICE,Intercontinental Exchange Inc.,NYQ,USD,United States,Financial Services,Financial Data & Stock Exchanges,,561394487.0,557537707.0,0.9931300002238889,85893357568.0,0.934,0.2669851946995815,0.45463203026410837,0.6432418564169599,0.96656996,0.00813,strong_buy
XIACY,Xiaomi Corp.,PNK,CNY,China,Technology,Consumer Electronics,,4259154932.0,3436664799.0,0.8068888908406584,88648392704.0,0.716,0.9895823755581525,0.8193505657826812,,0.00032000002,0.0,none
WM,"Waste Management, Inc.",NYQ,USD,United States,Industrials,Waste Management,,399715184.0,398528030.0,0.9970300002413719,82956886016.0,0.431,-0.37967407694973004,0.11930306394536293,0.3074213522203826,0.85866,0.0025499999,buy
DASH,"DoorDash, Inc.",NMS,USD,United States,Consumer Cyclical,Internet Retail,,409082893.0,382197098.0,0.934277879960138,83897319424.0,1.788,1.3780734788714248,1.3822695927366475,1.753200792528273,0.958,0.0059100003,buy
JCI,Johnson Controls International ,NYQ,USD,Ireland,Industrials,Building Products & Equipment,,605741470.0,603803097.0,0.9967999995113427,88002117632.0,1.304,1.0434322617750993,1.1448393939902297,1.0713248781824838,0.92208,0.0017200001,buy
INTU,Intuit Inc.,NMS,USD,United States,Technology,Software - Application,,267236000.0,260873111.0,0.9761900005987217,77577887744.0,0.976,0.3159552404799223,0.8914610278417411,1.294411140540567,0.93524003,0.024130002,buy
BCLYF,Barclays Plc,PNK,GBP,United Kingdom,Financial Services,Banks - Diversified,,13378956051.0,12719245770.0,0.9506904515953851,86428057600.0,0.873,0.8792668367477794,0.7041619877830021,0.6254891890541742,0.47180998,0.00266,none
BCS,Barclays PLC,NYQ,GBP,United Kingdom,Financial Services,Banks - Diversified,,3344739013.0,3179811443.0,0.9506904516738149,83183665152.0,0.873,1.5403612121548729,1.2084025753280676,1.1014152964421575,0.09066,5e-05,buy
LYG,Lloyds Banking Group Plc,NYQ,GBP,United Kingdom,Financial Services,Banks - Regional,,14442770500.0,13658763567.0,0.9457163060923802,83336232960.0,0.906,1.3672234167866528,0.9466807944273616,0.9849262952574568,0.04144,0.0,buy
NABZY,National Australia Bank Ltd. (V,PNK,AUD,Australia,Financial Services,Banks - Diversified,,6122670000.0,6120955652.0,0.999719999934669,84247945216.0,0.712,1.0758738835573458,1.0504368504128407,0.9254819104727463,7e-05,0.0,none
PROSF,Prosus NV,PNK,USD,Netherlands,Consumer Cyclical,Internet Retail,,2090903620.0,2659718436.0,1.2720425803270645,87803183104.0,0.783,0.27157632166577667,0.18327543928642698,0.3390775974010656,0.69387,0.00852,none
MRSH,Marsh,NYQ,USD,United States,Financial Services,Insurance Brokers,,477211268.0,476271162.0,0.9980300004148267,80763518976.0,0.577,-0.27374819978871806,0.21521479242015637,0.5440981145639441,0.94158,0.00079,hold
CMCSA,Comcast Corporation,NMS,USD,United States,Communication Services,Telecom Services,,3539192198.0,3511198457.0,0.9920903586372565,80145956864.0,0.662,0.13908777050638155,0.5231078937457878,0.661065232043173,0.91577005,0.0074,hold
UPS,"United Parcel Service, Inc.",NYQ,USD,United States,Industrials,Integrated Freight & Logistics,,749349405.0,748466589.0,0.9988218900367313,81402863616.0,1.038,0.7678549247591636,0.7679468269318903,0.8514995052424081,0.73372,0.00017000001,buy
MMM,3M Company,NYQ,USD,United States,Industrials,Conglomerates,,515722417.0,514856003.0,0.9983199993418165,86435086336.0,1.074,0.7397658075530589,0.9268878012711977,0.8444656908225097,0.76694,0.00096000003,buy
PROSY,Prosus NV,PNK,USD,Netherlands,Consumer Cyclical,Internet Retail,,10454518100.0,13298592178.0,1.2720425801357598,90069024768.0,0.783,1.2679906357075053,0.9030491031243709,1.052785237039591,0.00046,0.0,none
WBKCY,Westpac Banking Corp. Ltd.,PNK,AUD,Australia,Financial Services,Banks - Diversified,,6829814694.0,6822643389.0,0.9989500000627689,87080140800.0,0.723,,,,,,none
CHDRF,Christian Dior S.E.,PNK,EUR,France,Consumer Cyclical,Luxury Goods,,180410580.0,3415172.0,0.01892999845131034,77215727616.0,0.85,0.189824741324,0.3232781030082204,0.32382926977453313,0.0044400003,0.97502,none
XIACF,Xiaomi Corp.,PNK,CNY,China,Technology,Consumer Electronics,,21295774659.0,17183323993.0,0.8068888907846327,89265790976.0,0.716,0.924005436240332,0.8033475262004743,0.7209911779261188,0.27019,0.20487,none
DDOG,"Datadog, Inc.",NMS,USD,United States,Technology,Software - Application,,334904614.0,333009768.0,0.994342132294421,88770527232.0,1.488,1.1882442753588143,1.3454953106947758,1.7254642793522363,0.92792,0.00583,strong_buy
BN,Brookfield Corporation,NYQ,USD,Canada,Financial Services,Asset Management,,2232266331.0,1733376255.0,0.7765096086108553,85376278528.0,1.818,1.4395975459158787,1.4962726340776038,1.3940231814964994,0.59416,0.17641,buy
LITE,Lumentum Holdings Inc.,NMS,USD,United States,Technology,Communication Equipment,,89700000.0,89061336.0,0.99288,85485715456.0,1.541,2.836828119808632,2.4687711630221667,1.7808171599896243,0.94257003,0.00598,strong_buy
MHVYF,Mitsubishi Heavy Industries Ltd,PNK,JPY,Japan,Industrials,Specialty Industrial Machinery,,3360209340.0,3320804366.0,0.9882730597969233,82829164544.0,0.367,1.014056161607474,0.7209922781050842,0.3588491086512724,0.44466,0.026970001,none
IFNNF,Infineon Technologies AG,OQX,EUR,Germany,Technology,Semiconductors,,1299499659.0,1304000000.0,1.003463133652119,87066476544.0,1.933,2.0098662695774934,1.1456837684004735,1.1393838314918905,0.58544,4.0000003e-05,none
ASX,"ASE Technology Holding Co., Ltd",NYQ,TWD,Taiwan,Technology,Semiconductors,,2603665389.0,1630245788.0,0.6261349076910896,116019331072.0,1.575,2.4430118931842655,1.7499487366301978,1.5349282751220419,0.073460005,1.0000001e-05,none
BAESF,BAE Systems PLC,PNK,GBP,United Kingdom,Industrials,Aerospace & Defense,,2927231189.0,2863163660.0,0.9781132664749016,81816117248.0,-0.057,0.42732288237337135,0.34801710487260323,0.2253708382043709,0.71967006,0.00448,none
IFNNY,Infineon Technologies AG,OQX,EUR,Germany,Technology,Semiconductors,,1299499659.0,1304000000.0,1.003463133652119,89561513984.0,1.933,2.6727268220719664,1.6998344192599821,1.618870596781464,0.0060900003,0.0,buy
EMR,Emerson Electric Company,NYQ,USD,United States,Industrials,Specialty Industrial Machinery,,557800000.0,555602268.0,0.99606,85530263552.0,1.233,1.560534965978229,1.3097845793147307,1.085500129856064,0.84076,0.00253,buy
LLDTF,Lloyds Banking Group plc,PNK,GBP,United Kingdom,Financial Services,Banks - Regional,,57771082001.0,54635054270.0,0.9457163061106296,89545170944.0,0.906,0.8602124022301494,0.1596587537243409,0.2424357300126951,0.51632,0.00052,none
MCO,Moody's Corporation,NYQ,USD,United States,Financial Services,Financial Data & Stock Exchanges,,173180984.0,158522946.0,0.9153600028049269,81261715456.0,1.334,0.5498581065953594,0.9350765223839581,1.0556969570201216,0.78912,0.14384,buy
ARZGY,Assicurazioni Generali Spa,PNK,EUR,Italy,Financial Services,Insurance - Diversified,,3014287296.0,1750530222.0,0.5807443186729339,76110757888.0,0.657,0.5945769075802522,0.46829010975509644,0.6084069565944826,7e-05,0.0,underperform
WEBNF,Westpac Banking Corp. Ltd.,PNK,AUD,Australia,Financial Services,Banks - Diversified,,3414907347.0,3411321694.0,0.998949999916352,80182026240.0,0.723,0.8316736244241799,0.7014962272101,0.6280080061515885,0.34625,0.00092,none
MHVIY,Mitsubishi Heavy Industries Ltd,PNK,JPY,Japan,Industrials,Specialty Industrial Machinery,,6720418680.0,6641608732.0,0.9882730597969233,84542865408.0,0.367,1.0141196779426862,1.2024950225903168,,0.00016000001,0.0,none
CTAS,Cintas Corporation,NMS,USD,United States,Industrials,Specialty Business Services,,400169561.0,342245017.0,0.855249999886923,78517272576.0,0.913,0.1834649411511461,0.6028714688611948,0.7886240077725327,0.69746,0.1446,buy
ANZGY,ANZ GROUP HLDGS LTD,PNK,AUD,Australia,Financial Services,Banks - Diversified,,3011030332.0,3009825920.0,0.9996000000441045,82201124864.0,0.569,0.8930071186256046,0.8893041950683975,0.8295484490940558,7e-05,0.0,none
BE,Bloom Energy Corporation,NYQ,USD,United States,Industrials,Electrical Equipment & Parts,,294527346.0,289296540.0,0.9822399988624486,81572298752.0,3.811,4.226686401016849,2.3667867861667506,2.2012320259499503,0.86083,0.05535,buy
BAESY,BAE Systems PLC,PNK,GBP,United Kingdom,Industrials,Aerospace & Defense,,731807797.0,715790915.0,0.9781132668090444,77900939264.0,-0.057,0.5778241743178398,0.44283071673974245,0.3526336264805428,0.01859,0.0,buy
TRV,"The Travelers Companies, Inc.",NYQ,USD,United States,Financial Services,Insurance - Property & Casualty,,208575022.0,207363201.0,0.9941899994142156,75507294208.0,0.451,-0.0983302500570423,0.3315579890448133,0.41814576755194155,0.91196,0.0028400002,hold
ARZGF,Assicurazioni Generali Spa,PNK,EUR,Italy,Financial Services,Insurance - Diversified,,1507143648.0,875265111.0,0.5807443186729339,52765097984.0,0.657,-0.0062363602136432765,0.05288924716118952,0.06371026861856037,0.40379003,0.2527,none
CHDRY,Christian Dior S.E.,PNK,EUR,France,Consumer Cyclical,Luxury Goods,,721642320.0,13660689.0,0.018929999837038382,77518815232.0,0.85,0.7547597726495936,0.7980881730151578,0.6662019279982704,0.0,0.0,none
SOBKY,Softbank Corp.,PNK,JPY,Japan,Communication Services,Telecom Services,,4783371978.0,2845736210.0,0.5949226242676291,75529437184.0,0.083,0.24676313753747864,0.24938364448019978,0.27029478341721064,4.0000003e-05,0.0,none
CDNS,"Cadence Design Systems, Inc.",NMS,USD,United States,Technology,Software - Application,,275393000.0,274164747.0,0.9955399992011417,83196223488.0,1.137,1.6613668250061835,1.5499114865911532,1.4516963871959105,0.91613,0.00327,strong_buy
CP,Canadian Pacific Kansas City Li,NYQ,CAD,Canada,Industrials,Railroads,,879079224.0,832391326.0,0.9468899995297807,77073276928.0,1.22,0.49995066846405356,0.6940379637078649,0.7707747287580634,0.76199996,0.00044,buy
MSI,"Motorola Solutions, Inc.",NYQ,USD,United States,Technology,Communication Equipment,,165493788.0,164724242.0,0.9953500006900561,75572740096.0,0.881,0.1474465856501577,0.5001208679164969,0.713098167423452,0.91713995,0.0039500003,buy
ITW,Illinois Tool Works Inc.,NYQ,USD,United States,Industrials,Specialty Industrial Machinery,,284800000.0,257732608.0,0.90496,76417540096.0,0.997,0.4936304902196587,0.686549000566598,0.7920569014430513,0.86810994,0.0037200002,hold
NTES,"NetEase, Inc.",NMS,CNY,China,Communication Services,Electronic Gaming & Multimedia,,640250196.0,1751553675.0,2.73573313361391,75747999744.0,0.79,0.5914576312229513,0.5682790169411697,0.738123365129423,0.1003,0.013839999,strong_buy
NOC,Northrop Grumman Corporation,NYQ,USD,United States,Industrials,Aerospace & Defense,,142063026.0,141607004.0,0.9967900022064855,72290590720.0,-0.11,0.08361028475695419,0.061338899337603996,0.2016114299848094,0.84486,0.00266,buy
HPE,Hewlett Packard Enterprise Comp,NYQ,USD,United States,Technology,Communication Equipment,,1327464779.0,1321411540.0,0.9954400002954805,81320493056.0,1.442,2.0591502578769876,1.6543335202370482,1.3164670449242988,0.91296995,0.0037599998,buy
MURGY,Muenchener Rueckver Ges,PNK,EUR,Germany,Financial Services,Insurance - Reinsurance,,6290723350.0,6290345907.0,0.9999400000637446,72028782592.0,0.325,0.3626666338656131,0.37687146592395826,0.5402148900626254,0.00149,0.0,buy
JPPTY,JAPAN POST BK CO LTD,PNK,JPY,Japan,Financial Services,Banks - Regional,,3561985721.0,1777680214.0,0.4990700000619121,74801700864.0,0.439,0.7205550030876551,0.17040415854543584,0.037574893622642505,0.0,0.0,none
AMXOF,AMERICA MOVIL SAB DE CV,PNK,MXN,Mexico,Communication Services,Telecom Services,,59818200000.0,18779642695.0,0.31394529917316133,66308476928.0,0.245,0.06887748888990194,0.3288126373198666,0.23915511571545073,0.08087,0.71428,none
BAM,Brookfield Asset Management Inc,NYQ,USD,United States,Financial Services,Asset Management,,1597230353.0,324385834.0,0.20309270568939658,74144415744.0,1.26,1.425758442585783,1.3536830608637123,1.3028278503301962,0.90109,0.03568,buy
GM,General Motors Company,NYQ,USD,United States,Consumer Cyclical,Auto Manufacturers,,904451541.0,874819186.0,0.9672372109983502,75625709568.0,1.321,1.096887943318605,0.9691068896926032,1.174011823490661,0.90194,0.0017200001,buy
MURGF,Muenchener Rueckver Ges,PNK,EUR,Germany,Financial Services,Insurance - Reinsurance,,125814467.0,125806918.0,0.9999399989509951,72399937536.0,0.325,0.40174860411010965,0.4134560695922246,0.43385552402161304,0.4898,0.0,none
NWG,NatWest Group plc,NYQ,GBP,United Kingdom,Financial Services,Banks - Regional,,3967427319.0,3959642295.0,0.9980377651878543,73516433408.0,0.809,1.2998921735091418,1.0442052286893075,0.9849896684482367,0.05016,0.0,buy
SFBQF,Softbank Group Corp,PNK,JPY,Japan,Communication Services,Telecom Services,,47833719783.0,28457362103.0,0.5949226242930344,73185591296.0,0.083,0.3154475073975465,0.03569275686607855,0.11593498132248574,0.22679001,0.3985,none
APO,"Apollo Global Management, Inc. ",NYQ,USD,United States,Financial Services,Asset Management,,590543159.0,465046832.0,0.7874899995243193,74804101120.0,1.514,1.1952277416459929,1.5335067248470082,1.4734708550889315,0.68004996,0.26332,buy
RBSPF,NatWest Group plc,PNK,GBP,United Kingdom,Financial Services,Banks - Regional,,7934854638.0,7919284590.0,0.9980377651878543,74111541248.0,0.809,1.1060702012485506,0.8131483877983403,0.5124020769205199,0.61416,0.00057,none
CMI,Cummins Inc.,NYQ,USD,United States,Industrials,Specialty Industrial Machinery,,137664487.0,137082166.0,0.9957699984019844,71896653824.0,1.226,1.5599474165106089,1.1987670842804539,1.0041974475064426,0.87759,0.00212,none
SNPS,"Synopsys, Inc.",NMS,USD,United States,Technology,Software - Infrastructure,,191636646.0,190523237.0,0.9941899995473726,78707081216.0,1.227,1.7054703928772714,1.5969699743503967,1.4792269804980318,0.93065,0.029860001,strong_buy
MFC,Manulife Financial Corporation,NYQ,CAD,Canada,Financial Services,Insurance - Life,,1659249344.0,1656262695.0,0.998199999891035,73347121152.0,0.759,0.7540844528577813,0.9752904347016879,0.8959665140165947,0.54497004,0.00017999999,buy
CNI,Canadian National Railway Compa,NYQ,CAD,Canada,Industrials,Railroads,,604100000.0,603242178.0,0.99858,71670423552.0,0.988,0.3767916008731791,0.5910180163601693,0.7112165348775341,0.74126,0.02695,buy
DPSTF,Deutsche Post AG,OID,EUR,Germany,Industrials,Integrated Freight & Logistics,,1110000000.0,910620439.0,0.8203787738738739,74647502848.0,1.134,0.4225919385867482,0.37019124623127386,0.5463940828117388,0.43229,0.17733999,none
DHLGY,Deutsche Post AG,OID,EUR,Germany,Industrials,Integrated Freight & Logistics,,2220000000.0,1821240878.0,0.8203787738738739,74259005440.0,1.134,0.9973300804643799,0.8146896101380158,0.971215445511847,0.00075999997,0.0,buy
CVNA,Carvana Co.,NYQ,USD,United States,Consumer Cyclical,Auto & Truck Dealerships,,719916415.0,706360389.0,0.9811700001311958,73956704256.0,3.497,2.327531990808151,2.391007050237325,2.9001306054109137,1.05314,0.02099,buy
DB,Deutsche Bank AG,NYQ,EUR,Germany,Financial Services,Banks - Regional,,1879000000.0,1795290550.0,0.95545,70321577984.0,0.996,1.636650064674509,1.150067454084612,1.1390404482532235,0.54023,0.08712,none
VCISF,Vinci SA,PNK,EUR,France,Industrials,Engineering & Construction,,552911247.0,407732756.0,0.7374289421897038,70551470080.0,0.731,0.4327387035966925,0.21977886573607924,0.23002046482315625,0.52459997,0.10829,none
VCISY,Vinci SA,PNK,EUR,France,Industrials,Engineering & Construction,,2211644988.0,1630931023.0,0.7374289417375516,70993797120.0,0.731,0.8394579448930946,0.5812535019167329,0.6955156768639885,0.0005,0.0,none
ROST,"Ross Stores, Inc.",NMS,USD,United States,Consumer Cyclical,Apparel Retail,,320781076.0,311811792.0,0.9720392358806104,74697080832.0,0.861,0.6622621820775737,0.7054554519811691,0.9020557739759161,0.95758003,0.021370001,buy
FDX,FedEx Corporation,NYQ,USD,United States,Industrials,Integrated Freight & Logistics,,236670435.0,218579725.0,0.9235615973748474,70160949248.0,1.364,0.8668256732006345,0.9387915563972031,0.966698004561783,0.82685995,0.06245,buy
NSC,Norfolk Southern Corporation,NYQ,USD,United States,Industrials,Railroads,,224608373.0,224246754.0,0.9983900021394126,70250758144.0,1.268,0.24430612520342582,0.701524480404084,0.7571809793653892,0.77629995,0.00045000002,hold
KDDIF,KDDI Corp.,PNK,JPY,Japan,Communication Services,Telecom Services,,3695962728.0,2988837250.0,0.8086762421485112,72958304256.0,-0.102,0.1088695316131666,0.12739075627928892,0.11118180298781272,0.37767,0.21152,none
AMX,"America Movil, S.A.B. de C.V.",NYQ,MXN,Mexico,Communication Services,Telecom Services,,2990910000.0,938982135.0,0.31394529925674797,65755156480.0,0.245,0.5762943631626197,0.5043624070742239,0.4709631249252705,0.061680004,0.0,buy
KDDIY,KDDI Corp.,PNK,JPY,Japan,Communication Services,Telecom Services,,3695962728.0,2988837250.0,0.8086762421485112,71886479360.0,-0.102,0.06725969559963403,0.11573632738846702,0.20270841676949108,0.00016000001,0.0,hold
CHCJY,"China Citic Bank Corp., Ltd.",PNK,CNY,China,Financial Services,Banks - Regional,,744108149.0,656974608.0,0.8829020470786432,60402823168.0,-0.04,0.2905677397627275,0.18759348576306661,0.09551024955416369,,,none
WBD,"Warner Bros. Discovery, Inc. - ",NMS,USD,United States,Communication Services,Entertainment,,2507136702.0,2385394112.0,0.9514415827813125,77229342720.0,1.571,0.4926731031461326,1.3404951397684346,1.3571205372202146,0.79236,0.04141,hold
VOLVF,Volvo AB,PNK,SEK,Sweden,Industrials,Farm & Heavy Construction Machinery,,1592708968.0,1942455103.0,1.219591992025501,68995031040.0,0.975,0.39493626497252776,0.30969307263141327,0.4337342232560441,0.64906996,0.01891,none
MIELY,Mitsubishi Electric Corp.,PNK,JPY,Japan,Industrials,Electrical Equipment & Parts,,1023217888.0,1001671549.0,0.9789425700501436,68238405632.0,0.755,1.5505953326377195,0.9528409284621723,0.7716798683739396,0.00102,0.0,none
NRDBY,Nordea Bank Abp,OQX,EUR,Finland,Financial Services,Banks - Regional,,3393753656.0,3176190538.0,0.9358930729649871,69605883904.0,0.64,1.0141744488114925,0.7361818508334821,0.7427889898573586,8.0000005e-05,0.0,buy
BHKLY,BOC Hong Kong (Holdings) Ltd.,PNK,HKD,Hong Kong,Financial Services,Banks - Regional,,528639013.0,179404222.0,0.33937000029924014,70768902144.0,0.251,0.484594378545124,0.30337048684453344,0.2554053118905824,3.0000001e-05,0.0,none
HLT,Hilton Worldwide Holdings Inc.,NYQ,USD,United States,Consumer Cyclical,Lodging,,225064910.0,220766170.0,0.9808999990269474,69380759552.0,1.056,0.5917335084666466,0.8917234679013354,0.9975170933054003,0.96870005,0.021930002,buy
NETTF,"NetEase, Inc.",PNK,CNY,China,Communication Services,Electronic Gaming & Multimedia,,3201250981.0,1751553675.0,0.5471466265518655,68954947584.0,0.79,0.544230856969212,0.17674621235528196,0.37621499716915713,0.27275,0.43930998,none
VLVLY,Volvo AB,PNK,SEK,Sweden,Industrials,Farm & Heavy Construction Machinery,,1592708968.0,1942455103.0,1.219591992025501,68690006016.0,0.975,1.3437820157117557,0.9556653881242348,1.0199671717239547,0.00013,0.0,none
RCL,Royal Caribbean Cruises Ltd.,NYQ,USD,United States,Consumer Cyclical,Travel Services,,267452084.0,241969249.0,0.9047199983680068,67507310592.0,1.75,1.5973875447169248,1.5935945945298895,1.6517468413393628,0.90814,0.06196,buy
NBNKF,Nordea Bank Abp,OQX,EUR,Finland,Financial Services,Banks - Regional,,3393753656.0,3176190538.0,0.9358930729649871,67875069952.0,0.64,-0.1077653594436329,0.10422028937044017,0.16916954377428306,0.59741,0.0124,none
ORLY,"O'Reilly Automotive, Inc.",NMS,USD,United States,Consumer Cyclical,Auto Parts,,808960792.0,801202858.0,0.9904099999941653,69886124032.0,0.515,0.04120855343528455,0.22788781209705136,0.4106989074403442,0.90190005,0.00504,buy
MIELF,Mitsubishi Electric Corp.,PNK,JPY,Japan,Industrials,Electrical Equipment & Parts,,2046435776.0,2003343097.0,0.9789425695614892,67927347200.0,0.755,1.3587606197895818,0.7298822050061909,0.5085863556160402,0.61324,0.02769,none
PSTVY,Postal Svgs Bk of China Ltd.,PNK,CNY,China,Financial Services,Banks - Regional,,992808350.0,847090460.0,0.8532265668394107,92934684672.0,0.393,0.5058188205573104,0.279055943128059,0.2154738767558967,,,none
RSG,"Republic Services, Inc.",NYQ,USD,United States,Industrials,Waste Management,,306212978.0,305560744.0,0.9978699988346019,65664315392.0,0.4,-0.3828421112884147,0.16788973024849482,0.3607103118478745,0.98879,0.00179,buy
NU,Nu Holdings Ltd.,NYQ,USD,Brazil,Financial Services,Banks - Regional,,3808087961.0,3726393232.0,0.9785470478001913,67339800576.0,0.94,1.462467173348374,1.3764281056026666,1.6054258087910533,0.82195,0.02029,buy
SCBFY,Standard Chartered PLC,PNK,USD,United Kingdom,Financial Services,Banks - Diversified,,1087998311.0,17437682527.0,16.027306615000803,66269978624.0,0.595,1.419280463775503,0.9807349978355149,0.9177129385791801,0.0027,0.0,none
HON,Honeywell International Inc.,NMS,USD,United States,Industrials,Conglomerates,,316940010.0,297666888.0,0.9391900000255569,66947235840.0,0.901,0.7441922117823125,0.7615257582304519,0.7808180660003189,0.84505,0.00081,buy
SCBFF,Standard Chartered PLC,PNK,USD,United Kingdom,Financial Services,Banks - Diversified,,2175996622.0,1743768253.0,0.801365330887908,66302615552.0,0.595,0.9952444415226961,0.7240285516400994,0.5040507345758857,0.73876,0.01176,none
PCRFF,Panasonic Holdings Corporation,PNK,JPY,Japan,Technology,Consumer Electronics,,2334925020.0,2296154839.0,0.9833955349024441,65377902592.0,0.846,0.6832908637144158,0.4307977166625117,0.3749451895864038,0.46254003,0.01598,none
CRARY,Credit Agricole SA,PNK,EUR,France,Financial Services,Banks - Regional,,6066680932.0,1812205057.0,0.29871441688009975,62668812288.0,0.807,0.9252493456804298,0.7404470728489407,0.8469829393628613,6.0000002e-05,0.0,none
ALL,Allstate Corporation (The),NYQ,USD,United States,Financial Services,Insurance - Property & Casualty,,252857950.0,251323102.0,0.9939299990370087,57865277440.0,0.15,-0.38250209678454156,0.2488761197220268,0.4425425380372533,0.86171997,0.00496,hold
CRARF,Credit Agricole SA,PNK,EUR,France,Financial Services,Banks - Regional,,3033340466.0,906102528.0,0.29871441671526494,63578812416.0,0.807,0.31907577289382016,0.19198694567917052,0.41974036144546334,0.09982,0.69498,none
AON,Aon plc,NYQ,USD,Ireland,Financial Services,Insurance Brokers,,212125434.0,209310529.0,0.9867299976861803,60655149056.0,0.66,-0.23659235967623574,0.24236920797945571,0.5347218908334367,0.93112,0.01012,buy
HKXCY,Hong Kong Exchange & Clearing L,PNK,HKD,Hong Kong,Financial Services,Financial Data & Stock Exchanges,,1263998743.0,1185618181.0,0.9379900000422706,64337534976.0,0.935,0.9124069791819684,0.8026001476815324,0.6915310175969914,0.00017000001,0.0,none
PCRHY,Panasonic Holdings Corporation,PNK,JPY,Japan,Technology,Consumer Electronics,,2334925020.0,2296154839.0,0.9833955349024441,65191108608.0,0.846,1.3879819718196185,0.8463360012559906,,0.00041,0.0,none
KBCSY,KBC Group SA,PNK,EUR,Belgium,Financial Services,Banks - Regional,,793363838.0,501413879.0,0.6320099996793652,60845854720.0,0.664,1.1165673229912298,0.8184110728019477,0.8708367819203477,0.00024000001,0.0,buy
KBCSF,KBC Group SA,PNK,EUR,Belgium,Financial Services,Banks - Regional,,396681919.0,250706940.0,0.632010000939821,60291547136.0,0.664,0.003922407672898324,0.07215737398482383,0.3159023098001326,0.32158002,0.41968,none
SE,Sea Limited,NYQ,USD,Singapore,Consumer Cyclical,Internet Retail,,566956729.0,418329898.0,0.7378515442225222,63545270272.0,1.516,1.314705959334562,1.3458930740619441,1.8365617737986641,0.69624,0.26045,strong_buy
HKXCF,Hong Kong Exchange & Clearing L,PNK,HKD,Hong Kong,Financial Services,Financial Data & Stock Exchanges,,1263998743.0,1185618181.0,0.9379900000422706,63579136000.0,0.935,0.9684791044796802,0.7401119181103433,0.5679478961917149,0.32251,0.06199,none
MQBKY,"Macquarie Group, Ltd.",PNK,AUD,Australia,Financial Services,Capital Markets,,381138415.0,363416030.0,0.9535014464495792,65403351040.0,0.879,1.1182290412207474,1.037560281264509,1.0251079682697577,0.0001,0.0,none
URI,"United Rentals, Inc.",NYQ,USD,United States,Industrials,Rental & Leasing Services,,62242489.0,61887084.0,0.9942899937693687,65416544256.0,1.787,0.9582606700229305,1.3543710967998872,1.3550925543651684,0.94874,0.00434,buy
AJG,Arthur J. Gallagher & Co.,NYQ,USD,United States,Financial Services,Insurance Brokers,,256341000.0,253519145.0,0.9889917921830687,58926387200.0,0.506,-0.3000613681086003,0.2135459449729621,0.5237900384789017,0.95513,0.00866,buy
PCAR,PACCAR Inc.,NMS,USD,United States,Industrials,Farm & Heavy Construction Machinery,,526364953.0,515985036.0,0.9802799997590265,59542405120.0,0.972,0.9475633365384508,0.9103667511630211,0.8320531162207998,0.76246,0.01858,buy
MET,"MetLife, Inc.",NYQ,USD,United States,Financial Services,Insurance - Life,,635476927.0,531233292.0,0.8359600001653561,60954947584.0,0.759,0.6754308127254186,0.9398827408525104,0.8877335640323399,0.78366,0.16349001,buy
CHBJF,"China Citic Bank Corp., Ltd.",PNK,CNY,China,Financial Services,Banks - Regional,,14882162977.0,13139492165.0,0.8829020475925944,52306452480.0,-0.04,0.2415189182239756,0.2212792085950412,-0.5342930461724512,0.17375,0.40083998,none
SCGLF,Societe Generale,OID,EUR,France,Financial Services,Banks - Regional,,724675284.0,730999538.0,1.0087270176582979,60517634048.0,0.966,0.7240718486564507,0.28016073224638854,0.5282402324758871,0.49951,0.08677,none
SCGLY,Societe Generale,OID,EUR,France,Financial Services,Banks - Regional,,3623376420.0,3654997691.0,1.0087270179342835,59785711616.0,0.966,1.499131712903223,1.0874947313851189,1.061781093563648,0.00071000005,0.0,none
NTDOF,"Nintendo Co., Ltd.",PNK,JPY,Japan,Communication Services,Electronic Gaming & Multimedia,,1152873205.0,,,62485729280.0,,0.4545228134618998,0.6064100535936059,0.49618629487520116,0.54844004,0.0026699998,none
NTDOY,"Nintendo Co., Ltd.",PNK,JPY,Japan,Communication Services,Electronic Gaming & Multimedia,,4611492820.0,,,61102280704.0,,0.5389785242257796,0.6928742501562002,0.5672703717123542,0.00125,0.0,none
TDG,Transdigm Group Incorporated,NYQ,USD,United States,Industrials,Aerospace & Defense,,55276525.0,54993509.0,0.9948799965265545,61044076544.0,0.893,0.7295150514255668,0.8186148931082355,0.9836218506711907,0.97226,0.00409,buy
RELX,RELX PLC PLC,NYQ,GBP,United Kingdom,Industrials,Specialty Business Services,,1738544590.0,6938586928.0,3.9910319056009946,57250275328.0,0.265,0.2928803519096213,0.48900464206791183,0.614208718668552,0.0507,0.0,none
GWLIF,"Great West Lifeco, Inc.",PNK,CAD,Canada,Financial Services,Insurance - Life,,895200000.0,259437912.0,0.28981,58931015680.0,0.672,0.24836004414558424,0.24940990787309159,0.4268317513719347,0.10263,0.71596,none
RLXXF,RELX PLC,PNK,GBP,United Kingdom,Industrials,Specialty Business Services,,1738544590.0,1734646732.0,0.9977579764002487,57719685120.0,0.265,0.29126513194213516,0.23039964236051597,0.3985202132205284,0.60407,0.00466,none
GWW,"W.W. Grainger, Inc.",NYQ,USD,United States,Industrials,Industrial Distribution,,47100942.0,43102543.0,0.9151099992862138,60018376704.0,1.034,0.5339770686870201,0.6930586617114417,0.7576046856888217,0.76991,0.062800005,hold
TFC,Truist Financial Corporation,NYQ,USD,United States,Financial Services,Banks - Regional,,1221626188.0,1218340014.0,0.997310000364858,58576977920.0,0.862,0.7015929535884363,1.0461237014580411,1.077483881204464,0.78355,0.00178,hold
WFAFY,Wesfarmers Ltd.,PNK,AUD,Australia,Consumer Cyclical,Home Improvement Retail,,2270565456.0,2263163955.0,0.9967402388773063,59011993600.0,0.805,0.8970945460633277,0.8330542254739063,0.8381916494450671,6.0000002e-05,0.0,none
MPNGY,MEITUAN,PNK,CNY,China,Consumer Cyclical,Internet Retail,,2796344088.0,2721082300.0,0.973085648392495,51928109056.0,0.218,1.083217283203658,0.9812244900116946,1.101931484276662,0.0004,0.0,none
NTIOF,National Bank of Canada,PNK,CAD,Canada,Financial Services,Banks - Diversified,,383061487.0,382768094.0,0.9992340837960565,58654371840.0,1.165,0.6576959017666574,0.5599800777835287,0.6465019693496181,0.42222,0.00112,hold
CIIHY,"Citic Securities Co., Ltd.",PNK,CNY,China,Financial Services,Capital Markets,,342380224.0,998815933.0,2.9172711009149874,51251986432.0,0.69,0.4285056076330175,0.15769280544759526,0.18969623166468058,0.0,0.0,none
AFL,AFLAC Incorporated,NYQ,USD,United States,Financial Services,Insurance - Life,,501343298.0,497011692.0,0.9913600001889324,57468981248.0,0.58,-0.16643872756511643,0.3369170002035377,0.5212937075423653,0.60112,0.109139994,none
TEL,TE Connectivity plc,NYQ,USD,Ireland,Technology,Electronic Components,,289513228.0,288997894.0,0.9982199984312979,61065576448.0,1.158,1.5956520392249758,1.2440708692654594,1.212506085549233,0.99195,0.00119,buy
SNGNF,Singapore Telecommunications Lt,PNK,SGD,Singapore,Communication Services,Telecom Services,,16295920676.0,7686579511.0,0.4716873421162694,57687560192.0,0.25,-0.03587894188631472,0.03412489594009969,0.11112358078443878,0.74279,0.046669997,none
THLEF,THALES,PNK,EUR,France,Industrials,Aerospace & Defense,,205657683.0,89726887.0,0.4362924141278009,56278224896.0,0.12,0.24469548748421358,-0.024980867960922026,0.0037740259600770993,0.23395,0.56198,none
DBOEF,Deutsche Boerse AG,PNK,EUR,Germany,Financial Services,Financial Data & Stock Exchanges,,180287660.0,180282251.0,0.9999699979466149,58795413504.0,0.312,0.16337906141782851,0.14860007241208092,0.17769685245276742,0.66574997,0.0,none
SGAPY,Singapore Telecommunications Lt,PNK,SGD,Singapore,Communication Services,Telecom Services,,1629592068.0,768657951.0,0.47168734193912387,55112802304.0,0.25,0.02170304170789993,0.3512085810458266,0.37310853391221704,0.00023,0.0,none
NBIS,Nebius Group N.V.,NMS,USD,Netherlands,Communication Services,Internet Content & Information,,238400165.0,228614878.0,0.9589543614619562,63724224512.0,1.436,3.6229341449902615,2.925746156792653,,0.69334,0.034140002,buy
THLLY,THALES,PNK,EUR,France,Industrials,Aerospace & Defense,,1028288415.0,448634436.0,0.4362924151002907,55393894400.0,0.12,0.42376416847187576,0.3008542970439315,0.31952485044232753,0.00153,0.0,none
NOKBF,Nokia Corp.,PNK,EUR,Finland,Technology,Communication Equipment,,5598644598.0,4445435784.0,0.7940200000528771,59681550336.0,0.767,1.6112478699206827,0.6722807845103569,0.6615206497302859,0.37205002,0.06678,none
COHR,Coherent Corp.,NYQ,USD,United States,Technology,Scientific & Technical Instruments,,195832246.0,195078292.0,0.9961500007511531,60860743680.0,2.104,3.21233962409865,2.6823156186827024,2.0961924475058313,0.87495005,0.04449,buy
WFAFF,Wesfarmers Ltd.,PNK,AUD,Australia,Consumer Cyclical,Home Improvement Retail,,1135282728.0,1131581977.0,0.9967402384368874,56752783360.0,0.805,0.19327564335702083,0.17388283083242087,0.07174277774036777,0.33719003,0.00719,none
MPNGF,MEITUAN,PNK,CNY,China,Consumer Cyclical,Internet Retail,,5592688176.0,5442164600.0,0.973085648392495,50334191616.0,0.218,0.9394039504883978,0.7917881772443517,0.8993792418585893,0.38493,0.01847,none
MPWR,"Monolithic Power Systems, Inc.",NMS,USD,United States,Technology,Semiconductors,,49143000.0,47357635.0,0.9636700038662678,66774282240.0,1.664,2.535711357448977,2.436083426639373,2.1892657923992447,1.00731,0.03588,strong_buy
FAST,Fastenal Company,NMS,USD,United States,Industrials,Industrial Distribution,,1147497573.0,1144835379.0,0.9976800003218831,57093742592.0,0.713,0.5070186768175284,0.658684344545013,0.7923897234719615,0.87527,0.00088,hold
NOK,Nokia Corporation Sponsored,NYQ,EUR,Finland,Technology,Communication Equipment,,5598644598.0,4445435784.0,0.7940200000528771,59149680640.0,0.767,1.7631185310947526,0.9747431640569425,1.0149268372964457,0.15793,0.02973,buy
FIX,"Comfort Systems USA, Inc.",NYQ,USD,United States,Industrials,Engineering & Construction,,35194329.0,34716801.0,0.9864316776717067,56733962240.0,1.676,2.4221689805214406,1.960916160934421,1.4837892219846789,0.95974,0.01081,none
DBOEY,Deutsche Boerse AG,PNK,EUR,Germany,Financial Services,Financial Data & Stock Exchanges,,1802876600.0,1802822514.0,0.9999700001652914,57637961728.0,0.312,0.1425022072099916,0.2556568389654599,0.3799435222111442,0.000120000004,0.0,strong_buy
RNMBY,Rheinmetall AG,PNK,EUR,Germany,Industrials,Aerospace & Defense,,233340315.0,233340315.0,1.0,53049921536.0,0.431,0.6067003199815932,0.501480966241336,0.49962208118330925,0.0023999999,0.0,buy
NXPI,NXP Semiconductors N.V.,NMS,USD,Netherlands,Technology,Semiconductors,,252164174.0,251692627.0,0.9981300000213353,59204366336.0,1.817,1.7995569838328702,1.7927287240907808,1.6589706627580079,0.9937,0.00141,buy
EBKOF,Erste Group Bank AG,PNK,EUR,Austria,Financial Services,Banks - Regional,,388451224.0,336590824.0,0.8664944353476924,54643433472.0,0.793,0.9043208953746413,0.5269671316257419,0.5916316417147843,0.41314998,0.2667,none
KEYS,Keysight Technologies Inc.,NYQ,USD,United States,Technology,Scientific & Technical Instruments,,170244745.0,169107510.0,0.9933199993926392,58527166464.0,1.208,1.8369635815490295,1.4708338661013218,1.3104274709513284,0.92964995,0.0058099995,buy
UMC,United Microelectronics Corpora,NYQ,TWD,Taiwan,Technology,Semiconductors,,2507908580.0,2165658784.0,0.8635317895040656,64164839424.0,1.703,1.724066191446949,1.2103412865657055,1.2844489252644837,0.07481,0.0,underperform
RNMBF,Rheinmetall AG,PNK,EUR,Germany,Industrials,Aerospace & Defense,,46668063.0,46668063.0,1.0,53201592320.0,0.431,0.3752727697456804,,,0.45824,0.016490001,none
EBKDY,Erste Group Bank AG,PNK,EUR,Austria,Financial Services,Banks - Regional,,776902448.0,673181648.0,0.8664944353476924,54243328000.0,0.793,1.2042892759532349,0.8211445164227045,0.915462067973489,0.00329,0.0,strong_buy
FKURF,Fujikura  Ltd.,PNK,JPY,Japan,Industrials,Conglomerates,,1655700561.0,1655845742.0,1.0000876855413472,51952574464.0,0.751,13.277715169754305,3.1354851743087724,1.952474164105709,0.52542,0.00774,none
SSUMY,Sumitomo Corp.,PNK,JPY,Japan,Industrials,Conglomerates,,4726925815.0,4736524733.0,1.0020306893688788,55068684288.0,0.61,1.078962717089942,0.9104442161349706,0.6937878515910494,0.00022,0.0,none
FJIKY,Fujikura  Ltd.,PNK,JPY,Japan,Industrials,Conglomerates,,3311401122.0,3311691483.0,1.00008768523936,54803689472.0,0.751,2.7398104044279314,,,7e-05,0.0,none
CMPGF,Compass Group Plc,OQX,USD,United Kingdom,Consumer Cyclical,Restaurants,,1700313227.0,1691116640.0,0.9945912395116597,51313754112.0,0.649,0.4502204632836753,0.08336736382438925,0.09093595485330887,0.77167,0.00121,none
UOVEY,United Overseas Bank Ltd.,PNK,SGD,Singapore,Financial Services,Banks - Regional,,824280296.0,576694355.0,0.6996337990833157,55276236800.0,0.378,0.4173967176122038,0.44197985361827513,0.4761673768734756,0.00017999999,0.0,hold
GRMN,Garmin Ltd.,NYQ,USD,Switzerland,Technology,Scientific & Technical Instruments,,192852536.0,164499356.0,0.8529799991844546,54388273152.0,0.866,0.999742074087804,1.0288163056196833,0.9929787684739692,0.58348,0.14694999,hold
CMPGY,Compass Group Plc,OQX,USD,United Kingdom,Consumer Cyclical,Restaurants,,1700313227.0,1691116640.0,0.9945912395116597,51128418304.0,0.649,0.43963485114169903,0.28202352895929783,0.5116282049768481,0.0017299999,0.0,none
TER,"Teradyne, Inc.",NMS,USD,United States,Technology,Semiconductor Equipment & Materials,,156340750.0,156028069.0,0.9980000031981425,61573242880.0,1.778,3.281859608060047,2.2649130285011254,1.9403676332007824,1.00678,0.00198,buy
LSEGY,London Stock Exchange Group plc,OQX,GBP,United Kingdom,Financial Services,Financial Data & Stock Exchanges,,1928115580.0,1757630560.0,0.911579460397286,52406181888.0,0.399,0.5006044313683227,0.3720245972592071,0.49712240812939007,0.01001,0.0,none
F,Ford Motor Company,NYQ,USD,United States,Consumer Cyclical,Auto Manufacturers,,3916743591.0,3877936786.0,0.9900920741686611,52114288640.0,1.835,1.1786009797281733,1.0322020132371486,1.2345880268246674,0.67907995,0.0039500003,buy
AME,"AMETEK, Inc.",NYQ,USD,United States,Industrials,Specialty Industrial Machinery,,229261244.0,227832946.0,0.9937699980376972,56194224128.0,0.989,0.9610773323489745,0.8467042203258603,0.8565658099624218,0.92657,0.00393,buy
NKE,"Nike, Inc.",NYQ,USD,United States,Consumer Cyclical,Footwear & Accessories,,1202110951.0,1176666666.0,0.9788336634161483,53457879040.0,1.11,0.737282386159455,0.8813639367239082,1.0745609768574376,0.82558,0.019550001,hold
CRZBY,Commerzbank AG,PNK,EUR,Germany,Financial Services,Banks - Regional,,1080847095.0,818947035.0,0.757689999620159,52086022144.0,0.679,1.4093918893246107,0.8946151347163913,0.9439183306604637,0.00014999999,0.0,none
MARUY,Marubeni Corp.,PNK,JPY,Japan,Industrials,Conglomerates,,1624877314.0,1625282249.0,1.0002492095843243,52109815808.0,0.675,1.334587815361841,1.008133158411356,0.7125421707511018,0.00041,0.0,none
ANCTF,Alimentation Couche-Tard Inc.,PNK,USD,Canada,Consumer Cyclical,Specialty Retail,,917962609.0,743705767.0,0.8101700000724104,52057661440.0,0.711,0.2650134705934086,0.3761093522882946,0.5471460963417106,0.35109,0.19169001,none
LDNXF,London Stock Exchange Group plc,OQX,GBP,United Kingdom,Financial Services,Financial Data & Stock Exchanges,,482028895.0,439407640.0,0.911579460397286,53023178752.0,0.399,0.18190722806056667,0.3087355922527034,0.42087406582904807,0.71583,0.05055,none
HONA,Honeywell Aerospace Inc.,NMS,USD,United States,Industrials,Aerospace & Defense,,316952725.0,316559704.0,0.9987600011957619,53073735680.0,,,,,0.76772004,0.00054000004,buy
MBGYY,Mercedes Benz Group AG,PNK,EUR,Germany,Consumer Cyclical,Auto Manufacturers,,3829320804.0,2725765205.0,0.7118142732133445,47406989312.0,0.678,0.9687683104261926,0.8082969519452892,0.9129756674771893,0.00016000001,0.0,hold
MARUF,Marubeni Corp.,PNK,JPY,Japan,Industrials,Conglomerates,,1624877314.0,1625282249.0,1.0002492095843243,53417840640.0,0.675,1.1577370460630885,0.9393856819081365,0.5618223219807056,0.48716998,0.12679,none
MSADF,MS&AD INS GP HLDGS,PNK,JPY,Japan,Financial Services,Insurance - Property & Casualty,,1428012108.0,1369924290.0,0.9593226012058436,45596430336.0,0.284,0.046059124325259264,0.3553739565073434,0.15314312795171794,0.48226002,0.074990004,none
CRZBF,Commerzbank AG,PNK,EUR,Germany,Financial Services,Banks - Regional,,1080847095.0,818947035.0,0.757689999620159,51394277376.0,0.679,0.08582115874105993,0.22202910219298386,0.15889897055733668,0.32558998,0.44324002,none
DAL,"Delta Air Lines, Inc.",NYQ,USD,United States,Industrials,Airlines,,657623030.0,649739825.0,0.9880125776617038,54405156864.0,1.291,1.7026619408791999,1.6538128456358576,1.446955228719112,0.80727994,0.091759995,strong_buy
LNVGF,Lenovo Group Ltd.,PNK,USD,Hong Kong,Technology,Computer Hardware,,12404659302.0,8639845204.0,0.6965000000126566,57681666048.0,1.134,1.0286357442097471,0.38415137872792793,0.35933427335371604,0.32479998,0.39936,none
AMKAF,A.P. Moeller-Maersk A/S,PNK,USD,Denmark,Industrials,Marine Shipping,,9540937.0,7911271.0,0.8291922480989027,50431324160.0,0.554,0.023508201930544804,0.2133394081145753,0.41339810770300905,0.0736,0.73887,none
AMKBY,A.P. Moeller-Maersk A/S,PNK,USD,Denmark,Industrials,Marine Shipping,,973569800.0,1582254234.0,1.6252088283757364,50416918528.0,0.554,0.40595817393379185,0.5152802288813163,0.7960829742221048,0.00023,0.0,none
DNBBF,DNB NOR BANK ASA,PNK,NOK,Norway,Financial Services,Banks - Regional,,1423642934.0,703896633.0,0.49443341177008926,50012577792.0,0.342,0.333419775451431,0.24630383702645925,,0.45406,0.45593,none
STT,State Street Corporation,NYQ,USD,United States,Financial Services,Asset Management,,274701765.0,259543722.0,0.9448200014295504,49622126592.0,1.418,1.0657284474158073,1.0139295722036565,1.13948532597755,0.9476,0.0035499998,buy
SSUMF,Sumitomo Corp.,PNK,JPY,Japan,Industrials,Conglomerates,,4726925815.0,4736524733.0,1.0020306893688788,54595993600.0,0.61,0.06222354013474672,0.07348918202386139,0.146704845638814,0.35691002,0.12794,none
MBGAF,Mercedes Benz Group AG,PNK,EUR,Germany,Consumer Cyclical,Auto Manufacturers,,957330201.0,681441301.0,0.7118142729522016,47675043840.0,0.678,0.914220639341592,0.8079861823680606,0.8964989479562228,0.38724,0.20111,none
STRD,Strategy Inc - 10.00% Series A ,NMS,USD,United States,Technology,Software - Application,,11764700.0,363658147.0,30.910957950478974,,3.597,0.8005871143515547,,,0.59238,0.0,none
STRK,Strategy Inc - 8.00% Series A P,NMS,USD,United States,Technology,Software - Application,,,363658147.0,,,3.597,1.0364764666289208,0.7320313267450096,,0.41606,0.0,none
STRF,Strategy Inc - 10.00% Series A ,NMS,USD,United States,Technology,Software - Application,,,363658147.0,,,3.597,0.6697942308891371,,,0.49111,0.0,none
STRC,Strategy Inc - Variable Rate Se,NMS,USD,United States,Technology,Software - Application,,,363658147.0,,,3.597,0.6003232233521404,,,0.12993,0.0,none
NDAQ,"Nasdaq, Inc.",NMS,USD,United States,Financial Services,Financial Data & Stock Exchanges,,558977372.0,496522830.0,0.888269999594903,52909998080.0,0.974,0.6992391199582725,0.8071571428718782,0.8435287980893272,0.87125,0.10998999,buy
AMKBF,A.P. Moeller-Maersk A/S,PNK,USD,Denmark,Industrials,Marine Shipping,,4867849.0,7911271.0,1.625208793452714,52277829632.0,0.554,0.2009965806314362,0.050265889609540065,0.291957523148421,0.23341,0.3114,none
SDVKF,Sandvik AB,PNK,SEK,Sweden,Industrials,Specialty Industrial Machinery,,1254385923.0,1023892573.0,0.8162500505037954,50311307264.0,1.326,0.20339580974308538,-0.006535356533595701,0.1068298032513105,0.44869,0.18391001,none
LNVGY,Lenovo Group Ltd.,PNK,USD,Hong Kong,Technology,Computer Hardware,,620232965.0,431992260.0,0.6964999998024936,58417303552.0,1.134,1.7166072270000348,0.9555501701043012,0.7470688715484878,0.00014,0.0,none
MSADY,"MS&AD Insurance Group Holdings,",PNK,JPY,Japan,Financial Services,Insurance - Property & Casualty,,1428012108.0,1369924290.0,0.9593226012058436,47081562112.0,0.284,0.6736950164223195,0.6706027664113791,0.5329456073773909,0.00017000001,0.0,none
PINXF,THE PEOPLE S INSURANCE COMPANY ,PNK,CNY,China,Financial Services,Insurance - Property & Casualty,,8726234000.0,11530523520.0,1.3213630897360762,33610233856.0,0.608,0.0468825310213566,0.06623633718792,0.11395808233524934,0.44608003,0.0,none
EBAY,eBay Inc.,NMS,USD,United States,Consumer Cyclical,Internet Retail,,445000000.0,399783550.0,0.89839,48449376256.0,1.339,0.6837992906751967,0.6100630889883295,0.8926496022896054,0.95338,0.10029,hold
DNBBY,DNB ASA,PNK,NOK,Norway,Financial Services,Banks - Regional,,1423642934.0,703896633.0,0.49443341177008926,47948292096.0,0.342,0.6423882205636094,0.6560573221191138,0.7343139130404298,7e-05,0.0,hold
ORANY,Orange,PNK,EUR,France,Communication Services,Telecom Services,,2657774336.0,1919573903.0,0.7222486412781736,43746963456.0,0.241,-0.043696793930492694,0.11033612592552454,0.20264919577189802,0.00054000004,0.0,buy
MSTR,Strategy Inc,NMS,USD,United States,Technology,Software - Application,,377641410.0,363658147.0,0.9629721142074965,67351121920.0,3.597,3.136411966090997,2.538463809773982,2.711814476142431,0.60472,0.00224,strong_buy
CIEN,Ciena Corporation,NYQ,USD,United States,Technology,Communication Equipment,,141808525.0,141153370.0,0.9953800027184544,52804530176.0,1.309,2.484286410226947,1.9222299904877236,1.5176562707825185,0.95914,0.0058600004,buy
TEAM,Atlassian Corporation,NMS,USD,Australia,Technology,Software - Application,,159005198.0,156925814.0,0.9869225407335426,47974871040.0,1.159,0.8033499057051029,1.3306807047026805,1.7154076249713608,1.04767,0.009430001,buy
CTPCY,Citic Ltd,PNK,CNY,Hong Kong,Industrials,Conglomerates,,5818052526.0,988428944.0,0.16989000006150856,45729894400.0,0.873,0.3958941443702314,0.2713196480432113,0.2349418881277258,0.0,0.0,none
AMP,"Ameriprise Financial, Inc.",NYQ,USD,United States,Financial Services,Asset Management,,88333219.0,87956036.0,0.9957299982467525,45280047104.0,1.134,0.7961425854013623,1.0358430200513966,1.155450536982603,0.91636,0.0018099999,buy
PPCCY,"PICC Property and Casualty Co.,",PNK,CNY,China,Financial Services,Insurance - Property & Casualty,,275971753.0,275970438.0,0.9999952350195782,49859383296.0,0.127,0.021997904261773848,0.3948964230876741,0.3719795555511869,1.0000001e-05,0.0,none
FITB,Fifth Third Bancorp,NYQ,USD,United States,Financial Services,Banks - Regional,,906892564.0,902920375.0,0.9956200004744994,47793238016.0,0.913,0.7988285893398915,0.9914331163551651,1.0826037003867357,0.93025,0.0035499998,buy
SDVKY,Sandvik AB,PNK,SEK,Sweden,Industrials,Specialty Industrial Machinery,,1254385923.0,1023892573.0,0.8162500505037954,49146839040.0,1.326,1.6510967283808609,1.2251153170680666,1.172391140763574,0.00545,0.0,none
PINXY,Peoples Insurance Company Group,PNK,CNY,China,Financial Services,Insurance - Property & Casualty,,436311700.0,576526176.0,1.3213630897360762,45319589888.0,0.608,-0.27777764612857797,-0.048566101061742695,0.022794307075658615,,,none
DRPRY,DR ING H C F PORSCHE AG,PNK,EUR,Germany,Consumer Cyclical,Auto Manufacturers,,4555000000.0,551155000.0,0.121,46187700224.0,0.882,1.028767533646831,0.9254346449315112,0.917871607159715,3.0000001e-05,0.0,none
DRPRF,DR ING H C F PORSCHE AG,PNK,EUR,Germany,Consumer Cyclical,Auto Manufacturers,,455500000.0,55115500.0,0.121,47599751168.0,0.882,0.3557157020347531,0.3744517447140049,0.37933986403061803,0.13081001,0.758,none
BSQKZ,"Block, Inc.",PNK,USD,United States,Technology,Software - Infrastructure,,540816000.0,13398329295.0,24.774284220511227,46892052480.0,2.522,0.17878173001346084,0.5443971630473591,0.37471004029602145,0.07624,0.0,none
FNCTF,Orange,PNK,EUR,France,Communication Services,Telecom Services,,2657774336.0,1919573903.0,0.7222486412781736,44278521856.0,0.241,-0.021382976568816787,-0.10379803762580715,-0.024038380842581038,0.5084,0.21542,none
VWAGY,Volkswagen AG,PNK,EUR,Germany,Consumer Cyclical,Auto Manufacturers,,2950898180.0,2346813774.0,0.7952879533105408,42860744704.0,0.993,0.9448657748079583,0.761302476648026,0.9678595785628841,0.00011,0.0,strong_buy
VWAPY,Volkswagen AG,PNK,EUR,Germany,Consumer Cyclical,Auto Manufacturers,,2062054450.0,2346813774.0,1.138094958646703,42860744704.0,0.993,0.9971704824545717,0.7876316770558728,0.9334443040497891,0.00017000001,0.0,none
VLKPF,Volkswagen AG,PNK,EUR,Germany,Consumer Cyclical,Auto Manufacturers,,206205445.0,234681377.0,1.13809495670689,41958412288.0,0.993,0.2196571298716674,0.5191788809699743,0.69771050374659,0.30236,0.0,none
ALAB,"Astera Labs, Inc.",NMS,USD,United States,Technology,Semiconductors,,173485104.0,155983927.0,0.8991200016803749,63977836544.0,3.778,3.7055419778139496,2.816913474096856,,0.75964,0.10321999,buy
LHX,"L3Harris Technologies, Inc.",NYQ,USD,United States,Industrials,Aerospace & Defense,,186214616.0,185233265.0,0.9947300001413423,44690579456.0,0.506,0.2914771342608434,0.3573979891198079,0.39956939741748093,0.89257,0.00454,buy
PBCRF,PT Bank Central Asia,PNK,IDR,Indonesia,Financial Services,Banks - Regional,,122841751300.0,48199417958.0,0.3923700000034109,42871771136.0,-0.043,-0.25734385214252686,0.02088028153675553,0.04997491230379514,0.18992001,0.60814,none
WAB,Westinghouse Air Brake Technolo,NYQ,USD,United States,Industrials,Railroads,,168910851.0,166845071.0,0.9877699982696789,48294146048.0,0.921,0.9970162144869178,1.0377008601819586,1.015220341312768,0.95795,0.00698,strong_buy
AZO,"AutoZone, Inc.",NYQ,USD,United States,Consumer Cyclical,Auto Parts,,,16271318.0,,,0.34,0.13132298453486232,0.2560202200163314,0.44509838171956523,0.98098,0.00259,strong_buy
SSREY,Swiss Re Ltd,PNK,USD,Switzerland,Financial Services,Insurance - Reinsurance,,1179678340.0,1108626960.0,0.9397705479614045,50030620672.0,0.349,0.37942153658303646,0.4056578096737068,0.4877246888748284,8.9999994e-05,0.0,underperform
DNSKF,DANSKE BANK A/S,OID,DKK,Denmark,Financial Services,Banks - Regional,,806019793.0,636189938.0,0.7892981580912617,47103795200.0,0.592,0.10741701538996783,0.16250567408985256,0.15196759649011893,0.33863997,0.21534,none
SVKEF,Skandinaviska Enskilda Banken A,PNK,SEK,Sweden,Financial Services,Banks - Regional,,1920609014.0,1462540895.0,0.7614985061191637,46032502784.0,0.433,0.008037616254706224,0.19158339913076403,0.13398715392848823,0.73932,0.00053,none
ROK,"Rockwell Automation, Inc.",NYQ,USD,United States,Industrials,Specialty Industrial Machinery,,111273953.0,110697762.0,0.9948218699483068,47130079232.0,1.515,1.3895964154939315,1.2645174988577128,1.1926091177073472,0.92872,0.00169,buy
ADSK,"Autodesk, Inc.",NMS,USD,United States,Technology,Software - Application,,209000000.0,208433610.0,0.99729,45439733760.0,1.309,0.5072461635021462,0.9633610290125545,1.2938199718250298,1.01568,0.0023100001,buy
XYZ,"Block, Inc.",NYQ,USD,United States,Technology,Software - Infrastructure,,540816000.0,535933172.0,0.9909713691902606,46753865728.0,2.522,1.890939011577082,1.8568031397904816,2.262531138093999,0.84220004,0.01196,buy
STMEF,STMicroelectronics N.V.,PNK,USD,Netherlands,Technology,Semiconductors,,891928108.0,641677526.0,0.7194274070349177,44597297152.0,1.513,1.2000220654654077,1.1256244559854571,1.1112638823321184,0.28911,0.27526,none
CRWV,"CoreWeave, Inc.",NMS,USD,United States,Technology,Software - Infrastructure,,458871690.0,328042940.0,0.7148903433114385,47514877952.0,,3.3604510654868167,,,0.76698,0.18677999,buy
DSDVF,DSV A S,PNK,DKK,Denmark,Industrials,Integrated Freight & Logistics,,238772923.0,196144793.0,0.8214699997620752,42334441472.0,0.957,0.8062964215526823,0.6721585988146875,0.7584521738980218,0.48242,0.177,none
DNKEY,Danske Bank A/S,OID,DKK,Denmark,Financial Services,Banks - Regional,,1612039586.0,1272379875.0,0.7892981574709295,46297776128.0,0.592,0.8595480254566675,0.603111926435468,0.6795015420610055,0.00017000001,0.0,none
INFY,Infosys Limited,NYQ,USD,India,Technology,Information Technology Services,,4050343559.0,7773943078.0,1.919329302504731,43784216576.0,0.108,0.5217956353863732,0.672401880701924,0.7456562385839011,0.14427,0.0,hold
DSDVY,DSV A S,PNK,DKK,Denmark,Industrials,Integrated Freight & Logistics,,477545846.0,392289586.0,0.8214699997620752,44125237248.0,0.957,0.9837831070623848,0.745265532825289,0.912479953821077,0.00029,0.0,strong_buy
VLKAF,Volkswagen AG,PNK,EUR,Germany,Consumer Cyclical,Auto Manufacturers,,295089818.0,234681377.0,0.7952879519550213,43841282048.0,0.993,0.6243293205568785,0.49343017175140563,0.7808643444496913,0.184,0.7335,none
SSREF,Swiss Re Ltd,PNK,USD,Switzerland,Financial Services,Insurance - Reinsurance,,294919585.0,277156740.0,0.9397705479614045,49332719616.0,0.349,0.1447968219486425,0.08020345254785272,0.16196808742548835,0.41154,0.00105,none
WDAY,"Workday, Inc.",NMS,USD,United States,Technology,Software - Application,,196000000.0,194315890.0,0.9914076020408163,45842415616.0,1.082,0.4030264116345606,0.8454589394442794,1.1559290746067037,1.12491,0.02182,buy
PYPL,"PayPal Holdings, Inc.",NMS,USD,United States,Financial Services,Credit Services,,855460874.0,853510423.0,0.9977199997576979,45621731328.0,1.286,1.1220985118585218,1.2184389297414024,1.4102490940196455,0.78976,0.0070599997,hold
TYHOF,TOYOTA TSUSHO CORP,PNK,JPY,Japan,Industrials,Conglomerates,,937680488.0,698609471.0,0.7450400002351334,45008666624.0,0.851,0.248789789854534,0.1069610647532931,,0.4313,0.27748,none
JPPHY,JAPAN POST HLDGS CO LTD,PNK,JPY,Japan,Financial Services,Banks - Regional,,2734392490.0,1572439745.0,0.5750599998905058,49465163776.0,0.222,0.8003200669544691,0.3394561720269714,0.23531843751907613,4.0000003e-05,0.0,none
SLFIF,SUN LIFE FINANCIAL INC CL'A' PR,PNK,CAD,Canada,Financial Services,Insurance - Diversified,,,556274527.0,,,0.802,0.03745846657457979,0.050123625218060644,0.02779802871887451,0.18338,0.0,none
CARR,Carrier Global Corporation,NYQ,USD,United States,Industrials,Building Products & Equipment,,824325057.0,784097994.0,0.951199999735056,45321392128.0,1.298,1.27394776769189,1.20797977621542,1.1525301853050056,0.90005994,0.04765,buy
SWDBY,Swedbank AB,PNK,SEK,Sweden,Financial Services,Banks - Regional,,1123714665.0,854888406.0,0.7607700002740464,47083646976.0,0.561,0.9671503457927502,0.7747054614409656,0.7951214822035109,2.0000001e-05,0.0,hold
SLF,Sun Life Financial Inc.,NYQ,CAD,Canada,Financial Services,Insurance - Diversified,,556025626.0,556274527.0,1.0004476430372293,44810100736.0,0.802,0.3746689409398336,0.5412384320311645,0.6389110499866912,0.55522996,0.00051,buy
TYHOY,Toyota Tsusho Corp.,PNK,JPY,Japan,Industrials,Conglomerates,,1875360976.0,1397218942.0,0.7450400002351334,45251710976.0,0.851,0.28354544775092255,0.637429817796938,,3.0000001e-05,0.0,none
PBCRY,PT Bank Central Asia,PNK,IDR,Indonesia,Financial Services,Banks - Regional,,4913670052.0,24099708979.0,4.904625000042636,42306699264.0,-0.043,0.409579548944919,0.5813736519793445,0.5157028033724848,0.00126,0.0,none
FJTSY,Fujitsu Ltd.,PNK,JPY,Japan,Technology,Information Technology Services,,1729464526.0,1645002561.0,0.9511629387418843,43755454464.0,0.748,1.0199403445710367,0.776377034806408,0.721452689512155,0.0027200002,0.0,strong_buy
SWDBF,Swedbank AB,PNK,SEK,Sweden,Financial Services,Banks - Regional,,1123714665.0,854888406.0,0.7607700002740464,45510443008.0,0.561,0.357035937248731,0.039569466869341714,0.17130458473276908,0.49464,0.17117001,none
DLICY,DAIICHI LIFE GROUP INC.,PNK,JPY,Japan,Financial Services,Insurance - Life,,1801095808.0,1596450231.0,0.8863771843279977,44108836864.0,0.271,0.7526637851436188,0.5419254468069964,,8.9999994e-05,0.0,none
BMWKY,Bayerische Motoren Werke AG,PNK,EUR,Germany,Consumer Cyclical,Auto Manufacturers,,1797524054.0,1115149362.0,0.6203807729406886,40785821696.0,0.768,0.905932918898748,0.8387774680348546,0.8681988114047018,2.0000001e-05,0.0,none
TRI,Thomson Reuters Corp,NMS,USD,Canada,Industrials,Specialty Business Services,,433251382.0,125531154.0,0.2897420740368233,41145884672.0,0.19,0.26062616366696223,0.4662921822093276,0.5514882509476356,0.28364,0.70679003,buy
FJTSF,Fujitsu Ltd.,PNK,JPY,Japan,Technology,Information Technology Services,,1729464526.0,1645002561.0,0.9511629387418843,45139025920.0,0.748,1.0171388840044129,0.43344398042798965,0.3585689550111272,0.53825,0.02939,none
CNSWY,"Constellation Software, Inc.",PNK,USD,Canada,Technology,Software - Application,,4238306000.0,4053643008.0,0.9564300000990962,41238716416.0,0.7,0.3356384864462721,,,0.0,0.0,none
ASMXF,ASM International N.V.,OID,EUR,Netherlands,Technology,Semiconductor Equipment & Materials,,48817034.0,46646993.0,0.9555474632072075,45910466560.0,1.52,1.1164899317842458,0.7962545907540111,0.48083433468402415,0.64891,0.047340002,none
ANNSF,Aena SME S.A.,PNK,EUR,Spain,Industrials,Airports & Air Services,,1500000000.0,700917252.0,0.467278168,44725960704.0,0.759,0.7856626183700597,0.3893467049536539,0.4034728196152917,0.28402,0.51519,none
BAMXF,Bayerische Motoren Werke AG,PNK,EUR,Germany,Consumer Cyclical,Auto Manufacturers,,598575510.0,371344737.0,0.6203807720098672,40703131648.0,0.768,0.46262581430057753,0.48617044781250085,0.37055257274429587,0.23471001,0.45733002,none
COIN,"Coinbase Global, Inc.",NMS,USD,United States,Financial Services,Financial Data & Stock Exchanges,,222803032.0,219744496.0,0.9862724668845619,52718575616.0,3.388,2.9710409499264254,2.59767846198464,2.7474417062305165,0.68678004,0.01324,buy
SWZCF,SWISSCOM AG,OID,CHF,Switzerland,Communication Services,Telecom Services,,51801943.0,25367411.0,0.4896999905968778,42902081536.0,0.406,-0.0456915166872623,-0.11481492558855866,-0.01837803407765622,0.24198,0.50979,none
KB,KB Financial Group Inc,NYQ,KRW,South Korea,Financial Services,Banks - Regional,,351106111.0,1378664499.0,3.926632023217619,45050425344.0,0.634,1.5015077194626674,1.0605615725548507,0.912802243180522,0.06776,0.0,none
ANYYY,Aena SME S.A.,PNK,EUR,Spain,Industrials,Airports & Air Services,,3000000000.0,1401834503.0,0.4672781676666667,44820000768.0,0.759,0.6177850487298786,0.366707206973742,0.5326402436154417,7e-05,0.0,strong_buy
STM,STMicroelectronics N.V.,NYQ,USD,Netherlands,Technology,Semiconductors,,891928108.0,641677526.0,0.7194274070349177,47441747968.0,1.513,2.6693462991569064,2.00578578198889,1.7901589948778938,0.19229001,0.00238,buy
CNSWF,"Constellation Software, Inc.",PNK,USD,Canada,Technology,Software - Application,,21191530.0,20268215.0,0.9564299982115496,41657249792.0,0.7,0.34994568183281044,0.7870022623132394,0.8457822770579236,0.43238997,0.04403,none
CBRS,Cerebras Systems Inc.,NMS,USD,United States,Technology,Semiconductors,,112247109.0,110015907.0,0.9801224101014486,49643757568.0,,,,,0.78271,0.09661,strong_buy
CMG,"Chipotle Mexican Grill, Inc.",NYQ,USD,United States,Consumer Cyclical,Restaurants,,1265418000.0,1255319964.0,0.992019999715509,42072113152.0,0.937,0.7362768792320737,0.8410285454705795,1.0011094235334659,0.92764,0.00722,buy
SCMWY,Swisscom AG,OID,CHF,Switzerland,Communication Services,Telecom Services,,518019430.0,253674115.0,0.48970000024902544,40853430272.0,0.406,0.00582012276234352,-0.017638618349655986,0.09954852714008419,0.00026,0.0,hold
NIPNF,NEC Corp.,PNK,JPY,Japan,Technology,Information Technology Services,,1326344017.0,1260926975.0,0.9506786767523828,42973548544.0,0.345,0.5410745450034552,0.298711211032509,0.15123458208750062,0.55263,0.049629997,none
HNDAF,"Honda Motor Co., Ltd.",PNK,JPY,Japan,Consumer Cyclical,Auto Manufacturers,,3893016583.0,3891731888.0,0.9996700001213429,41849929728.0,0.312,0.15144826647799087,0.21210096806487996,0.1316279437914442,0.42987,0.02633,none
ASMIY,ASM International N.V.,OQX,EUR,Netherlands,Technology,Semiconductor Equipment & Materials,,48817034.0,46646993.0,0.9555474632072075,48218046464.0,1.52,2.094580345057574,1.774076663747028,1.6906377185485193,0.00546,0.0,none
HMC,"Honda Motor Company, Ltd.",NYQ,JPY,Japan,Consumer Cyclical,Auto Manufacturers,,1297672194.0,1297243963.0,0.9996700006349986,42122436608.0,0.312,0.9809243222867998,0.8691180874129547,0.7970038451196005,0.04198,6.0000002e-05,buy
NECPY,NEC Corp.,PNK,JPY,Japan,Technology,Information Technology Services,,111.0,2521853950.0,22719404.954954956,1791.0,0.345,0.5867214618923584,,,2.0000001e-05,0.0,none
ASAZF,ASSA ABLOY,PNK,SEK,Sweden,Industrials,Security & Protection Services,,1053250365.0,1017904019.0,0.9664406990260098,41820729344.0,0.846,0.3406440672430349,0.20423887824991724,0.4480430810329119,0.71682,0.03546,none
KMTUF,Komatsu Ltd.,PNK,JPY,Japan,Industrials,Farm & Heavy Construction Machinery,,887529061.0,879180519.0,0.9905935001265271,40506826752.0,0.985,0.8750457818014573,0.6745688341284142,0.4553398658695076,0.50549,0.00114,none
PWCDF,Power Corp. of Canada,PNK,CAD,Canada,Financial Services,Insurance - Life,,572866765.0,578909253.0,1.0105478068709397,41907097600.0,0.915,0.5758042252194099,0.42485977591837915,0.5542918743350814,0.43671,0.0054,none
NHOLF,SOMPO HOLDINGS INC,PNK,JPY,Japan,Financial Services,Insurance - Property & Casualty,,886784719.0,816596159.0,0.9208505080250486,38876643328.0,0.153,0.3395518462049517,0.05330286990543493,0.021579925136469415,0.44374,0.03938,none
PAYX,"Paychex, Inc.",NMS,USD,United States,Technology,Software - Application,,355980473.0,318827002.0,0.8956305926364675,40603131904.0,0.808,0.020706973558384776,0.4707277989897507,0.7421130736055229,0.85879,0.10334,hold
FERG,Ferguson Enterprises Inc.,NYQ,USD,United States,Industrials,Industrial Distribution,,193452717.0,193009710.0,0.9977099985625945,42625372160.0,1.112,1.198981633589644,1.0406282343271926,1.007684474459417,0.99195,0.0179,buy
WEGZY,Weg SA,OID,BRL,Brazil,Industrials,Electrical Equipment & Parts,,4195829691.0,1460526357.0,0.34808999996658824,42881380352.0,-0.045,0.6351738960561523,0.7580002500825748,0.7014047517395657,3.0000001e-05,0.0,buy
BMPSY,BANCA MONTE DEI PASCHI DI SIENA,PNK,EUR,Italy,Financial Services,Banks - Regional,,3038418183.0,2196654810.0,0.7229600001376769,41231335424.0,0.932,,,,0.0,0.0,none
PRYMF,Prysmian S.P.A.,PNK,EUR,Italy,Industrials,Electrical Equipment & Parts,,299274068.0,292249275.0,0.9765272245372092,44095041536.0,0.936,1.6610199625853186,1.1807420337068621,0.8235549366447529,0.60646,0.0,none
SMTOF,SUMITOMO ELECTRIC INDUSTRIES,PNK,JPY,Japan,Consumer Cyclical,Auto Parts,,3119679500.0,3108478189.0,0.9964094673827872,42094460928.0,0.862,0.41194616482009216,0.44360807747430636,0.4055561863592916,0.47134998,0.04196,none
IX,ORIX Corporation,NYQ,JPY,Japan,Financial Services,Financial Conglomerates,,1039986258.0,1082135520.0,1.040528672062511,41079455744.0,0.715,0.992138839491795,0.8200663496676838,0.7495195826736729,0.03477,0.0,none
VOD,Vodafone Group Plc,NMS,EUR,United Kingdom,Communication Services,Telecom Services,,2311033297.0,3939031092.0,1.7044458412232042,38432481280.0,0.333,0.46979490999750645,0.3899275535349195,0.5143257386291886,0.08590999,1.0000001e-05,hold
PITAF,POSTE ITALIANE SPA,PNK,EUR,Italy,Industrials,Integrated Freight & Logistics,,1507980045.0,454083256.0,0.3011202021575823,47343034368.0,0.769,0.3283918662137055,0.1248983331497816,0.03348966193143989,0.14435,0.6426,none
CLS,"Celestica, Inc.",NYQ,USD,Canada,Technology,Electronic Components,,126111117.0,114010487.0,0.9040478723219936,44537405440.0,1.464,3.1633074564336874,2.512277182912122,1.832249108188692,0.6751,0.00988,strong_buy
ORXCF,ORIX Corp.,PNK,JPY,Japan,Financial Services,Financial Conglomerates,,1039986258.0,1082135520.0,1.040528672062511,41297854464.0,0.715,0.6452150084528825,0.11864596220678965,0.1266317730280662,0.47617,0.001,none
SMTOY,Sumitomo Electric Industries Lt,PNK,JPY,Japan,Consumer Cyclical,Auto Parts,,6239359000.0,6216956377.0,0.9964094672225143,42552430592.0,0.862,2.105413139304591,1.3054026128504554,0.8724037220028308,0.00017000001,0.0,none
KMTUY,Komatsu Ltd.,PNK,JPY,Japan,Industrials,Farm & Heavy Construction Machinery,,887529061.0,879180519.0,0.9905935001265271,40196194304.0,0.985,1.080526715780457,0.9267551181724571,0.7899827552837903,0.00703,0.0,none
LGRVF,LeGrand SA,PNK,EUR,France,Industrials,Electrical Equipment & Parts,,262113593.0,259863370.0,0.9914150846804805,40627609600.0,0.99,0.022267407086494835,-0.017596982305240108,0.06781421588376702,0.56058,0.03179,none
BMDPF,BANCA MONTE DEI PASCHI DI SIENA,PNK,EUR,Italy,Financial Services,Banks - Regional,,3038418183.0,2196654810.0,0.7229600001376769,40441348096.0,0.932,0.0542430784546237,-0.008426362740904848,-0.08819038567309376,0.26647,0.37627998,none
SMPNY,Sompo Hldgs Inc,PNK,JPY,Japan,Financial Services,Insurance - Property & Casualty,,1773569438.0,1633192319.0,0.9208505085888833,38876643328.0,0.153,0.660323447296237,0.7189058011002372,,0.00048000002,0.0,none
PRU,"Prudential Financial, Inc.",NYQ,USD,United States,Financial Services,Insurance - Life,,345000000.0,343899450.0,0.99681,40504725504.0,0.819,0.6508492173039906,0.9347682257043782,0.9530580955636226,0.64997,0.00177,hold
HHUSF,HUA HONG GRACE SEMICONDUCTOR LT,PNK,USD,China,Technology,Semiconductors,,1928494794.0,928223935.0,0.4813204255919811,32356990976.0,1.521,0.12011294100933642,-0.19307598361296588,-0.04185634768732892,0.22756,0.34332,none
LYV,"Live Nation Entertainment, Inc.",NYQ,USD,United States,Communication Services,Entertainment,,232959505.0,157240677.0,0.6749699996143107,39640391680.0,1.116,0.6539806881987427,0.9558764305614255,1.1001175438771618,0.85556,0.32414,buy
PSZKF,POWSZECHNA KASA OSZCZED BK POLS,PNK,PLN,Poland,Financial Services,Banks - Regional,,1250000000.0,880837500.0,0.70467,41824997376.0,0.627,1.3876476809690172,-0.6386316561755365,-0.2126289836816325,0.36813998,0.31393,none
AAVMY,Abn Amro BK N V,PNK,EUR,Netherlands,Financial Services,Banks - Diversified,,814935713.0,549951217.0,0.674840000538791,40567500800.0,0.737,1.3024534352120258,0.8234579699168563,0.8746616545899619,0.00093000004,0.0,none
LGRDY,LeGrand SA,PNK,EUR,France,Industrials,Electrical Equipment & Parts,,1310567965.0,1299316850.0,0.9914150846804805,42095439872.0,0.99,1.429525285276175,1.0465799005738985,0.9681777771979839,0.00023,0.0,underperform
PSZKY,Powszechna Kasa Oszczednosci Ba,PNK,PLN,Poland,Financial Services,Banks - Regional,,1250000000.0,880837500.0,0.70467,41250000896.0,0.627,0.38323827883888223,0.2617142421191445,0.08122231863590486,1.0000001e-05,0.0,none
FLEX,Flex Ltd.,NMS,USD,United States,Technology,Electronic Components,,369402978.0,366613986.0,0.9924500013099515,41923543040.0,1.654,2.8527735887389376,1.8767587646292085,1.5338736220639748,0.96683,0.00614,strong_buy
PRYMY,Prysmian S.P.A.,PNK,EUR,Italy,Industrials,Electrical Equipment & Parts,,598548136.0,584498550.0,0.9765272245372092,44358406144.0,0.936,2.134705643560981,1.409690175499506,1.1907101645786744,0.00031,0.0,none
AIG,"American International Group, I",NYQ,USD,United States,Financial Services,Insurance - Diversified,,522893169.0,521371550.0,0.9970900002329156,39211757568.0,0.511,0.05551745042066898,0.5182939395908661,0.7477357615633482,1.00309,0.00545,buy
VODPF,Vodafone Group Plc,PNK,EUR,United Kingdom,Communication Services,Telecom Services,,23110332966.0,19695155461.0,0.8522229208023778,39518670848.0,0.333,0.10592024382211195,0.07847887177537399,0.22195626509093883,0.66064,0.0016300001,none
TTWO,"Take-Two Interactive Software, ",NMS,USD,United States,Communication Services,Electronic Gaming & Multimedia,,186980443.0,186140901.0,0.9955100010111753,38519840768.0,0.966,0.6774663471907276,0.6857380592585336,0.807721775700952,0.99908996,0.01779,strong_buy
FER,Ferrovial N.V.,NMS,EUR,Netherlands,Industrials,Engineering & Construction,,720602155.0,495259141.0,0.6872851233701903,40346517504.0,0.781,0.989830138800842,0.5748106102827937,0.2910411074011075,0.41942,0.34994,buy
WCN,"Waste Connections, Inc.",NYQ,USD,Canada,Industrials,Waste Management,,251569244.0,251185002.0,0.9984726193317972,39141658624.0,0.474,-0.11867505145926005,0.2740368159115489,0.4229886932785335,0.91415,0.0025600002,strong_buy
CODYY,Compagnie de Saint-Gobain,PNK,EUR,France,Industrials,Building Products & Equipment,,4887345360.0,4507681155.0,0.9223168863597558,39636369408.0,1.209,1.2988473212649454,1.1604715284132894,1.146536486075486,0.00018999999,0.0,none
MSCI,MSCI Inc.,NYQ,USD,United States,Financial Services,Financial Data & Stock Exchanges,,72700000.0,69021380.0,0.9494,40096776192.0,1.219,0.36076215529035227,0.7204348213149249,1.086784076932789,0.95662004,0.03596,none
ASAZY,Assa Abloy AB,PNK,SEK,Sweden,Industrials,Security & Protection Services,,2106500730.0,2035808037.0,0.9664406985512889,40343396352.0,0.846,1.0672204332551714,0.8958157569401813,0.9679238701469982,0.0023999999,0.0,none
MCHPP,Microchip Technology Incorporat,NMS,USD,United States,Technology,Semiconductors,,,532751257.0,,,1.736,1.8658100214990154,,,,,none
CODGF,Compagnie de Saint-Gobain,PNK,EUR,France,Industrials,Building Products & Equipment,,488734536.0,450768116.0,0.9223168873828061,39132975104.0,1.209,0.5747949942994572,0.5275127790189447,0.46989967123165255,0.52381,0.08771,none
DKILF,Daikin Industries Ltd.,PNK,JPY,Japan,Industrials,Building Products & Equipment,,278336120.0,278290874.0,0.9998374411484934,36985307136.0,0.561,0.8074753750734031,0.39619309369714845,0.4652764915640843,0.60074,0.04237,none
DHI,"D.R. Horton, Inc.",NYQ,USD,United States,Consumer Cyclical,Residential Construction,,279701267.0,250595553.0,0.8959399994423336,40159510528.0,1.371,0.9052124787063657,0.7698965999619435,0.9953988064651161,0.8791,0.10398,hold
TTRAF,Telstra Group Limited,PNK,AUD,Australia,Communication Services,Telecom Services,,11139136247.0,11117440173.0,0.998052266035812,38652805120.0,0.122,0.15026585218189148,-0.022506548616820804,-0.008318127604788257,0.30756,0.00446,none
DKILY,Daikin Industries Ltd.,PNK,JPY,Japan,Industrials,Building Products & Equipment,,2783361200.0,2782908743.0,0.999837442226327,36990869504.0,0.561,0.8826794763630413,0.7966031700464052,0.8224866842890599,0.00174,0.0,none
TLGPY,Telstra Group Limited,PNK,AUD,Australia,Communication Services,Telecom Services,,2227827249.0,2223488035.0,0.9980522663945565,38340902912.0,0.122,0.37785907818852305,0.5042516720555411,0.5492280176374295,8.9999994e-05,0.0,none
DTRUY,DAIMLER TRUCK HLDG AG,PNK,EUR,Germany,Industrials,Farm & Heavy Construction Machinery,,1520426210.0,984430222.0,0.6474699104272874,37630550016.0,0.924,1.0429724039658048,0.9682092520902872,0.9550462182140367,0.0001,0.0,none
RKLB,Rocket Lab Corporation,NMS,USD,United States,Industrials,Aerospace & Defense,,598459739.0,556860860.0,0.9304900960096164,45632589824.0,2.612,3.73192658610341,2.5074382882607154,2.150337942248345,0.61899,0.00795,buy
BLMIF,Bank Leumi Le Israel,PNK,ILS,Israel,Financial Services,Banks - Regional,,1469127362.0,1471193178.0,1.001406151742479,38050398208.0,0.361,0.15694414856596967,-0.035162445963429684,0.03674193631724581,0.38981998,0.000120000004,none
VIK,Viking Holdings Ltd,NYQ,USD,Bermuda,Consumer Cyclical,Travel Services,,318867000.0,207173036.0,0.6497161387035975,36878417920.0,1.41,1.6797027454800002,1.595908108761193,,1.01532,0.00963,strong_buy
AXON,"Axon Enterprise, Inc.",NMS,USD,United States,Industrials,Aerospace & Defense,,81237415.0,77318522.0,0.9517599987641162,37209174016.0,1.399,1.5731824825788536,1.233561716554884,1.2196030935855975,0.91165,0.04513,buy
DTGHF,DAIMLER TRUCK HLDG AG,PNK,EUR,Germany,Industrials,Farm & Heavy Construction Machinery,,760213105.0,492215111.0,0.6474699104272874,38390763520.0,0.924,0.3660229716275106,0.6569207067904824,,0.31835,0.352,none
MCHP,Microchip Technology Incorporat,NMS,USD,United States,Technology,Semiconductors,,543008691.0,532751257.0,0.9811100003185769,40823394304.0,1.736,2.1717986479927545,2.1009522869529658,1.8349135660876872,1.02581,0.01787,buy
YUM,"Yum! Brands, Inc.",NYQ,USD,United States,Consumer Cyclical,Restaurants,,272901085.0,272150607.0,0.9972499999404546,38273011712.0,0.551,0.04797564858533954,0.34538311099569446,0.5222530465819912,0.91350996,0.00161,buy
NTAP,"NetApp, Inc.",NMS,USD,United States,Technology,Software - Infrastructure,,196419005.0,195332808.0,0.9944700004971515,37899046912.0,1.432,1.3136386831471747,1.2620830879744258,1.1242174087456198,1.01966,0.00417,buy
SHG,Shinhan Financial Group Co Ltd,NYQ,KRW,South Korea,Financial Services,Banks - Regional,,470864361.0,436194383.0,0.9263695007063828,38697984000.0,0.65,1.0312514429890223,0.9211915832818505,0.8198614098446443,0.05432,0.0,strong_buy
ROP,"Roper Technologies, Inc.",NMS,USD,United States,Technology,Software - Application,,98900874.0,98352963.0,0.9944599984020364,35952443392.0,0.747,0.07340852389315124,0.57468911557581,0.68387428762334,1.06776,0.00387,buy
BBDO,Banco Bradesco Sa,NYQ,BRL,Brazil,Financial Services,Banks - Regional,,5293220781.0,7475818960.0,1.412338398359356,33509158912.0,0.221,0.931945469216125,0.6654729130620558,0.5848625114636796,0.0013,0.0,none
BBD,Banco Bradesco Sa,NYQ,BRL,Brazil,Financial Services,Banks - Regional,,5277491247.0,7475818960.0,1.4165478652853558,37208907776.0,0.221,1.1817371834567094,0.7131745060065088,0.6593296600136443,0.2449,7e-05,buy
FRFHF,Fairfax Financial Holdings Ltd.,PNK,USD,Canada,Financial Services,Insurance - Property & Casualty,,19221125.0,17662174.0,0.9188938732774486,33294358528.0,0.431,0.2063879690255149,0.533510697907914,0.5935107739311131,0.338,0.02651,none
EQBBF,EQT AB,PNK,EUR,Sweden,Financial Services,Asset Management,,1245930082.0,945286585.0,0.7586995439443929,39246798848.0,1.412,0.12345398125712409,0.042807152201451336,0.07016121566741589,0.43115002,0.32876,none
TWLO,Twilio Inc.,NYQ,USD,United States,Technology,Software - Infrastructure,,153575220.0,152896418.0,0.9955800030760171,43454107648.0,1.405,1.4230251204911166,1.392080623594132,1.6809749450052593,0.93257004,0.0012800001,buy
TGOPF,"3i Group Plc"",",PNK,GBP,United Kingdom,Financial Services,Asset Management,,1018244274.0,939705462.0,0.9228683980794966,36626247680.0,1.129,0.6931387358806416,0.3073214811658538,0.5513138935879542,0.77089,0.02033,none
RKT,"Rocket Companies, Inc.",NYQ,USD,United States,Financial Services,Mortgage Finance,,1906422676.0,1881060060.0,0.9866962262255424,35976015872.0,2.212,2.1731070891280746,1.262674125062512,1.4108192861310258,0.52461,0.00634,buy
HIG,"The Hartford Insurance Group, I",NYQ,USD,United States,Financial Services,Insurance - Diversified,,270872002.0,269582651.0,0.9952399990014472,34966863872.0,0.45,-0.08981120507350425,0.3980783372819735,0.5810544436085004,0.96254,0.00345,buy
RSHGY,"Resona Holdings, Inc.",PNK,JPY,Japan,Financial Services,Banks - Regional,,1116681555.0,1121673565.0,1.004470397113347,35086135296.0,0.308,0.9982375398897717,,,4.0000003e-05,0.0,none
TKO,"TKO Group Holdings, Inc.",NYQ,USD,United States,Communication Services,Entertainment,,73111098.0,59720069.0,0.816839996029057,35645165568.0,0.643,0.4847419438169032,0.7094508604185946,0.6196015152639411,1.16428,0.18211001,strong_buy
ODFL,"Old Dominion Freight Line, Inc.",NMS,USD,United States,Industrials,Trucking,,207968283.0,185716885.0,0.8930058099291996,36714721280.0,1.165,1.0118160139684713,1.1424611559736684,1.1967231087637011,0.81231004,0.082370006,buy
RNECY,Renesas Electronics Corp,PNK,JPY,Japan,Technology,Semiconductors,,3654978478.0,3353150355.0,0.9174199999215427,39473770496.0,1.256,2.677158910232973,2.0736429485661296,1.602354037314426,0.00035,0.0,none
RNECF,Renesas Electronics Corp,PNK,JPY,Japan,Technology,Semiconductors,,1827489239.0,1676575178.0,0.917420000195142,39747891200.0,1.256,1.2532668156718718,0.906052410974627,0.7177489681350893,0.52904,0.052360002,none
DSCSY,Disco Corp.,PNK,JPY,Japan,Technology,Semiconductor Equipment & Materials,,1084677250.0,873674985.0,0.8054700004079555,38137253888.0,1.01,2.830828121754097,1.9316325818643036,1.3742804895619838,0.00052,0.0,none
RSNHF,RESONA HOLDINGS,PNK,JPY,Japan,Financial Services,Banks - Regional,,2233363110.0,2243347129.0,1.004470396665592,35628843008.0,0.308,1.1056177403443153,0.5561502289777263,,0.51722,0.0309,none
TGOPY,3i Group,PNK,GBP,United Kingdom,Financial Services,Asset Management,,4072977096.0,3758821848.0,0.9228683980794966,36493877248.0,1.129,1.2374315754617786,0.8935274869881179,0.9308264387495194,6.0000002e-05,0.0,none
HVRRY,Hannover Re,PNK,EUR,Germany,Financial Services,Insurance - Reinsurance,,723568333.0,359624986.0,0.4970159273125625,34970058752.0,0.125,0.16486102990255402,0.35742534399008896,0.47673249473261725,0.0001,0.0,none
FANUF,Fanuc Corporation,PNK,JPY,Japan,Industrials,Specialty Industrial Machinery,,929200798.0,933017975.0,1.0041080216549707,35309629440.0,0.925,1.6291353030376958,0.49905753727851093,0.39304554247208223,0.53847003,0.00695,none
ADYYF,Adyen N.V.,PNK,EUR,Netherlands,Technology,Software - Infrastructure,,31566677.0,28238602.0,0.8945699922738146,31787327488.0,1.877,1.7275078542443103,1.3192976577591917,1.4862447136133359,0.81893,0.13141,none
CICOY,COSCO SHIPPING Holdings Co Ltd.,PNK,CNY,China,Industrials,Marine Shipping,,3043621102.0,1399501581.0,0.45981465303955565,33053724672.0,0.631,0.32903352461717644,0.28475493360733656,0.4225904082888402,0.0,0.0,none
HEI,Heico Corporation,NYQ,USD,United States,Industrials,Aerospace & Defense,,55241647.0,123974601.0,2.244223475089365,42883162112.0,1.038,1.1891197677963214,0.8652647989848593,0.8725740903659382,0.81254,0.22819,buy
DISPF,Disco Corp.,PNK,JPY,Japan,Technology,Semiconductor Equipment & Materials,,108467725.0,87367498.0,0.8054699957982893,38036377600.0,1.01,-2.3930301425099274,0.6632651250393293,1.3366289712690984,0.42795,0.18885,none
TTDKF,TDK Corp.,PNK,JPY,Japan,Technology,Electronic Components,,1898154125.0,1897793411.0,0.9998099659056927,36539465728.0,0.697,1.2209103481350196,2.1111624985858133,1.502043427775085,0.58466,0.0021600001,none
DNZOF,Denso Corp.,PNK,JPY,Japan,Consumer Cyclical,Auto Parts,,2507140573.0,851289702.0,0.3395460594303102,33946683392.0,0.616,0.04945911771822662,-0.017000702899102757,0.025571085097093885,0.31829,0.27339,none
CHT,"Chunghwa Telecom Co., Ltd.",NYQ,TWD,Taiwan,Communication Services,Telecom Services,,775744655.0,1654849624.0,2.1332401239683696,35777343488.0,0.112,0.14882221827263875,0.213923644274477,0.2175044917643058,0.027780002,1.0000001e-05,none
BKHPF,Bank Hapoalim B.M.,PNK,ILS,Israel,Financial Services,Banks - Regional,,1304811072.0,1305589433.0,1.0005965315720435,34851500032.0,0.336,-0.06819812599436637,0.012984832430316123,-0.006499858958699502,0.44269,0.00017000001,none
NPSNY,Naspers Ltd.,PNK,USD,South Africa,Consumer Cyclical,Internet Retail,,3735805020.0,3756093657.0,1.0054308607894102,34712870912.0,0.65,1.3808961656629066,1.0636769576063194,1.099491934968562,0.00078,0.0,strong_buy
IBIDY,Ibiden Co. Ltd.,PNK,JPY,Japan,Technology,Electronic Components,,1124623340.0,1042339690.0,0.9268344813117608,36741443584.0,1.685,2.5241580272398645,0.6257258360723413,0.5879680486265912,0.0,0.0,none
NAPRF,NASPERS,PNK,USD,South Africa,Consumer Cyclical,Internet Retail,,747161004.0,751218731.0,1.0054308602540505,205733593088.0,0.65,-0.2887306194520801,0.10044777076948967,0.16440011009862587,0.63663,0.01123,none
TTDKY,TDK Corp.,PNK,JPY,Japan,Technology,Electronic Components,,1898154125.0,1897793411.0,0.9998099659056927,35229741056.0,0.697,2.3585300870792327,1.5463856120645185,1.1745827443227088,0.00449,0.0,none
ERIXF,Ericsson (L.M.) Telephone Co.,PNK,SEK,Sweden,Technology,Communication Equipment,,3001577089.0,2878267142.0,0.9589182808424614,33285996544.0,0.507,-0.02676405196421407,0.12909091770784786,0.16880625754085,0.64002,0.00098,none
BKHYY,Bank Hapoalim B.M.,PNK,ILS,Israel,Financial Services,Banks - Regional,,260962214.0,261117887.0,1.000596534638536,34141685760.0,0.336,0.7272168433710786,0.24717206146415602,0.25090749315104127,5e-05,0.0,none
ESLT,Elbit Systems Ltd.,NMS,USD,Israel,Industrials,Aerospace & Defense,,46862592.0,27380090.0,0.58426324348427,34793836544.0,-0.296,0.7376740273146956,0.37550181768616697,0.442050307756702,0.23010999,0.41224,hold
BPERF,,PNK,EUR,Italy,Financial Services,Banks - Regional,,2097327776.0,1658282212.0,0.790664306731615,34501042176.0,0.681,0.5379917883574244,,,0.39209998,0.27168,none
UI,Ubiquiti Inc.,NYQ,USD,United States,Technology,Communication Equipment,,60528381.0,4224881.0,0.06980000010243129,34949390336.0,1.316,1.6577821616269606,1.5042582269957374,1.3289272608328946,0.05175,0.92999,none
UAL,"United Airlines Holdings, Inc.",NMS,USD,United States,Industrials,Airlines,,324569728.0,322178606.0,0.9926329481965737,37216788480.0,1.272,2.1763512809538335,1.9370536102904337,1.6449202630387176,0.90690005,0.0058600004,strong_buy
EXPE,"Expedia Group, Inc.",NMS,USD,United States,Consumer Cyclical,Travel Services,,114498625.0,113551501.0,0.9917280753371492,32209123328.0,1.25,1.0257851203301014,1.29765892991661,1.3615784384570888,1.08733,0.0061500003,buy
BPXXY,BPER BANCA S.P.A,PNK,EUR,Italy,Financial Services,Banks - Regional,,1048663888.0,829141106.0,0.790664306731615,34920505344.0,0.681,0.45203310417316106,0.48667027207655245,0.20079705390229863,0.0,0.0,none
JDCMF,"JD.com, Inc.",PNK,CNY,China,Consumer Cyclical,Internet Retail,,2409875383.0,2393358466.0,0.9931461530681149,38925889536.0,0.339,0.535782655977265,0.5658345193442803,0.6946300504301123,0.31216,0.0,none
CICOF,COSCO SHIPPING Holdings Co Ltd.,PNK,CNY,China,Industrials,Marine Shipping,,12506519508.0,6997507904.0,0.5595088145446004,33023289344.0,0.631,0.36589544842830773,0.14511443934416984,0.26183694866051055,0.33551997,0.14014,none
IBIDF,Ibiden Co. Ltd.,PNK,JPY,Japan,Technology,Electronic Components,,281155835.0,260584922.0,0.9268344795333876,35987947520.0,1.685,1.562412583794417,-0.5378323836474641,15.984709878857089,0.69585,0.10203,none
FANUY,Fanuc Corporation,PNK,JPY,Japan,Industrials,Specialty Industrial Machinery,,1858401596.0,1866035951.0,1.0041080221930674,35606974464.0,0.925,1.8577071468236233,1.1470700691082059,0.9854602093063717,0.0023,0.0,none
QSR,Restaurant Brands International,NYQ,USD,United States,Consumer Cyclical,Restaurants,,348758065.0,317593044.0,0.9106399991065439,33038964736.0,0.534,0.11033665011278468,0.4183585819142594,0.5615634249703334,0.96981,0.01283,buy
ADYEY,Adyen N.V.,PNK,EUR,Netherlands,Technology,Software - Infrastructure,,3156667700.0,2823860224.0,0.8945699998767688,32166443008.0,1.877,1.7465727817017063,1.4923939910649064,1.729617832130099,0.01007,0.0,none
HOCFF,Hochtief AG,PNK,EUR,Germany,Industrials,Engineering & Construction,,75245947.0,18284292.0,0.2429937123390845,35798257664.0,0.78,1.749516380666924,0.6415357058019556,0.459638734947375,0.06578,0.77529997,none
DNZOY,Denso Corp.,PNK,JPY,Japan,Consumer Cyclical,Auto Parts,,2507140573.0,851289702.0,0.3395460594303102,30461757440.0,0.616,1.0961030676570291,0.9402954216432106,0.9097381188083971,8.0000005e-05,0.0,none
RBLX,Roblox Corporation,NYQ,USD,United States,Communication Services,Electronic Gaming & Multimedia,,669992988.0,643145516.0,0.9599287268958702,35583066112.0,1.474,1.4761340028460384,1.2922314344980113,1.746436353642716,0.86462,0.05473,buy
HBANM,Huntington Bancshares Incorpora,NMS,USD,United States,Financial Services,Banks - Regional,,,2007221517.0,,,0.941,0.22657919385909503,0.2706725032635983,0.31377404360709477,0.101210006,0.0,none
HBANL,Huntington Bancshares Incorpora,NMS,USD,United States,Financial Services,Banks - Regional,,,2007221517.0,,,0.941,0.08802681320788575,0.18475210150121996,0.26659178605986805,0.30745,0.0,none
HBANZ,Huntington Bancshares Incorpora,NMS,USD,United States,Financial Services,Banks - Regional,,,2007221517.0,,,0.941,0.2616469668458554,,,,,none
HBANP,Huntington Bancshares Incorpora,NMS,USD,United States,Financial Services,Banks - Regional,,,2007221517.0,,,0.941,0.28301621868586857,0.35438733037349734,0.4492321262102563,0.00022,0.0,none
FINMF,Leonardo S.P.A.,PNK,EUR,Italy,Industrials,Aerospace & Defense,,576797352.0,403078359.0,0.6988214450055242,33483087872.0,0.367,0.38486327637793394,0.3115844546002223,0.17410016515495436,0.333,0.30200002,none
EXPGF,Experian plc,OQX,USD,Ireland,Industrials,Consulting Services,,881343499.0,896865052.0,1.0176112412670102,32195477504.0,0.847,0.2936344486385388,0.4988090420152004,0.43103014677837503,0.55682,0.00223,none
PPRUF,Kering SA,PNK,EUR,France,Consumer Cyclical,Luxury Goods,,122618351.0,70028566.0,0.5711099964148107,32436232192.0,0.992,0.27035597344507434,0.5350536962123353,0.6851037038892699,0.28565,0.42529,none
WEICF,Weichai Power Company Ltd.,PNK,CNY,China,Consumer Cyclical,Auto Manufacturers,,1943040000.0,6891439967.0,3.546730878931983,35856916480.0,1.611,0.10674761517018712,-0.03082376400916985,0.06009888311477778,0.6806,0.0,none
ERIC,Ericsson,NMS,SEK,Sweden,Technology,Communication Equipment,,3001577089.0,2878267142.0,0.9589182808424614,31980664832.0,0.507,0.8937083287178521,0.7839290477387335,0.8814929095019214,0.12154,0.0,none
EXPGY,Experian plc,OQX,USD,Ireland,Industrials,Consulting Services,,881343499.0,896865052.0,1.0176112412670102,31296505856.0,0.847,0.507634057598557,0.7858988467860157,0.8926305821387738,0.0025499999,0.0,strong_buy
PUKPF,Prudential PLC,PNK,USD,Hong Kong,Financial Services,Insurance - Life,,2469175004.0,2357460400.0,0.9547563036969736,33259788288.0,0.894,-0.08098946094396972,0.16478881904364362,0.491797365620733,0.67556,0.0030500002,none
PPRUY,Kering SA,PNK,EUR,France,Consumer Cyclical,Luxury Goods,,1226183510.0,700285664.0,0.5711099996769652,32481601536.0,0.992,0.9674196854160343,0.9141310268502456,1.0093326278056418,0.00062,0.0,underperform
ACGLO,Arch Capital Group Ltd. - Depos,NMS,USD,Bermuda,Financial Services,Insurance - Diversified,,402939008.0,326902135.0,0.8112943361393296,,0.282,0.31459400313482533,0.2640578542205525,0.32388147879237805,0.28096,0.0,none
ACGLN,Arch Capital Group Ltd. - Depos,NMS,USD,Bermuda,Financial Services,Insurance - Diversified,,,326902135.0,,,0.282,0.26196587043026137,0.2580133106547517,0.3179165075436743,,,none
FINMY,Leonardo S.P.A.,PNK,EUR,Italy,Industrials,Aerospace & Defense,,1153594704.0,806156718.0,0.6988214450055242,32877451264.0,0.367,0.821111361134892,0.6527908621507059,0.4973762425274856,0.00131,0.0,none
ACGL,Arch Capital Group Ltd.,NMS,USD,Bermuda,Financial Services,Insurance - Diversified,,341229126.0,326902135.0,0.9580135753124427,32358758400.0,0.282,-0.2985432799031381,0.281051241701192,0.4711598931774094,0.94147,0.02786,buy
CKHUF,CK Hutchison Holdings LTD,PNK,HKD,Hong Kong,Industrials,Conglomerates,,3830044500.0,2650543996.0,0.6920400000574406,32938383360.0,0.765,0.6242153225846075,0.17215259298420416,,0.25563,0.30482,none
OKTA,"Okta, Inc.",NMS,USD,United States,Technology,Software - Infrastructure,,167139757.0,166672525.0,0.9972045430220411,34524512256.0,0.789,1.286923616011095,1.319891064365744,1.5599401806015238,0.9937,0.0055199997,buy
CKHUY,CK Hutchison Holdings LTD,PNK,HKD,Hong Kong,Industrials,Conglomerates,,3830044500.0,2650543996.0,0.6920400000574406,32938383360.0,0.765,0.7485720927611357,0.46540158301536794,0.3405721244930687,0.00177,0.0,none
NTRSO,Northern Trust Corporation - De,NMS,USD,United States,Financial Services,Asset Management,,,179788691.0,,,1.257,0.25769892759902624,0.2648207767095066,0.3458244907756232,0.22609,0.0,none
JD,"JD.com, Inc.",NMS,CNY,China,Consumer Cyclical,Internet Retail,,1350500000.0,1196679233.0,0.8861008759718623,36969934848.0,0.339,0.8005041138839442,0.847521529401851,1.033642784938025,0.16535,0.01008,strong_buy
IFCZF,Intact Financial Corp.,PNK,CAD,Canada,Financial Services,Insurance - Property & Casualty,,176349221.0,175541542.0,0.9954200024507055,32000329728.0,0.281,0.052476281057582154,0.19866703063928642,0.25685175867403753,0.5435,0.00298,none
MTB,M&T Bank Corporation,NYQ,USD,United States,Financial Services,Banks - Regional,,144416262.0,143741838.0,0.9953299996090468,32335550464.0,0.563,0.602040633453716,0.9026396445971305,0.9003358764666898,0.92437,0.0032300001,hold
EME,"EMCOR Group, Inc.",NYQ,USD,United States,Industrials,Engineering & Construction,,44109901.0,43771578.0,0.9923299986549505,33249601536.0,1.13,1.8556085191911758,1.4223345290180123,1.1137132707243382,0.96093005,0.00708,none
SHLAF,SCHINDLER-HLDG AG,PNK,CHF,Switzerland,Industrials,Specialty Industrial Machinery,,39912607.0,56738719.0,1.4215738651198604,34616647680.0,0.837,0.05667656000090069,-0.038264737972479194,0.03495464356096968,0.48863998,0.0,none
SHNDY,Schindler Holding AG,PNK,CHF,Switzerland,Industrials,Specialty Industrial Machinery,,1337108960.0,1134774380.0,0.8486775677578288,32788469760.0,0.837,0.4348679126564579,,,0.0,0.0,none
P,"Everpure, Inc.",NYQ,USD,United States,Technology,Computer Hardware,,333227251.0,317802162.0,0.9537100013467986,36250128384.0,1.434,2.435380883911059,2.05428112179758,1.6362240797374124,0.85322,0.047620002,buy
DASTY,Dassault Systemes SA,PNK,EUR,France,Technology,Software - Application,,1314054049.0,669292080.0,0.5093337526788443,31458453504.0,0.553,0.5701740943971055,0.6281819265366095,0.8862549002318928,0.00027000002,0.0,buy
FANDY,Firstrand Limited,PNK,ZAR,South Africa,Financial Services,Banks - Diversified,,556145940.0,554972472.0,0.9978899998802473,32300955648.0,0.536,0.5431696145470069,0.45534066880012214,0.32448602073189875,,,none
PUK,Prudential Public Limited Compa,NYQ,USD,Hong Kong,Financial Services,Insurance - Life,,1234587502.0,4714920800.0,3.8190252147878945,31784456192.0,0.894,1.1934263769500089,1.0331479702378599,1.1265687084706868,0.03018,0.0,strong_buy
NTRS,Northern Trust Corporation,NMS,USD,United States,Financial Services,Asset Management,,182955653.0,179788691.0,0.9826900019317796,31998029824.0,1.257,0.9212858535045206,1.0159331811060803,1.067518213902972,0.86166,0.00858,hold
SHLRF,Schindler Holding AG,PNK,CHF,Switzerland,Industrials,Specialty Industrial Machinery,,66855448.0,56738719.0,0.8486775677578288,33593870336.0,0.837,-0.015954545347317696,-0.08854167111279158,-0.013347967027688732,0.13915,0.68902,none
OLCLY,"Oriental Land Co., Ltd.",PNK,JPY,Japan,Consumer Cyclical,Leisure,,1639716594.0,1149040370.0,0.7007554684782314,31843297280.0,0.308,0.3488558965110582,0.3808638571868933,0.32893780036609427,3.0000001e-05,0.0,none
SAABY,Saab AB,PNK,SEK,Sweden,Industrials,Aerospace & Defense,,1058227704.0,746934439.0,0.7058352717252241,33972621312.0,0.033,0.7562874563540213,0.48428808719405103,,0.0010899999,0.0,none
GBOOF,"Grupo Financiero Banorte, S.A.B",OQX,MXN,Mexico,Financial Services,Banks - Regional,,2774660273.0,2812271644.0,1.013555306704029,31353663488.0,0.125,-0.3465229623053404,0.15135112050965724,0.285988960449091,0.44785,0.13,none
GBOOY,"Grupo Financiero Banorte, S.A.B",OQX,MXN,Mexico,Financial Services,Banks - Regional,,554932055.0,562454329.0,1.0135553063338538,31575633920.0,0.125,0.9387972404154169,0.8430607349598936,0.7558968388926763,0.00066,0.0,none
SAABF,Saab AB,PNK,SEK,Sweden,Industrials,Aerospace & Defense,,529113852.0,373467219.0,0.7058352707802479,33988780032.0,0.033,0.501779837191238,0.39738049298416017,0.2347963792051144,0.70631,0.00875,none
HBAN,Huntington Bancshares Incorpora,NMS,USD,United States,Financial Services,Banks - Regional,,2020414826.0,2007221517.0,0.9934699999078308,31609391104.0,0.941,0.8029146834069767,1.082355201905549,1.0601633656858915,0.89922994,0.008090001,buy
SUTNY,"Sumitomo Mitsui Trust Group, In",OID,JPY,Japan,Financial Services,Banks - Regional,,5507881874.0,5286464936.0,0.9597999842652399,30623823872.0,0.338,0.7291790990803482,0.6935642970838068,0.5798557120856633,0.00035999998,0.0,none
CKHGY,Capitec Bank Holdings Ltd,PNK,ZAR,South Africa,Financial Services,Banks - Regional,,231645610.0,174536792.0,0.7534647084397584,30855194624.0,0.733,0.7696028770428294,0.7218600007492137,,1.0000001e-05,0.0,none
RJF,"Raymond James Financial, Inc.",NYQ,USD,United States,Financial Services,Asset Management,,192100000.0,171742459.0,0.8940263352420614,30547742720.0,0.917,0.7646529774323021,0.9447026748531936,1.0170597336308431,0.81127,0.105500005,buy
KHNGY,Kuehne & Nagel International AG,PNK,CHF,Switzerland,Industrials,Integrated Freight & Logistics,,593800370.0,235341945.0,0.39633175876936555,33205315584.0,0.644,0.8470611559877963,0.5331890920537914,0.6612696974012076,4.0000003e-05,0.0,none
VWSYF,Vestas Wind Systems A/S,PNK,EUR,Denmark,Industrials,Specialty Industrial Machinery,,977277759.0,982188419.0,1.005024835523756,31673571328.0,0.987,0.42446250941818103,0.4884679010130847,0.62534581048217,0.53279996,0.00071000005,none
DASTF,Dassault Systemes SA,PNK,EUR,France,Technology,Software - Application,,1314054049.0,669292080.0,0.5093337526788443,31606939648.0,0.553,0.4898174558850219,0.44067717247917554,0.6791776284568897,0.30040002,0.49051,none
AVIFY,Advanced Info Service Public Co,PNK,THB,Thailand,Communication Services,Telecom Services,,2974209736.0,1158811597.0,0.38961999988557633,34018265088.0,0.03,1.2178465713085453,0.13782924163536828,0.10668426294937383,1.0000001e-05,0.0,none
ICTEF,International Container Termina,PNK,USD,Philippines,Industrials,Marine Shipping,,2018842695.0,505416447.0,0.2503495929879767,29828401152.0,0.712,2.9400120699717656,0.6935626953881602,0.25429507429453246,0.23382999,0.36525002,none
ZS,"Zscaler, Inc.",NMS,USD,United States,Technology,Software - Infrastructure,,163054698.0,106451890.0,0.6528599991642069,34173005824.0,0.948,1.0068536994623296,1.374982640157334,1.7109211000360376,0.53115004,0.34669,buy
UNVGY,UNIVERSAL MUSIC GROUP,PNK,EUR,Netherlands,Communication Services,Entertainment,,3596421238.0,2032664741.0,0.5651909513609651,29814331392.0,0.778,0.49587707316087276,0.38733270678670323,,0.0019200001,0.0,none
JBL,Jabil Inc.,NYQ,USD,United States,Technology,Electronic Components,,104787089.0,102784608.0,0.9808900025841925,32097857536.0,1.292,2.094169767498802,1.584996062758296,1.3833301128715128,0.99166,0.01192,strong_buy
VWDRY,Vestas Wind Systems A/S,PNK,EUR,Denmark,Industrials,Specialty Industrial Machinery,,2934768045.0,2949514772.0,1.005024835616949,31343325184.0,0.987,1.0692620610539407,0.7985616738443839,0.851647441938617,0.00058,0.0,none
MLYBY,Malayan Banking Berhad,PNK,MYR,Malaysia,Financial Services,Banks - Regional,,6047789609.0,5925742650.0,0.9798195759292988,32113762304.0,0.106,-0.4410717105460935,0.16233562168950236,-0.07310533364746936,0.0,0.0,none
BRDCF,Bridgestone Corp.,PNK,JPY,Japan,Consumer Cyclical,Auto Parts,,1234467309.0,1169731023.0,0.9475593354898635,29577836544.0,0.471,-0.7041917044882554,0.023669926110989354,0.027843520744087382,0.42946,0.1626,none
UMGNF,UNIVERSAL MUSIC GROUP,PNK,EUR,Netherlands,Communication Services,Entertainment,,1798210619.0,1016332370.0,0.565190951082911,30084061184.0,0.778,0.578257261461617,0.4099788607226276,0.5909955251244355,0.35827,0.43268,none
SZLMY,Swiss Life Holding,PNK,CHF,Switzerland,Financial Services,Insurance - Diversified,,558909960.0,556348611.0,0.9954172421618681,32019499008.0,0.527,0.5571475779305747,0.4434034370332532,0.5065317154346289,2.0000001e-05,0.0,none
SVNLY,Svenska Handelsbanken AB PUBL,PNK,SEK,Sweden,Financial Services,Banks - Diversified,,3889554330.0,3243128271.0,0.8338045945227869,30874714112.0,0.504,0.90612904764114,0.7013463407292735,0.7271483862576194,6.0000002e-05,0.0,underperform
SWSDF,Swiss Life Holding,PNK,CHF,Switzerland,Financial Services,Insurance - Diversified,,27945498.0,27817431.0,0.9954172582646407,31676221440.0,0.527,0.02916066056074376,0.03272507624061311,0.04799698242644572,0.3973,0.00397,none
SGBLY,Standard Bank Group Ltd.,PNK,ZAR,South Africa,Financial Services,Banks - Regional,,1619308095.0,1291964964.0,0.7978500002496437,30977361920.0,0.371,1.301789887491247,0.7759347883765382,0.774028858771639,0.00018999999,0.0,none
TRAUF,Transurban Group,PNK,AUD,Australia,Industrials,Infrastructure Operations,,3120552079.0,3119403723.0,0.9996320022960912,30269356032.0,0.505,0.25957333165794183,0.2553826075086549,0.2688572908051602,0.63364,0.0028400002,hold
SVNLF,Svenska Handelsbanken AB PUBL,PNK,SEK,Sweden,Financial Services,Banks - Diversified,,1944777165.0,1621564135.0,0.833804594265688,31640340480.0,0.504,0.49141964260276166,0.21219770458698833,0.36189486850367947,0.43139,0.26302,none
KHNGF,Kuehne & Nagel International AG,PNK,CHF,Switzerland,Industrials,Integrated Freight & Logistics,,118760074.0,47068389.0,0.39633175876936555,33816930304.0,0.644,0.31186465496301913,0.13084016812338725,0.28940355058324696,0.18365999,0.59314996,none
CCL,Carnival Corporation Ltd.,NYQ,USD,United States,Consumer Cyclical,Travel Services,,1369649119.0,1270609791.0,0.9276899998502464,30775879680.0,2.312,2.058925986396896,1.8508763955079206,1.949359340689973,0.71692,0.07107,buy
NMR,Nomura Holdings Inc,NYQ,JPY,Japan,Financial Services,Capital Markets,,2922591697.0,2783155373.0,0.9522901799306658,29167464448.0,0.607,1.2243008000286402,1.1279113500003843,0.8608158693541199,0.03196,0.0,strong_buy
BAIDF,"Baidu, Inc.",PNK,CNY,China,Communication Services,Internet Content & Information,,2203408278.0,2139066542.0,0.9707989950648629,31392704512.0,0.569,0.3288159547202278,0.2980633194760912,,0.36618,0.0014300001,none
BRDCY,Bridgestone Corp.,PNK,JPY,Japan,Consumer Cyclical,Auto Parts,,2468934618.0,2339462046.0,0.9475593354898635,29330944000.0,0.471,0.7986886867851001,0.6555919879632086,0.6180134086106223,0.00018999999,0.0,none
CRDO,Credo Technology Group Holding ,NMS,USD,Cayman Islands,Technology,Semiconductors,,187951918.0,170885884.0,0.9092000008214867,35973996544.0,3.228,3.2692961526157958,2.825499900038041,2.1671448732296703,0.73622,0.09433,strong_buy
RDDT,"Reddit, Inc.",NYQ,USD,United States,Communication Services,Internet Content & Information,,146103200.0,140697644.0,0.9630017959907792,29800296448.0,2.022,2.033071567200986,2.0359658028934344,,0.89083,0.0065499996,buy
MDB,"MongoDB, Inc.",NGM,USD,United States,Technology,Software - Infrastructure,,80431927.0,78452209.0,0.9753864158942754,34573664256.0,1.585,1.7119597711104864,1.7578081698935317,2.0781645706736573,0.96758,0.02637,buy
ACSAF,ACS Actividades De Construccion,PNK,EUR,Spain,Industrials,Engineering & Construction,,260832656.0,180538753.0,0.6921631507674407,29695797248.0,0.601,0.2428408462459923,0.12014643380783425,0.11996350806606407,0.32365,0.20138,none
BAP,Credicorp Ltd.,NYQ,PEN,Peru,Financial Services,Banks - Regional,,79419317.0,53211844.0,0.6700113525277483,30985447424.0,0.84,0.9505840556189779,0.705683705711272,0.7742770105647747,0.8343,0.14635,buy
CMTDF,SUMITOMO MITSUI TRUST HOLDINGS ,OID,JPY,Japan,Financial Services,Banks - Regional,,2753940937.0,2643232468.0,0.9597999842652399,29825181696.0,0.338,0.11818602074684396,0.18143605236757818,0.1391922116713617,0.42013,0.07547,none
TTNDF,Techtronic Industries Ltd.,OQX,USD,Hong Kong,Industrials,Tools & Accessories,,1826078441.0,1421546022.0,0.778469308920558,28705953792.0,1.729,0.4131241583757137,0.2657286778289371,0.23743278261676076,0.52616,0.22246,none
TTNDY,Techtronic Industries Ltd.,OQX,USD,Hong Kong,Industrials,Tools & Accessories,,365215688.0,284309204.0,0.7784693082516214,29936730112.0,1.729,1.0163774511603096,0.7187241571463223,0.6817280677608363,0.0046900003,0.0,strong_buy
HNNMY,Hennes & Mauritz AB,PNK,SEK,Sweden,Consumer Cyclical,Apparel Manufacturing,,7009865015.0,2307716813.0,0.32920987894372455,26819065856.0,1.009,0.8058891574476912,0.7990468179115469,1.0013480990447747,1.0000001e-05,0.0,none
BIDU,"Baidu, Inc.",NMS,CNY,China,Communication Services,Internet Content & Information,,275426035.0,267383318.0,0.9707989950913681,31402932224.0,0.569,1.7815545322002382,1.0646330926715812,1.2223767441813778,0.23306999,0.02925,buy
KYOAY,Kyocera Corp.,PNK,JPY,Japan,Industrials,Conglomerates,,1277527109.0,1273403284.0,0.9967720254459195,32513067008.0,0.448,1.6637399134403579,0.8322665761516057,0.7015467420013267,0.0001,0.0,none
KNYJY,Kone Oyj,PNK,EUR,Finland,Industrials,Specialty Industrial Machinery,,884149840.0,733941451.0,0.8301098046910239,30931169280.0,0.813,0.36198316692238397,0.3754945261967026,0.5720909461219705,0.00011,0.0,none
SUNB,"Sunbelt Rentals Holdings, Inc.",NYQ,USD,United States,Industrials,Rental & Leasing Services,,409764897.0,403577447.0,0.9848999998650446,31039690752.0,1.645,1.4159548344185346,,,0.85735,0.00208,buy
HPQ,HP Inc.,NYQ,USD,United States,Technology,Computer Hardware,,901790969.0,898499432.0,0.9963500000408632,28915927040.0,1.205,0.7913800993208008,1.009402181553171,1.1109487191444385,0.95919,0.00306,hold
NSKFF,Kongsberg Gruppen ASA,PNK,NOK,Norway,Industrials,Aerospace & Defense,,879609245.0,410962637.0,0.4672104566158806,29886306304.0,0.223,1.0577394905547122,0.32395541389530275,0.13311005364772924,0.30290002,0.5417,none
ADDYY,adidas AG,OQX,EUR,Germany,Consumer Cyclical,Footwear & Accessories,,350125758.0,338032414.0,0.9654599990898127,29403561984.0,1.192,0.7897046461904701,0.9295911551053382,1.1380872299001767,0.00045000002,0.0,buy
KNYJF,Kone Oyj,PNK,EUR,Finland,Industrials,Specialty Industrial Machinery,,442074920.0,366970726.0,0.8301098058220538,30086365184.0,0.813,0.2214610966092547,0.09168329883586886,0.15621696222306214,0.41317,0.27951,none
SAXPF,SAMPO PLC,PNK,EUR,Finland,Financial Services,Insurance - Diversified,,2632338883.0,2028234539.0,0.7705066213543448,27044390912.0,0.239,0.0675472225882261,0.06261586881978452,0.09694976120278011,0.49957,0.07637,none
WTW,Willis Towers Watson Public Lim,NMS,USD,United Kingdom,Financial Services,Insurance Brokers,,92871937.0,92420579.0,0.9951399958418009,27798427648.0,0.417,-0.10142972952552083,0.2285652573959011,0.5222448702997328,1.02421,0.0026800002,buy
EPOBY,,PNK,SEK,Sweden,Industrials,Farm & Heavy Construction Machinery,,389972849.0,1002023506.0,2.5694699222509207,25983451136.0,1.228,0.03187826303449553,,,,,none
EPOAY,Epiroc Aktiebolag,PNK,SEK,Sweden,Industrials,Farm & Heavy Construction Machinery,,819966663.0,1002023506.0,1.222029566828865,31615717376.0,1.228,1.4992525853412542,1.068621256342163,1.0705571969467915,0.00037999998,0.0,none
ADDDF,adidas AG,OQX,EUR,Germany,Consumer Cyclical,Footwear & Accessories,,175062879.0,169016207.0,0.9654599990898127,29193484288.0,1.192,0.4335461676339153,0.7020227621854834,0.8461883634751522,0.57271,0.070989996,none
EPIAF,Epiroc Aktiebolag,PNK,SEK,Sweden,Industrials,Farm & Heavy Construction Machinery,,819966663.0,1002023506.0,1.222029566828865,31563689984.0,1.228,1.2136244805718452,0.8050681318871409,,0.80974,0.00017999999,none
KYOCF,Kyocera Corp.,PNK,JPY,Japan,Industrials,Conglomerates,,1277527109.0,1273403284.0,0.9967720254459195,30001446912.0,0.448,0.3717791638876077,0.22671186185734535,0.1779301957546347,0.57492,0.04676,none
KBGGY,Kongsberg Gruppen ASA,PNK,NOK,Norway,Industrials,Aerospace & Defense,,1759218490.0,821925275.0,0.46721045718431486,30100228096.0,0.223,,,,0.0,0.0,none
SAXPY,Sampo OYJ,PNK,EUR,Finland,Financial Services,Insurance - Diversified,,1316169442.0,1014117269.0,0.7705066206817466,27149725696.0,0.239,0.3321721069949112,0.2375266596567632,0.39325517547841055,6.0000002e-05,0.0,none
AVVIY,Aviva Plc,OQX,GBP,United Kingdom,Financial Services,Insurance - Diversified,,,1470761240.0,,,0.628,0.8603834808455624,0.6686273665096143,0.7372879026124699,0.018170001,0.0,none
PUBGY,Publicis Groupe S.A.,OQX,EUR,France,Communication Services,Advertising Agencies,,998884316.0,868559879.0,0.8695299997081944,27818928128.0,0.6,0.7800513925912009,0.7037861606947187,0.790772775351118,0.0049900003,0.0,none
SBGOF,Standard Bank Group Ltd.,PNK,ZAR,South Africa,Financial Services,Banks - Regional,,1619308095.0,1291964964.0,0.7978500002496437,31252643840.0,0.371,-0.6698025774749998,0.10376319602913003,-0.018590560058540564,0.68,0.00071999995,none
CPRT,"Copart, Inc.",NMS,USD,United States,Industrials,Specialty Business Services,,925811482.0,846532690.0,0.9143683206123814,26853160960.0,1.029,0.16702539507169883,0.6420304078446873,0.8990670072549977,0.87994003,0.09012,buy
AIVAF,Aviva Plc,OQX,GBP,United Kingdom,Financial Services,Insurance - Diversified,,2991046666.0,2941522480.0,0.9834425231264513,28355121152.0,0.628,0.19939914339834205,0.2051402177318365,0.15836021157283073,0.70569,0.0062,none
PGPEF,Publicis Groupe S.A.,OQX,EUR,France,Communication Services,Advertising Agencies,,249721079.0,217139970.0,0.8695300007093114,27144679424.0,0.6,0.0019113081675161503,0.14971674415507702,0.1677530078345102,0.65137,0.07317,none
BKRKY,Bank Rakyat,PNK,IDR,Indonesia,Financial Services,Banks - Regional,,2997561591.0,1384998658.0,0.46204176826870746,26731374592.0,0.178,0.5646415516213524,0.5662277502442351,0.5468646484604825,0.00025,0.0,none
CBOE,"Cboe Global Markets, Inc.",BTS,USD,United States,Financial Services,Financial Data & Stock Exchanges,,104431019.0,104036270.0,0.9962200024113526,27844597760.0,0.408,-0.3390179839126326,-0.23808334038845966,0.1559414255903717,0.91255,0.0025499999,hold
CFG,"Citizens Financial Group, Inc.",NYQ,USD,United States,Financial Services,Banks - Regional,,421176788.0,417036620.0,0.9901699995869668,27664996352.0,0.997,0.9804146525978521,1.1993723303000072,1.1656022072628414,1.0019699,0.00712,buy
ACSAY,ACS Actividades De Construccion,PNK,EUR,Spain,Industrials,Engineering & Construction,,1304163280.0,902693763.0,0.6921631492338904,28548134912.0,0.601,1.432416058257474,0.6336748649363451,0.6614509310606106,2.0000001e-05,0.0,none
HPGLY,Hapag-Llyod AG,PNK,EUR,Germany,Industrials,Marine Shipping,,351520586.0,12657600.0,0.0360081329632285,27418605568.0,1.058,0.3114636931494627,-0.049544718868129146,0.18518064123475822,0.0,0.0,none
TDY,Teledyne Technologies Incorpora,NYQ,USD,United States,Technology,Scientific & Technical Instruments,,46355673.0,45809603.0,0.9882199962882644,28290865152.0,0.908,1.0749347103618743,0.8598612464068677,0.9008177846184615,1.00628,0.00841,buy
CTSH,Cognizant Technology Solutions ,NMS,USD,United States,Technology,Information Technology Services,,450444209.0,449133416.0,0.997089999218971,26454589440.0,0.83,0.2680219239295413,0.6983159677832522,0.8771160755456597,1.1634201,0.0012899999,buy
ARES,Ares Management Corporation,NYQ,USD,United States,Financial Services,Asset Management,,223957742.0,219696237.0,0.9809718344097254,41767272448.0,1.517,1.7081863991405069,1.5932241294456997,1.5477516580127135,0.93542,0.11158,buy
IR,Ingersoll Rand Inc.,NYQ,USD,United States,Industrials,Specialty Industrial Machinery,,387999429.0,386757831.0,0.9968000004453614,28521838592.0,1.147,1.2155311404286135,1.2475025458230302,1.1931415335787992,1.05759,0.00215,buy
HLAGF,Hapag-Lloyd Aktien,PNK,EUR,Germany,Industrials,Marine Shipping,,175760293.0,6328800.0,0.0360081329632285,27198904320.0,1.058,0.3075877505882168,0.4140742311326621,0.3040262637119168,0.22698,0.7363,none
CAJPY,"Canon, Inc.",PNK,JPY,Japan,Technology,Computer Hardware,,834709720.0,810048351.0,0.9704551553562836,24064679936.0,0.256,0.7857908393498724,0.6677850528191236,0.5668008976158865,0.00084,0.0,none
CAJFF,"Canon, Inc.",PNK,JPY,Japan,Technology,Computer Hardware,,834709720.0,810048351.0,0.9704551553562836,24590546944.0,0.256,0.5414828633341335,0.38300014240496133,0.19558823722889415,0.29817,0.02375,none
ARLUF,Aristocrat Leisure Ltd.,PNK,AUD,Australia,Consumer Cyclical,Gambling,,594245205.0,602336957.0,1.0136168570346311,27418472448.0,0.356,0.6355836572572737,0.6594996989563777,0.43315405026016196,0.46638,0.113929994,none
AIBRF,AIB Group PLC,PNK,EUR,Ireland,Financial Services,Banks - Regional,,2094100000.0,2031172295.0,0.96995,27715411968.0,0.493,0.379720448351267,0.30661552627637007,,0.71696997,0.00021,none
HSHCY,HAIER SMART HOME CO LTD.,PNK,CNY,China,Consumer Cyclical,"Furnishings, Fixtures & Appliances",,1544621731.0,1377522726.0,0.8918188177426335,23536812032.0,0.45,0.5762948337199907,0.6727498327107939,0.5850793562898126,0.00017000001,0.0,none
BTGOF,BT Group Plc,PNK,GBP,United Kingdom,Communication Services,Telecom Services,,9853621250.0,5092745607.0,0.5168400000152228,25619415040.0,0.428,-0.22101661153196955,0.03233672943185913,0.21175579516988388,0.32961,0.42481,none
ECHO,EchoStar Corporation,NMS,USD,United States,Communication Services,Telecom Services,,159467376.0,137625783.0,0.8630340979586947,27717074944.0,1.009,1.4765023906014987,1.4241947415348095,1.097070577906053,1.1128299,0.13026,strong_buy
AIBGY,AIB Group PLC,PNK,EUR,Ireland,Financial Services,Banks - Regional,,1047050000.0,1015586148.0,0.9699500004775321,27799177216.0,0.493,1.0467894375742106,0.549179650969872,0.29142334150531507,0.0016,0.0,hold
SMCAY,SMC Corp,PNK,JPY,Japan,Industrials,Specialty Industrial Machinery,,1249555780.0,1112563617.0,0.8903673087727224,26865451008.0,0.843,1.5098191004312773,1.1364054453289387,0.9930839342444655,0.00025,0.0,none
VRSN,"VeriSign, Inc.",NMS,USD,United States,Technology,Software - Infrastructure,,90400000.0,84894642.0,0.9391000221238938,27477983232.0,0.699,0.027538239831312403,0.37892507088717214,0.7286481769404463,0.89821,0.10587,buy
HXGBF,Hexagon AB,PNK,EUR,Sweden,Technology,Scientific & Technical Instruments,,2574127888.0,2488982022.0,0.9669224414230037,26897467392.0,0.89,0.1894658549247868,0.21460529320510618,0.5697140861950459,0.69727,0.21542,none
ZM,"Zoom Communications, Inc.",NMS,USD,United States,Technology,Software - Application,,263233141.0,258879262.0,0.9834599891812255,26552317952.0,1.04,0.9543768960511007,0.9083575378317782,1.3020615685206884,0.79083,0.00228,none
VEOEY,Veolia Environnement,PNK,EUR,France,Industrials,Waste Management,,1484132046.0,1131204086.0,0.7621990840025296,26744061952.0,0.99,0.6241267504098182,0.5472937433486452,0.7683186579309926,0.00193,0.0,buy
LVS,Las Vegas Sands Corp.,NYQ,USD,United States,Consumer Cyclical,Resorts & Casinos,,647701184.0,290692811.0,0.4488069779412353,25924241408.0,0.819,0.6365971126943291,0.9234968647076925,1.0568636600093684,0.42655,0.61711,buy
MTRJF,MTR CORPORATION LTD,PNK,HKD,Hong Kong,Industrials,Railroads,,6202870338.0,1586956419.0,0.25584226858298065,26486255616.0,0.638,-0.21374767439548667,0.14921480918765664,0.04779354915974069,0.07081,0.7451,none
VEOEF,Veolia Environnement,PNK,EUR,France,Industrials,Waste Management,,742066023.0,565602043.0,0.7621990840025296,26825689088.0,0.99,0.30457310200488147,0.15671475224341969,0.37570960582534896,0.64818,0.09380999,none
HRSHF,HAIER SMART HOME CO LTD.,PNK,CNY,China,Consumer Cyclical,"Furnishings, Fixtures & Appliances",,2853587266.0,5510090904.0,1.930934781512303,24188028928.0,0.45,0.48985909512253134,0.5793222835005736,0.435799514615889,0.45869,0.19,none
CPAY,"Corpay, Inc.",NYQ,USD,United States,Technology,Software - Infrastructure,,65659599.0,63092309.0,0.9609000048873281,25724116992.0,0.873,0.8615946101399841,1.1833515018342935,1.155272079801098,1.00683,0.03782,buy
SMECF,SMC Corp,PNK,JPY,Japan,Industrials,Specialty Industrial Machinery,,62477789.0,55628181.0,0.8903673111735756,27741386752.0,0.843,1.003805369574826,1.0128264637535047,0.7934005075242999,0.54858,0.11535,none
MDIBY,MedioBanca SpA,PNK,EUR,Italy,Financial Services,Banks - Regional,,806534267.0,769519393.0,0.9541062599389841,26848061440.0,0.73,1.0361682670395516,0.7110883405932258,0.8084931468167814,0.0,0.0,none
AIPUY,Airports of Thailand Public Co.,PNK,THB,Thailand,Industrials,Airports & Air Services,,1428570000.0,4089995910.0,2.863,25428545536.0,0.111,0.9708743437115221,0.418061379300132,0.3869417166095539,2.0000001e-05,0.0,none
FUJIF,FUJIFILM HOLDINGS CORPORATION,PNK,JPY,Japan,Industrials,Conglomerates,,1195987347.0,1194890414.0,0.9990828222365801,26371520512.0,0.371,0.3510626845586712,0.24213862642453413,0.15122080950320452,0.50661,0.01713,none
OTIS,Otis Worldwide Corporation,NYQ,USD,United States,Industrials,Specialty Industrial Machinery,,380669339.0,379927034.0,0.9980500005544182,25716117504.0,0.875,0.2693585871204988,0.49279947233540883,0.6923479471448333,0.96074,0.0014300001,buy
EJPRF,,PNK,JPY,Japan,Industrials,Railroads,,,1085339522.0,,,0.045,-0.14932081200345182,-0.0298507768499992,-0.002932841227500142,0.44871,0.07363,none
RYAAY,Ryanair Holdings plc,NMS,EUR,Ireland,Industrials,Airlines,,518135113.0,476873292.0,0.9203647466370417,28686551040.0,0.958,1.3067733784820648,0.8975937847370089,0.9626926897475642,0.42430001,0.0,strong_buy
FOX,Fox Corporation,NMS,USD,United States,Communication Services,Entertainment,,220248764.0,328930180.0,1.493448471747156,24237799424.0,0.559,0.11257290636315982,0.5838986600521596,0.6666412888180292,0.65031,0.39868,none
FOXA,Fox Corporation,NMS,USD,United States,Communication Services,Entertainment,,201424858.0,328930180.0,1.6330168146376451,27181082624.0,0.559,0.156783049810043,0.5810717995628789,0.6560310799299107,1.31769,0.01392,buy
CIB,Grupo Cibest S.A.,NYQ,COP,Colombia,Financial Services,Banks - Regional,,109046803.0,596289526.0,5.468198146074947,22899785728.0,0.424,0.8710785539830922,0.7437207997865394,0.6886448227119062,0.21145001,0.0,hold
LPLA,LPL Financial Holdings Inc.,NMS,USD,United States,Financial Services,Capital Markets,,78742290.0,78190548.0,0.9929930663687835,24405385216.0,0.482,0.85614094994278,1.0081197255423462,0.9816754111227562,1.06819,0.00398,buy
CINF,Cincinnati Financial Corporatio,NMS,USD,United States,Financial Services,Insurance - Property & Casualty,,153478045.0,150574240.0,0.9810799974680418,25529538560.0,0.545,-0.008958695559329294,0.4831302371320816,0.6688950885897154,0.74027,0.017280001,none
EXXRF,Exor NV,PNK,EUR,Netherlands,Financial Services,Asset Management,,202231958.0,79185634.0,0.391558459815733,26647496704.0,0.49,0.5864654488071829,0.27091774446324185,0.3954446031818322,0.26878,0.55131,none
SYM,Symbotic Inc.,NGM,USD,United States,Industrials,Specialty Industrial Machinery,,129873381.0,114035322.0,0.8780499985597511,27053752320.0,1.942,3.0143862305157243,2.556390175071496,1.531528070179452,0.78969,0.13621001,buy
WRB,W.R. Berkley Corporation,NYQ,USD,United States,Financial Services,Insurance - Property & Casualty,,371227529.0,243524048.0,0.6559967377850364,25451358208.0,0.283,-0.3180529621757437,0.1459878441190149,0.356616759460518,0.76515,0.26361,hold
ON,ON Semiconductor Corporation,NMS,USD,United States,Technology,Semiconductors,,389318613.0,387633787.0,0.9956723723353037,28330715136.0,1.997,2.5788570533621304,2.1267460839863634,2.0372151030179837,1.05957,0.00332,buy
ANPDY,Anta Sports Products Ltd.,PNK,CNY,China,Consumer Cyclical,Leisure,,110819983.0,52053549.0,0.4697126600353295,25463107584.0,0.654,0.6296296567184031,0.6288595608541544,0.661234110335078,6.0000002e-05,0.0,none
AMADF,Amadeus IT Group SA,PNK,EUR,Spain,Technology,Information Technology Services,,419986676.0,419940477.0,0.9998899988912981,26635554816.0,0.595,0.7918974257648224,0.5469248511423055,0.3173607021063703,0.66512,0.02646,none
CPNG,"Coupang, Inc.",NYQ,USD,United States,Consumer Cyclical,Internet Retail,,1639708712.0,1343496196.0,0.8193505262049251,26270631936.0,1.152,1.3834403314235197,1.0339315025671643,1.3926480042104632,0.83726996,0.0063,buy
SZKMF,Suzuki Motor Co.,PNK,JPY,Japan,Consumer Cyclical,Auto Manufacturers,,1929273897.0,1832578546.0,0.9498799257324944,25485707264.0,0.4,0.2164335059790669,0.39372177629706434,0.17069676995137886,0.5821,0.068730004,none
ATI,ATI Inc.,NYQ,USD,United States,Industrials,Metal Fabrication,,136170383.0,134882211.0,0.9905399987014798,25549649920.0,1.011,1.5996070101229196,1.485519701607322,1.2553054890137765,0.9541,0.00829,strong_buy
TCOM,Trip.com Group Limited,NMS,CNY,Singapore,Consumer Cyclical,Travel Services,,629705222.0,570633792.0,0.9061919324531185,25695121408.0,-0.053,0.6381529770876904,0.7396406754659628,0.9257153971872399,0.25851,0.00945,strong_buy
CSCFF,,PNK,CNY,China,Financial Services,Capital Markets,,1261023762.0,4188460056.0,3.3214759168035406,11790176256.0,0.569,,,,0.13445,0.34963,none
WSM,"Williams-Sonoma, Inc.",NYQ,USD,United States,Consumer Cyclical,Specialty Retail,,117779173.0,116266888.0,0.9871599964452119,27404857344.0,1.463,1.2142816662983063,1.3847312992212555,1.4057126129396866,0.98487,0.01089,buy
TRPCF,Trip.com Group Limited,PNK,CNY,Singapore,Consumer Cyclical,Travel Services,,629705222.0,570633792.0,0.9061919324531185,24902324224.0,-0.053,0.04148173352162234,0.04009163134506535,-0.02616213552746203,0.31093,0.07888,none
EJPRY,East Japan Railway Co.,PNK,JPY,Japan,Industrials,Railroads,,2258136966.0,2170679044.0,0.9612698771966341,24726599680.0,0.045,0.2212931722968607,0.26940397062945876,0.3051137163320038,4.0000003e-05,0.0,none
DUAVF,DASSAULT AVIATION,PNK,EUR,France,Industrials,Aerospace & Defense,,77047411.0,16577521.0,0.21516000063908702,24463323136.0,0.416,0.44594650433400845,0.20527974336400795,0.0809163694099638,0.11022,0.78335,none
SZKMY,Suzuki Motor Co.,PNK,JPY,Japan,Consumer Cyclical,Auto Manufacturers,,482318474.0,458144636.0,0.949879925188186,25085382656.0,0.4,1.0299240560514031,0.9724738615661845,0.7757919688323297,0.0019699999,0.0,buy
PMRTY,Pop Mart International Group Li,PNK,CNY,China,Consumer Cyclical,Leisure,,1320799457.0,653195934.0,0.49454588320594683,26046164992.0,1.043,0.5629048599009416,0.88379579878955,,0.0,0.0,none
HXGBY,Hexagon AB,PNK,EUR,Sweden,Technology,Scientific & Technical Instruments,,2574127888.0,2488982022.0,0.9669224414230037,26763247616.0,0.89,1.2585418705368512,1.09163601686522,1.1974258572766716,0.00028,0.0,none
CEBCF,China Everbright Bank Co Ltd.,PNK,CNY,China,Financial Services,Banks - Regional,,12678735500.0,28546593140.0,2.251533139089462,21040363520.0,0.07,0.6404929254191817,0.35506375412337265,0.23141662397621554,0.07458,0.75549006,none
DOV,Dover Corporation,NYQ,USD,United States,Industrials,Specialty Industrial Machinery,,134680225.0,133707834.0,0.9927800016669114,25065336832.0,1.146,0.8981133100769509,1.0224161999757135,1.007290530615741,0.93402,0.012560001,buy
ANPDF,Anta Sports Products Ltd.,PNK,CNY,China,Consumer Cyclical,Leisure,,2770499587.0,1301338714.0,0.46971265403043716,25211547648.0,0.654,0.5495112445571313,0.31976218139591667,0.34157663919306647,0.18489,0.56112,none
RAIFF,Raiffeisen Bank International A,PNK,EUR,Austria,Financial Services,Banks - Regional,,328337590.0,127232259.0,0.387504394486175,25199910912.0,1.268,0.16412566765076678,0.07998751533970096,0.15381528824842472,0.16044001,0.6117,none
AMADY,Amadeus IT Group SA,PNK,EUR,Spain,Technology,Information Technology Services,,419986676.0,419940477.0,0.9998899988912981,26391963648.0,0.595,0.983649553572,0.7173982660335589,0.8404212814845438,0.00018999999,0.0,none
XYL,Xylem Inc.,NYQ,USD,United States,Industrials,Specialty Industrial Machinery,,233486812.0,232882081.0,0.9974099993279277,25001768960.0,1.0,0.784028251874776,0.8942721267976026,0.9988328525993511,0.97624,0.0033500001,buy
PFG,Principal Financial Group Inc,NMS,USD,United States,Financial Services,Asset Management,,214104641.0,212790039.0,0.9938600023154098,24330850304.0,0.872,0.6331662124195944,0.9328824157901229,0.9884489943135899,0.81351,0.0112,hold
BSP,Bending Spoons S.p.A.,NMS,USD,Italy,Technology,Software - Application,,324978625.0,229958103.0,0.7076099328071193,23261730816.0,,,,,0.24078,0.22083001,buy
FUJIY,FUJIFILM Holdings Corp.,PNK,JPY,Japan,Industrials,Conglomerates,,2391974694.0,2389780829.0,0.9990828226546447,25283172352.0,0.371,0.9058923993416264,0.8529687332396106,0.7611203603614737,0.00062,0.0,strong_buy
SGGKF,SINGAPORE TECHNOLOGIES ENGINEER,PNK,SGD,Singapore,Industrials,Aerospace & Defense,,3119304988.0,1521472201.0,0.48776000001702946,24845264896.0,0.155,0.3718476004774271,0.042912972449679884,0.05598911401040201,0.69118,0.012180001,none
SGGKY,Singapore Technologies Engineer,PNK,SGD,Singapore,Industrials,Aerospace & Defense,,311930499.0,152147220.0,0.48775999938370884,26117941248.0,0.155,-0.09939322246717427,-0.03227805274570837,0.06171996572883934,0.0,0.0,none
CRCCY,CRRC CORPORATION LIMITED UNSP A,PNK,CNY,China,Industrials,Railroads,,1216389902.0,696033551.0,0.5722125363385333,21567197184.0,0.183,0.28403947563943027,0.0772390779174611,0.051726293051657025,,,none
TEFOF,Telefonica S.A.,PNK,EUR,Spain,Communication Services,Telecom Services,,5628254398.0,3925313465.0,0.6974300000360432,22513016832.0,0.289,-0.11832312832514863,-0.06923056029934771,0.10679540149759809,0.30484,0.21993999,none
YAHOY,LY Corporation,PNK,JPY,Japan,Consumer Cyclical,Internet Retail,,3443549881.0,1283334567.0,0.372677792205328,23932672000.0,0.591,0.64616518600617,0.44243974048465023,0.6339678216544341,4.0000003e-05,0.0,none
EXPD,Expeditors International of Was,NYQ,USD,United States,Industrials,Integrated Freight & Logistics,,129990622.0,129032591.0,0.992629999108705,24552630272.0,1.058,0.5059326951826917,0.6555087689173839,0.7790839646362959,0.9974,0.00634,hold
QBIEY,QBE Insurance Group Ltd.,PNK,USD,Australia,Financial Services,Insurance - Property & Casualty,,1494024468.0,1492224520.0,0.9987952352598284,24531881984.0,0.123,0.6328487846453944,0.7766104185901336,0.7137829316494466,0.000120000004,0.0,none
BDORY,Banco Do Brasil SA,OID,BRL,Brazil,Financial Services,Banks - Regional,,5708873364.0,2587375586.0,0.4532199999943807,25290307584.0,0.227,0.9948472120632382,0.648484589851686,0.509898351299462,0.00090000004,0.0,underperform
SYF,Synchrony Financial,NYQ,USD,United States,Financial Services,Credit Services,,325370840.0,323122527.0,0.9930899984768149,23958683648.0,1.308,1.2151398758215919,1.422293626759535,1.3675141248008917,1.09391,0.00349,buy
RF,Regions Financial Corporation,NYQ,USD,United States,Financial Services,Banks - Regional,,851929506.0,847959515.0,0.9953400005845084,23768834048.0,1.003,0.7327407899678284,1.0314137338660416,1.0505486787038403,0.87176,0.00263,hold
SMCI,"Super Micro Computer, Inc.",NMS,USD,United States,Technology,Computer Hardware,,656965384.0,557625648.0,0.8487899995656392,26797619200.0,1.996,3.8317905885571775,2.8002359415109317,2.0885915553804106,0.69428,0.12696,hold
AFRM,"Affirm Holdings, Inc.",NMS,USD,United States,Financial Services,Credit Services,,296881962.0,283815141.0,0.955986477211438,24527992832.0,3.61,2.5525933369450646,2.6322953426094955,3.198391518141401,0.91725,0.04316,buy
AONNY,Aeon Co. Ltd.,PNK,JPY,Japan,Consumer Cyclical,Department Stores,,2766624836.0,2559271404.0,0.925051843205531,23267313664.0,0.223,-0.023914354205999862,0.13173260006270632,0.2274291028121394,3.0000001e-05,0.0,none
SN,"SharkNinja, Inc.",NYQ,USD,United States,Consumer Cyclical,"Furnishings, Fixtures & Appliances",,141520379.0,86309182.0,0.6098710490310374,23804790784.0,1.198,1.4545205742123115,1.6044077604776505,1.58587144652079,0.6853,0.39012,strong_buy
Q,"Qnity Electronics, Inc.",NYQ,USD,United States,Technology,Semiconductor Equipment & Materials,,209208543.0,208679245.0,0.9974699981539473,25835163648.0,,2.627748224772215,,,0.78756,0.00075,strong_buy
TELFY,Telefonica S.A.,PNK,EUR,Spain,Communication Services,Telecom Services,,5628254398.0,3925313465.0,0.6974300000360432,22231605248.0,0.289,0.20684086910236268,0.15064595759033966,0.35262078033751676,0.00017000001,0.0,hold
FCNCP,"First Citizens BancShares, Inc.",NMS,USD,United States,Financial Services,Banks - Regional,,,8145276.0,,,0.596,0.2504223980505254,0.3096810905201884,0.3430733426397587,0.16173,0.0,none
FCNCO,"First Citizens BancShares, Inc.",NMS,USD,United States,Financial Services,Banks - Regional,,,8145276.0,,,0.596,0.2377204138890258,0.2365211653964715,0.3270960059837708,0.105790004,0.0056,none
ICAGY,International Consolidated Airl,PNK,EUR,United Kingdom,Industrials,Airlines,,2182609929.0,1530962195.0,0.7014364658835014,25689319424.0,1.32,1.3968020152962644,1.0312639884669659,1.1839856328692455,0.0002,0.0,buy
FFIV,"F5, Inc.",NMS,USD,United States,Technology,Software - Infrastructure,,56627182.0,56092621.0,0.9905599929023485,25406918656.0,1.03,1.0045324143977838,1.0213938546739962,1.0830254440692466,1.01637,0.0049799997,hold
TW,Tradeweb Markets Inc.,NMS,USD,United States,Financial Services,Capital Markets,,114038202.0,113753666.0,0.9975049062944714,22041362432.0,0.626,-0.16389497114766047,0.338914700874858,0.5682907226407706,1.06943,0.0027700001,buy
PPERF,PT Bank Mandiri Persero TBK,PNK,IDR,Indonesia,Financial Services,Banks - Regional,,92487999999.0,37719733333.0,0.4078338090715318,23708198912.0,-0.06,0.007528403187689355,-0.15831107317931337,0.07228163767789098,0.26971,0.54688,none
NVT,nVent Electric plc,NYQ,USD,United Kingdom,Industrials,Electrical Equipment & Parts,,161857939.0,161161950.0,0.9957000008507461,26322956288.0,1.355,2.0373560113045825,1.729096792223462,1.37182292896649,0.93633,0.00797,strong_buy
IOT,Samsara Inc.,NYQ,USD,United States,Technology,Software - Infrastructure,,380273036.0,366729406.0,0.9643844587497915,22466744320.0,1.344,0.943192069977921,1.469911105629385,1.7303850440956619,1.07767,0.03768,buy
RAIFY,Raiffeisen Bank International A,PNK,EUR,Austria,Financial Services,Banks - Regional,,1313350360.0,508929036.0,0.387504394486175,25281994752.0,1.268,1.0340527872207748,0.7796876635928296,0.7913289722663864,5e-05,0.0,none
FWONK,Liberty Media Corporation - Ser,NMS,USD,United States,Communication Services,Entertainment,,224336239.0,242632627.0,1.081557879732485,24235988992.0,0.652,0.2560779005120419,0.5706286710248607,0.7004034146810311,1.0241101,0.01402,strong_buy
FWONA,Liberty Media Corporation - Ser,NMS,USD,United States,Communication Services,Entertainment,,23991058.0,242632627.0,10.113460898639818,22132543488.0,0.652,0.2649146610687735,0.634317611755859,0.7192721142337086,1.00318,0.01845,none
VRSK,"Verisk Analytics, Inc.",NMS,USD,United States,Industrials,Consulting Services,,130156012.0,129759036.0,0.9969499987445836,22453213184.0,0.662,-0.35141154037683475,0.1793854793744073,0.5153600910096815,1.0133001,0.00275,buy
CHTR,"Charter Communications, Inc.",NMS,USD,United States,Communication Services,Telecom Services,,114457596.0,115225637.0,1.006710266743677,15635198976.0,0.687,0.28157066702734146,0.6958524128737453,0.7899010222495346,0.88805,0.03098,hold
DRI,"Darden Restaurants, Inc.",NYQ,USD,United States,Consumer Cyclical,Restaurants,,113541756.0,113550929.0,1.0000807896612063,24286582784.0,0.59,0.24696332432119097,0.5326178381314013,0.7319924144623434,1.0131,0.00302,buy
GFS,GlobalFoundries Inc.,NMS,USD,United States,Technology,Semiconductors,,557418603.0,148420705.0,0.26626435537172055,27062673408.0,1.774,2.2275469636021703,1.8490376555854717,1.7486825172928273,1.00231,0.00057,buy
NXGPF,NEXT,PNK,GBP,United Kingdom,Consumer Cyclical,Apparel Retail,,114152051.0,107752320.0,0.9439367848064333,22160336896.0,1.041,-0.16782166295643244,0.1706160223186546,0.07636713975200753,0.7107,0.060349997,none
GELYF,Geely Automobile Holdings Ltd.,PNK,CNY,Hong Kong,Consumer Cyclical,Auto Manufacturers,,10785792097.0,6206868440.0,0.5754670945054097,21895157760.0,0.493,0.6142129381101243,0.561031040594792,0.7653411877203076,0.21601,0.42259,none
TPR,"Tapestry, Inc.",NYQ,USD,United States,Consumer Cyclical,Luxury Goods,,199391678.0,198324933.0,0.994650002393781,22354798592.0,1.432,1.1213991244208672,1.1818239342612018,1.2582691726174835,1.02382,0.00422,buy
CJPRF,CENTRAL JAPAN RAILWAY CO,PNK,JPY,Japan,Industrials,Railroads,,949380107.0,933766676.0,0.9835540781981015,23512348672.0,0.165,0.1658829742825822,-1.0101212101088546,-0.6050261831606661,0.49312,0.07885,none
CJPRY,Central Japan Railway Co.,PNK,JPY,Japan,Industrials,Railroads,,1898760214.0,1867533353.0,0.983554078724761,23088922624.0,0.165,0.42043482236840124,0.33239123038419716,0.33827592388321015,8.9999994e-05,0.0,none
SMCIP,"Super Micro Computer, Inc. - De",NMS,USD,United States,Technology,Computer Hardware,,,557625648.0,,,1.996,,,,,,none
VLTO,Veralto Corp,NYQ,USD,United States,Industrials,Pollution & Treatment Controls,,243793344.0,243244809.0,0.9977500000984441,23394408448.0,0.759,0.2814001620864406,0.6272226089504283,0.6272226089504283,1.0138,0.0019200001,buy
FCNCA,"First Citizens BancShares, Inc.",NMS,USD,United States,Financial Services,Banks - Regional,,10287935.0,8145276.0,0.7917308964335409,23570098176.0,0.596,0.5909695042988727,0.9779685940810627,0.9995799935811421,0.68434995,0.25399,hold
SW,Smurfit WestRock plc,NYQ,USD,Ireland,Consumer Cyclical,Packaging & Containers,,524522908.0,520626735.0,0.9925719678958236,24280166400.0,0.931,1.5099969291617288,1.1380356883189788,0.8189851253994053,1.01266,0.0051599997,strong_buy
HUBB,Hubbell Inc,NYQ,USD,United States,Industrials,Electrical Equipment & Parts,,52832571.0,52573691.0,0.9950999923891646,24111200256.0,0.889,1.2141524166747901,1.247311900246372,1.0366710292652563,0.99112,0.0034599998,buy
FCNCB,"First Citizens BancShares, Inc.",PNK,USD,United States,Financial Services,Banks - Regional,,1005185.0,8145276.0,8.103260593821037,19198416896.0,0.596,0.2756980923275942,0.7847766149969486,0.6142434128314446,0.0019400001,0.74452,none
FWONB,Liberty Media Corporation,OQB,USD,United States,Communication Services,Entertainment,,2381188.0,242632627.0,101.89561974946959,21936992256.0,0.652,-0.04005321353261041,0.11285775463431046,0.1056574392484882,0.0,0.97999,none
NNGPF,NN Group NV,PNK,EUR,Netherlands,Financial Services,Insurance - Diversified,,260038379.0,248308104.0,0.9548902164168621,23965138944.0,0.532,0.10425683621599398,0.23993152187199962,0.2352936223386299,0.64989996,0.0001,none
UFGSY,Unipol Gruppo S.p.A,PNK,EUR,Italy,Financial Services,Insurance - Property & Casualty,,1434412086.0,806727701.0,0.5624099997997367,26034577408.0,0.589,0.05973757590572885,0.21355340748989848,0.1082657900913855,,,none
ASTS,"AST SpaceMobile, Inc.",NMS,USD,United States,Technology,Communication Equipment,,299789305.0,266491707.0,0.8889300003547491,24772456448.0,2.726,3.788061881368079,2.531945594145347,2.1868251710498563,0.5456,0.07966,hold
ROKU,"Roku, Inc.",NMS,USD,United States,Communication Services,Entertainment,,132140569.0,130991614.0,0.9913050548465551,22892914688.0,2.05,1.4982369246123062,1.931742128494049,2.0549250482957695,0.88769996,0.00656,none
NCBDY,"Bandai Namco Holdings, Inc.",PNK,JPY,Japan,Consumer Cyclical,Leisure,,1282731926.0,1069695624.0,0.8339198567667053,23089174528.0,0.106,0.7445965038370792,0.5883137432748649,0.5905100996266155,2.0000001e-05,0.0,none
NNGRY,NN Group NV,PNK,EUR,Netherlands,Financial Services,Insurance - Diversified,,520076758.0,496616208.0,0.9548902164168621,23824717824.0,0.532,0.6164655648976776,0.5081519788687252,0.6753456486619509,0.00032000002,0.0,none
GPN,Global Payments Inc.,NYQ,USD,United States,Industrials,Specialty Business Services,,264618390.0,219622679.0,0.8299600001345333,22516377600.0,0.785,1.0947998272532087,1.1954832207218598,1.191114753334083,1.12949,0.00934,buy
TSEM,Tower Semiconductor Ltd.,NMS,USD,Israel,Technology,Semiconductors,,113031240.0,112594700.0,0.9961378818811507,26493392896.0,0.885,2.9688979078263307,1.8582454250132696,1.2222927826295602,0.65044,0.00399,strong_buy
PPERY,PT Bank Mandiri Persero TBK,PNK,IDR,Indonesia,Financial Services,Banks - Regional,,2312200000.0,942993333.0,0.40783380892656346,21430353920.0,-0.06,0.6917453222367441,0.6898908743390628,0.5289522925310707,0.00017000001,0.0,none
ICHGF,InterContinental Hotels Group P,PNK,USD,United Kingdom,Consumer Cyclical,Lodging,,146230745.0,139662000.0,0.9550795901368074,22709637120.0,1.025,0.1345000039274426,0.18486710880293425,0.16431845921313729,0.54208,0.060960002,none
CMAKY,"China Minsheng Banking Corp., L",PNK,CNY,China,Financial Services,Banks - Regional,,832029529.0,3152421697.0,3.788833914090566,24401278976.0,0.173,0.39370243430579677,0.016534939036733576,0.12309051552022557,0.00225,0.0,none
ALFVY,Alfa-Laval AB,PNK,SEK,Sweden,Industrials,Specialty Industrial Machinery,,413326315.0,290812262.0,0.7035900000705254,23621599232.0,0.783,1.1074914005017213,0.7937865831981505,0.9872076355258178,0.00011,0.0,underperform
NWWCF,NEW CHINA LIFE INSURANCE CO LTD,PNK,CNY,China,Financial Services,Insurance - Life,,1034107260.0,2731194244.0,2.641113112386427,17937393664.0,0.808,1.0266345880341043,0.05120132999435955,396.18925070069264,0.28011,0.058509998,none
ULTA,"Ulta Beauty, Inc.",NMS,USD,United States,Consumer Cyclical,Specialty Retail,,42757471.0,42615944.0,0.996690005356023,23895439360.0,0.854,0.5824940178520753,0.8338721575435512,0.8893996133524725,1.0412,0.0025,buy
SGSOF,SGS SA,PNK,CHF,Switzerland,Industrials,Consulting Services,,197599697.0,169090013.0,0.8557200014329982,22723964928.0,0.575,0.605822484858898,0.12424925851615726,-0.6845213409021974,0.46209,0.14262,none
NXGPY,Next Group Plc,PNK,GBP,United Kingdom,Consumer Cyclical,Apparel Retail,,228304102.0,215504640.0,0.9439367848064333,22122668032.0,1.041,0.22201031206198552,0.0874851399360374,0.28611141218126357,0.0,0.0,none
SGSOY,SGS SA,PNK,CHF,Switzerland,Industrials,Consulting Services,,1975996970.0,1690900127.0,0.8557199999147772,23020363776.0,0.575,0.5066070197299088,0.28147176769315685,0.47956244458238984,7e-05,0.0,none
JXAMY,,PNK,JPY,Japan,Technology,Semiconductor Equipment & Materials,,893594820.0,196642519.0,0.22005780986957826,40613883904.0,,,,,,,none
GELHY,Geely Automobile Holdings Ltd.,PNK,CNY,Hong Kong,Consumer Cyclical,Auto Manufacturers,,539289605.0,310343422.0,0.5754670943453472,21674047488.0,0.493,0.5685499684327849,0.7236330213025826,0.8783234949730375,0.00014,0.0,none
IHG,Intercontinental Hotels Group,NYQ,USD,United Kingdom,Consumer Cyclical,Lodging,,146230745.0,836299401.0,5.719039460545728,22626283520.0,1.025,0.6788038065268998,0.7869158862534424,0.9340130758840824,0.11316,0.000120000004,hold
QBEIF,QBE INSURANCE GROUP,PNK,USD,Australia,Financial Services,Insurance - Property & Casualty,,1494024468.0,1492224520.0,0.9987952352598284,24920328192.0,0.123,0.34892897714764703,0.0037014846498991424,7.075879942918938e-05,0.57905996,0.00079,none
L,Loews Corporation,NYQ,USD,United States,Financial Services,Insurance - Property & Casualty,,204427720.0,164423259.0,0.8043099976852455,21689780224.0,0.507,0.0030827898795505355,0.4324899652618578,0.5812812398898803,0.6186,0.20066,none
JBHT,"J.B. Hunt Transport Services, I",NMS,USD,United States,Industrials,Integrated Freight & Logistics,,93914939.0,73231113.0,0.7797600017607422,22218866688.0,1.289,0.7767002311213383,0.9894360445652928,0.9566653358694346,0.78829,0.20436001,buy
MKL,Markel Group Inc.,NYQ,USD,United States,Financial Services,Insurance - Property & Casualty,,12389958.0,12057164.0,0.9731400219435772,21793687552.0,0.65,0.0945088607379374,0.4843591903061897,0.5743250238115787,0.8039,0.01449,hold
SFHOY,S F HLDG CO LTD,PNK,CNY,China,Industrials,Integrated Freight & Logistics,,116469417.0,587134082.0,5.041100892605996,19336843264.0,0.331,0.24730830010768617,,,4.0000003e-05,0.0,none
KEY,KeyCorp,NYQ,USD,United States,Financial Services,Banks - Regional,,1067128554.0,1062603929.0,0.9957600000646221,21934827520.0,1.023,0.8093352840638423,1.1846454525574022,1.204829992283727,0.90213996,0.00298,buy
RIVN,"Rivian Automotive, Inc.",NMS,USD,United States,Consumer Cyclical,Auto Manufacturers,,1443948130.0,945395077.0,0.6547292505583285,21869934592.0,1.618,2.0557595245944373,1.5997319611764382,1.9557027420814295,0.40425998,0.34539002,hold
BRO,"Brown & Brown, Inc.",NYQ,USD,United States,Financial Services,Insurance Brokers,,334610357.0,287554102.0,0.8593699985203984,20839532544.0,0.582,-0.30770244223348275,0.2691339670065075,0.6107925717589668,0.86499,0.13281,hold
PHM,"PulteGroup, Inc.",NYQ,USD,United States,Consumer Cyclical,Residential Construction,,190486353.0,185996034.0,0.9764270829417371,23254575104.0,1.201,0.9358725846570213,0.9045305047242699,1.094086043451062,0.97786003,0.0066799996,buy
AER,AerCap Holdings N.V.,NYQ,USD,Ireland,Industrials,Rental & Leasing Services,,157184065.0,146680764.0,0.9331783345849975,22576347136.0,0.925,0.8961933087937638,0.9144458961109794,1.0833193840321156,0.9478,0.0436,strong_buy
BKRIF,Bank Ireland Group PLC,PNK,EUR,Ireland,Financial Services,Banks - Regional,,943000000.0,942943420.0,0.99994,21076049920.0,0.46,0.5526425274604748,0.46424731170609157,0.5508078714255459,0.64842004,0.00065,none
BSBR,Banco Santander Brasil SA,NYQ,BRL,Brazil,Financial Services,Banks - Regional,,7487527435.0,1870234494.0,0.24977998548061414,43577409536.0,0.183,1.2784878176127443,0.7598024008906745,0.6779710168882164,0.00953,0.13693,hold
TROW,"T. Rowe Price Group, Inc.",NMS,USD,United States,Financial Services,Asset Management,,213315850.0,209211653.0,0.9807599997843574,22108055552.0,1.48,0.9079389673282995,1.1539156403843274,1.330578436161633,0.91735,0.01699,hold
BDRAF,Bombardier Inc.,PNK,USD,Canada,Industrials,Aerospace & Defense,,12095511.0,87014700.0,7.193966422749729,21900974080.0,2.044,0.5565330836255358,0.6057890581174115,0.43802661170370777,0.028280001,0.82785004,none
CASY,"Caseys General Stores, Inc.",NMS,USD,United States,Consumer Cyclical,Specialty Retail,,36960167.0,36698119.0,0.9929099887454513,21695248384.0,0.592,-0.050409633568143805,0.465588757433987,0.51696394725282,0.90719,0.0057800002,buy
OMC,Omnicom Group Inc.,NYQ,USD,United States,Communication Services,Advertising Agencies,,274345967.0,271704015.0,0.9903699987687444,20650018816.0,0.673,0.3677116886245698,0.6929030240670221,0.7703173508528018,1.10685,0.00934,buy
RBRK,"Rubrik, Inc.",NYQ,USD,United States,Technology,Software - Infrastructure,,160956763.0,163814036.0,1.0177518045638132,23023982592.0,1.243,1.6241359836814664,1.7977073129977836,,0.79511,0.02319,strong_buy
MTNOF,MTN GROUP LTD,PNK,ZAR,South Africa,Communication Services,Telecom Services,,1833052479.0,1356330521.0,0.7399300001164888,22766512128.0,0.859,0.019184115287614385,0.02608810781897818,0.1003042002029228,0.88852996,0.059899997,none
SOFI,"SoFi Technologies, Inc.",NMS,USD,United States,Financial Services,Credit Services,,1291570324.0,1271305586.0,0.9843100002969718,22276489216.0,2.208,2.719537667550226,2.4130252498308256,2.1715447850091603,0.51362,0.01454,hold
MTNOY,MTN Group Ltd.,PNK,ZAR,South Africa,Communication Services,Telecom Services,,1833052479.0,1356330521.0,0.7399300001164888,22381570048.0,0.859,1.2522242004527027,0.9399105107943827,0.8417563321145521,1.0000001e-05,0.0,none
LGGNY,Legal & General Group Plc,PNK,GBP,United Kingdom,Financial Services,Asset Management,,1077985083.0,1065590280.0,0.9885018789262783,21667500032.0,0.793,0.8425046709977668,0.6988163811238771,0.8289123978914916,0.00087,1.0000001e-05,none
BKRIY,Bank Ireland Group PLC,PNK,EUR,Ireland,Financial Services,Banks - Regional,,943000000.0,942943420.0,0.99994,21547550720.0,0.46,1.0054059961089983,0.742298240025253,0.6297627574759482,0.00068000006,0.0,buy
FICO,Fair Isaac Corporation,NYQ,USD,United States,Technology,Software - Application,,21597635.0,20896144.0,0.9675200085564925,19881594880.0,1.318,0.3708173089454505,0.9132026170896329,1.0780775769038284,1.02344,0.030150002,buy
BDRBF,Bombardier Inc.,PNK,USD,Canada,Industrials,Aerospace & Defense,,86557529.0,87014700.0,1.0052817011446804,22024290304.0,2.044,1.4810616413137376,1.509203202234682,1.4889522743843726,0.40280998,0.01605,buy
BDRXF,BOMBARDIER INC 6.25% PRF CUM RE,PNK,USD,Canada,Industrials,Aerospace & Defense,,2371259904.0,87014700.0,0.036695555747903376,,2.044,0.09458469879186612,0.11070488355118724,0.06475648761648006,0.03799,0.0,none
BDRPF,BOMBARDIER INC ADJ CUM RED PREF,PNK,USD,Canada,Industrials,Aerospace & Defense,,2371259904.0,87014700.0,0.036695555747903376,,2.044,0.06111536422024548,-0.00399969972585834,-0.030854762752212925,0.0317,0.0,none
ARXS,"Arxis, Inc.",NMS,USD,United States,Industrials,Aerospace & Defense,,90149551.0,84597007.0,0.9384074136985996,21877360640.0,,,,,0.65756,0.03328,strong_buy
MTUAF,MTU Aero Engines AG,PNK,EUR,Germany,Industrials,Aerospace & Defense,,53870614.0,52239951.0,0.9697300090175323,22007762944.0,0.895,0.570360440616706,0.6956068819176512,0.606015233628749,0.68898004,0.0,none
CGEMY,Capgemini SE,PNK,EUR,France,Technology,Information Technology Services,,830011000.0,839962849.0,1.0119900206141845,20177567744.0,0.669,0.7880728934694246,0.9028374158052087,1.0149828228646327,0.00068999996,0.0,none
LGGNF,Legal & General Group Plc,PNK,GBP,United Kingdom,Financial Services,Asset Management,,5389925413.0,5327951400.0,0.9885018792930743,21290205184.0,0.793,0.693900402005321,0.5106631262811209,0.7169923807751967,0.46868,0.01995,none
LSRCF,Lasertec Corp.,PNK,JPY,Japan,Technology,Semiconductor Equipment & Materials,,89630666.0,78191104.0,0.8723699989019383,20978952192.0,1.658,0.2380912255313408,1.3717256002104707,1.1189398961831505,0.57655,0.119969994,none
CW,Curtiss-Wright Corporation,NYQ,USD,United States,Industrials,Aerospace & Defense,,36934444.0,36742385.0,0.9948000029457598,20367869952.0,0.845,1.4111110371111848,1.1168979119932747,0.9157788577173276,0.89659,0.00366,buy
CAPMF,Capgemini SE,PNK,EUR,France,Technology,Information Technology Services,,166002200.0,167992570.0,1.011990021818988,20634075136.0,0.669,0.1557889345437839,0.6893112221755787,0.7077974088852561,0.72149,0.08805,none
GBERF,Geberit AG,PNK,CHF,Switzerland,Industrials,Building Products & Equipment,,32358401.0,32228644.0,0.9959900058102377,20696432640.0,1.043,0.3347322604905134,0.08231420670602312,0.10453143253418082,0.45516,0.0054900004,none
BCE,"BCE, Inc.",NYQ,CAD,Canada,Communication Services,Telecom Services,,932525817.0,931444087.0,0.9988399999439372,20436303872.0,0.614,-0.16647768544035058,-0.0059139781485936516,0.2624550520883811,0.53196,0.00032000002,buy
BCH,Banco De Chile,NYQ,CLP,Chile,Financial Services,Banks - Regional,,505085406.0,189103976.0,0.37439999998732887,21334808576.0,0.066,1.1520506644591124,0.712364948638719,0.5978976782389197,0.023740001,0.0,none
TRATY,Traton SE,PNK,EUR,Germany,Industrials,Farm & Heavy Construction Machinery,,500000000.0,51400000.0,0.1028,21131462656.0,1.37,-0.28426567614604314,,,,,none
KGSPF,Kingspan Group plc.,PNK,EUR,Ireland,Industrials,Building Products & Equipment,,180025148.0,151093153.0,0.8392891475362098,20861493248.0,1.309,0.8284463146732981,0.23923125005819418,0.14744635101702977,0.60138,0.16028,none
VACNY,VAT Group AG,PNK,CHF,Switzerland,Industrials,Specialty Industrial Machinery,,299669260.0,268794799.0,0.8969715445621617,23916601344.0,1.542,1.8507625919301236,1.222994989303938,1.091517847587447,4.0000003e-05,0.0,none
SNX,TD SYNNEX Corporation,NYQ,USD,United States,Technology,Electronics & Computer Distribution,,,73646808.0,,,1.429,1.3356492765300412,1.0561588285635306,1.080199731958512,0.94784,0.04941,buy
FYGGY,Fuyao Glass Ind Group Co,PNK,CNY,China,Consumer Cyclical,Auto Parts,,8011945328.0,7691331748.0,0.9599830544425303,18790154240.0,0.467,0.08501364879397227,0.0542418411747353,-0.1552795018383689,,,none
MTUAY,MTU Aero Engines AG,PNK,EUR,Germany,Industrials,Aerospace & Defense,,107741228.0,104479901.0,0.9697299997360342,21949044736.0,0.895,1.2582358259057322,0.8468493470470327,0.8645330791392493,0.0025099998,0.0,none
LSRCY,Lasertec Corp.,PNK,JPY,Japan,Technology,Semiconductor Equipment & Materials,,448153330.0,390955520.0,0.8723699989019383,23478753280.0,1.658,2.4331470230021677,1.5579100720753192,1.3636104020908946,0.0005,0.0,none
TRATF,Traton SE,PNK,EUR,Germany,Industrials,Farm & Heavy Construction Machinery,,500000000.0,51400000.0,0.1028,21522579456.0,1.37,0.2323041865889519,0.22699661385606304,0.35525466613347534,0.06742,0.87525004,none
GBERY,Geberit AG,PNK,CHF,Switzerland,Industrials,Building Products & Equipment,,323584010.0,322286438.0,0.9959899996294626,21615411200.0,1.043,0.6979079415232593,0.7069421179505271,0.761851579494258,6.0000002e-05,0.0,none
PKG,Packaging Corporation of Americ,NYQ,USD,United States,Consumer Cyclical,Packaging & Containers,,89098299.0,86966636.0,0.976075154925236,21296275456.0,0.797,0.7654717588931433,0.7415402388977393,0.7437013386396786,1.00063,0.01579,buy
BNDSF,Banco De Sabadell SA,PNK,EUR,Spain,Financial Services,Banks - Diversified,,4712558694.0,4910089412.0,1.0419158106723414,20358254592.0,0.495,-0.12792734373885412,0.1738862071071103,0.1186153748765948,0.43447,0.02228,none
FSLR,"First Solar, Inc.",NMS,USD,United States,Technology,Solar,,107469788.0,101655672.0,0.9458999956341219,21602502656.0,1.733,1.7717760206266695,1.2691670183857706,1.114953115747611,0.96446997,0.053579997,buy
CRCL,"Circle Internet Group, Inc.",NYQ,USD,United States,Financial Services,Capital Markets,,234685190.0,205718165.0,0.876570715859829,25860593664.0,,3.0534061954003064,,,0.68391997,0.022330001,buy
XPO,"XPO, Inc.",NYQ,USD,United States,Industrials,Trucking,,117086465.0,104566409.0,0.8930699974587156,20933888000.0,1.704,1.2617635939971783,1.5330044606638158,1.5729160848093506,1.03722,0.02151,buy
CRS,Carpenter Technology Corporatio,NYQ,USD,United States,Industrials,Metal Fabrication,,49558566.0,48401869.0,0.9766599985964082,19730255872.0,1.261,1.5889192645076387,1.5045783763342258,1.4094895161691112,0.95394,0.02474,none
BNDSY,Banco De Sabadell SA,PNK,EUR,Spain,Financial Services,Banks - Diversified,,2356279347.0,2455044706.0,1.0419158106723414,20372389888.0,0.495,0.14279440972998356,0.3741697462215007,0.18324549982818988,0.0,0.0,none
KUASF,KUAISHOU TECHNOLOGY,PNK,CNY,China,Communication Services,Internet Content & Information,,3639956415.0,3075945340.0,0.8450500471171164,20008091648.0,1.255,0.23449661300200877,0.1950038915294404,0.19110242101559996,0.35483003,0.15777001,none
KUBTY,Kubota Corp.,PNK,JPY,Japan,Industrials,Farm & Heavy Construction Machinery,,225278491.0,1109395261.0,4.924550302496478,19982202880.0,0.823,0.9089845642843628,0.7833065832765126,0.7322426114919613,0.0004,0.0,none
KGSPY,Kingspan Group plc.,PNK,EUR,Ireland,Industrials,Building Products & Equipment,,180025148.0,151093153.0,0.8392891475362098,20510265344.0,1.309,1.4141363984317907,0.9174955746301606,0.9660778882512174,0.00028,0.0,none
BPCGY,Banco Comercial Portugues S.A.,PNK,EUR,Portugal,Financial Services,Banks - Regional,,1459033933.0,877757270.0,0.6016016832420031,20604477440.0,0.801,-0.021856731414965993,-0.1681523495361914,-0.07522055092493553,,,none
KUBTF,Kubota Corp.,PNK,JPY,Japan,Industrials,Farm & Heavy Construction Machinery,,1126392455.0,1109395261.0,0.9849100604992955,19937146880.0,0.823,0.7202721594851353,0.3102205565910867,0.2791485519541995,0.67703,0.01045,none
RL,Ralph Lauren Corporation,NYQ,USD,United States,Consumer Cyclical,Apparel Manufacturing,,37700963.0,37256178.0,0.9882022907478517,20680398848.0,1.353,1.2639632508559646,1.3086977453676423,1.2901606468062838,1.0736799,0.025409998,buy
ENTG,"Entegris, Inc.",NMS,USD,United States,Technology,Semiconductor Equipment & Materials,,152800000.0,152115456.0,0.99552,22618984448.0,1.364,3.3435248890558116,2.4888954505406504,2.200044450567995,1.1075801,0.0051200003,none
TELNY,Telenor ASA,OQX,NOK,Norway,Communication Services,Telecom Services,,1357478199.0,627200640.0,0.46203367425129455,18991118336.0,0.252,0.3919064364765208,0.1987409742733097,0.38472260514783974,8.9999994e-05,0.0,hold
ZTCOF,Zte Corp.,PNK,CNY,China,Technology,Communication Equipment,,755502534.0,3685408884.0,4.878089375144306,14732652544.0,0.74,0.32306419690903765,0.2547360850383812,0.15452714260297076,0.28554,0.0,none
PGPHF,Partners Group Holding Zug Name,PNK,CHF,Switzerland,Financial Services,Asset Management,,25759865.0,21218658.0,0.8237099845049654,19541665792.0,0.957,0.6119701085420924,0.6316367549691007,0.7167108346122172,0.39984,0.16922002,none
BNCDY,Banca Mediolanum SPA,PNK,EUR,Italy,Financial Services,Banks - Regional,,370431959.0,259546856.0,0.7006599989392384,19585404928.0,0.751,0.6565166127666084,0.24867577715475855,0.171927457295832,0.0,0.0,none
BPCGF,BANCO COMERCIAL PORTUGUES S.A.,PNK,EUR,Portugal,Financial Services,Banks - Regional,,14590339330.0,8777572697.0,0.6016016830363876,19405152256.0,0.801,0.02465584150615685,0.08831445962507568,0.17703411372592306,0.24132,0.40530998,none
WF,Woori Financial Group Inc.,NYQ,KRW,South Korea,Financial Services,Banks - Regional,,242678579.0,221330261.0,0.9120304804487915,19062403072.0,0.519,1.1946621788194225,0.9039844828260601,0.8608986043174566,0.04483,0.0,strong_buy
BOUYY,Bouygues SA,PNK,EUR,France,Industrials,Engineering & Construction,,1911285630.0,1003199512.0,0.5248820460184175,18940839936.0,0.674,0.7026729742904432,0.5007003799734419,,1.0000001e-05,0.0,none
NJDCY,Nidec Corp.,PNK,JPY,Japan,Industrials,Specialty Industrial Machinery,,4585239340.0,3640126390.0,0.793879254730463,17872109568.0,1.046,0.9764932066386557,0.8146545426081511,0.9036960115626116,7e-05,0.0,none
RCI,"Rogers Communication, Inc.",NYQ,CAD,Canada,Communication Services,Telecom Services,,429076558.0,385061774.0,0.8974197420498559,18086742016.0,0.81,0.16563033237231126,0.31468771635969883,0.3828289979558025,0.66194,0.10641,buy
FTAI,FTAI Aviation Ltd.,NMS,USD,United States,Industrials,Aerospace & Defense,,102707091.0,101500283.0,0.988250003108354,19592402944.0,1.559,2.386930880194081,1.8606098687313368,1.5205240038646928,0.9888,0.011390001,strong_buy
AMCR,Amcor plc,NYQ,USD,Switzerland,Consumer Cyclical,Packaging & Containers,,462345690.0,459737590.0,0.9943589827775836,19855435776.0,0.595,0.8283444305822888,0.6312492635090746,0.727671710780406,0.79731005,0.00265,buy
BBY,"Best Buy Co., Inc.",NYQ,USD,United States,Consumer Cyclical,Specialty Retail,,209727698.0,196978351.0,0.9392099988624297,19890573312.0,1.305,0.730172798313246,1.0528200844465136,1.1017285450573562,0.97046,0.06516,hold
NNDNF,Nidec Corp.,PNK,JPY,Japan,Industrials,Specialty Industrial Machinery,,1146309835.0,910031598.0,0.7938792551666453,19198672896.0,1.046,-0.042121922058675085,0.4377748373858459,0.647743550115968,0.47915,0.13307999,none
ERBKY,EUROBANK S A,PNK,EUR,Greece,Financial Services,Banks - Regional,,3588111536.0,1224442975.0,0.34124997584801947,42737999872.0,0.73,,,,,,none
TELNF,Telenor ASA,OQX,NOK,Norway,Communication Services,Telecom Services,,1357478199.0,627200640.0,0.46203367425129455,18963970048.0,0.252,-0.30665999703207825,,,0.3614,0.53991,none
IHICF,IHI CORPORATION,PNK,JPY,Japan,Industrials,Specialty Industrial Machinery,,1060161928.0,1025335363.0,0.967149768275776,18987499520.0,0.869,0.06653432499948313,-1.887730763690882,-0.8806159472600854,0.59830004,0.05061,none
KNRRY,Knorr-Bremse,PNK,EUR,Germany,Consumer Cyclical,Auto Parts,,644800000.0,244357823.0,0.37896684708436723,19582576640.0,1.11,1.0329014422751608,0.954921009576679,0.9391684734012918,0.00023,0.0,strong_buy
SNA,Snap-On Incorporated,NYQ,USD,United States,Industrials,Tools & Accessories,,51727124.0,50417393.0,0.9746799957407258,19171364864.0,0.712,0.5572183448294088,0.7477433577121675,0.7729601300636655,0.99681,0.02421,hold
IHICY,IHI Corp,PNK,JPY,Japan,Industrials,Specialty Industrial Machinery,,1060161928.0,1025335363.0,0.967149768275776,19432767488.0,0.869,1.3590221242201332,0.9394336407062243,0.5126016498608933,6.0000002e-05,0.0,none
RCIAF,"Rogers Communications, Inc.",PNK,CAD,Canada,Communication Services,Telecom Services,,111148720.0,385061774.0,3.46438334152656,19680407552.0,0.81,-0.057341973743877825,-0.09689180851931475,-0.030015478040527753,0.0068699997,0.97625,none
EFX,"Equifax, Inc.",NYQ,USD,United States,Industrials,Consulting Services,,117484896.0,116982061.0,0.9957200030206436,18741776384.0,1.305,0.556926507063611,0.9911342215421295,1.1083682624089395,1.04754,0.0064499998,buy
KSPI,Joint Stock Company Kaspi.kz - ,NMS,KZT,Kazakhstan,Technology,Software - Infrastructure,,190027266.0,104077934.0,0.5477000021670574,18313877504.0,0.102,1.0248921555139048,0.9403155706076571,0.9403155706076571,0.47452,0.20377001,none
MTSI,MACOM Technology Solutions Hold,NMS,USD,United States,Technology,Semiconductors,,76370931.0,71288446.0,0.9334500059977009,21282287616.0,1.708,2.2435463562095737,1.9249691265299156,1.6510319586310391,0.97322,0.065510005,buy
VIV,Telefonica Brasil S.A.,NYQ,BRL,Brazil,Communication Services,Telecom Services,,1597803176.0,351964084.0,0.22028000024453576,18957934592.0,0.198,0.5876288261817607,0.4455240772040547,0.4395353426472696,0.040689997,0.0,none
LUV,Southwest Airlines Company,NYQ,USD,United States,Industrials,Airlines,,489208201.0,484125328.0,0.989610000425974,20573650944.0,1.12,1.5690711244244229,1.2792992237628424,1.1225814640849912,0.93819,0.01018,buy
KGBLY,Kingboard Laminates Holdings Lt,PNK,HKD,Hong Kong,Technology,Electronic Components,,126058000.0,47070224.0,0.37340132320043157,16896813056.0,1.537,1.3613671167176367,0.11758857547621032,0.11621549283004289,,,none
SPXCF,Singapore Exchange Ltd.,OQX,SGD,Singapore,Financial Services,Financial Data & Stock Exchanges,,1072340684.0,1060667459.0,0.9891142570880953,18798133248.0,0.262,0.32762382455717465,0.23135533255240898,0.17217095076925462,0.31096,0.2401,none
SOMLF,"Secom Co., Ltd.",PNK,JPY,Japan,Industrials,Security & Protection Services,,398929240.0,400887747.0,1.004909409498286,16755027968.0,0.066,0.020692590072020196,-0.1981130140196372,-0.09369103190969974,0.53928,0.017439999,none
BR,"Broadridge Financial Solutions,",NYQ,USD,United States,Technology,Information Technology Services,,114021798.0,113485896.0,0.9953000039518759,18691592192.0,0.91,0.11961245216732269,0.5437450610144162,0.742317530956209,0.98127,0.00525,buy
FIS,Fidelity National Information S,NYQ,USD,United States,Technology,Information Technology Services,,515705917.0,514524950.0,0.9977099991272739,18111590400.0,0.801,0.364775790464978,0.6064084591407615,0.8519100901762087,1.01462,0.00131,buy
SPXCY,Singapore Exchange Ltd.,OQX,SGD,Singapore,Financial Services,Financial Data & Stock Exchanges,,536170342.0,530333730.0,0.9891142580206348,19253876736.0,0.262,0.5499282685911316,0.4148882711773812,0.41148010079159486,0.00063,0.0,none
SSNC,"SS&C Technologies Holdings, Inc",NMS,USD,United States,Technology,Software - Application,,234654996.0,200108288.0,0.8527765929177148,18622220288.0,1.094,0.5286436872515111,0.7777428070288616,0.9042092408473426,0.87704,0.14427,buy
LEN,Lennar Corporation,NYQ,USD,United States,Consumer Cyclical,Residential Construction,,210506003.0,198500107.0,0.9429664910791167,19929110528.0,1.398,0.9811928792130108,0.8565298993155839,1.0567859809645443,0.97998,0.08234999,hold
WWD,"Woodward, Inc.",NMS,USD,United States,Industrials,Aerospace & Defense,,59045820.0,58826760.0,0.9962899998678992,19122577408.0,0.868,1.2554293227731657,1.103704207560375,1.019530009724004,0.93341005,0.00246,buy
CDW,CDW Corporation,NMS,USD,United States,Technology,Information Technology Services,,125017426.0,124547360.0,0.9962399961746133,18451320832.0,0.941,0.8217546392116618,0.9983819895742612,1.0429040130350242,1.1306,0.00456,buy
WRTBY,Wartsila Corp.,PNK,EUR,Finland,Industrials,Specialty Industrial Machinery,,2947731240.0,2342296721.0,0.7946100001301339,20015093760.0,1.248,0.9835064881672911,0.6076110497826273,0.38365865234436947,0.0,0.0,none
WRTBF,Wartsila Corp.,PNK,EUR,Finland,Industrials,Specialty Industrial Machinery,,589546248.0,468459344.0,0.79460999979089,18688616448.0,1.248,0.253188015535092,0.021971064612163048,0.14937457451010785,0.55119,0.01503,none
NPNYY,Nippon Yusen Kabushiki Kaisha,PNK,JPY,Japan,Industrials,Marine Shipping,,2017780710.0,2014448756.0,0.9983487036111075,19471583232.0,0.745,0.37339052886568685,0.4185583898075746,0.6050584724390977,5e-05,0.0,none
GXYEF,"Galaxy Entertainment Group, Ltd",PNK,HKD,Hong Kong,Consumer Cyclical,Resorts & Casinos,,4379240712.0,2598460783.0,0.5933587473005755,18918322176.0,0.559,0.6215961163197967,0.034813905083449774,0.1288626365798084,0.24548,0.50223,none
KONMY,Konami Group Corporation,PNK,JPY,Japan,Communication Services,Electronic Gaming & Multimedia,,271112966.0,190950283.0,0.7043199955254077,17790433280.0,0.405,0.4840608585445053,0.08987285041381078,,0.0,0.0,none
NTNX,"Nutanix, Inc.",NMS,USD,United States,Technology,Software - Infrastructure,,270570179.0,251051246.0,0.9278599989394988,18862798848.0,0.622,0.6823028595482997,1.2144023231591852,1.2531867063584305,0.96898,0.021170001,none
U,Unity Software Inc.,NYQ,USD,United States,Technology,Software - Application,,440088933.0,369591087.0,0.839810000402805,19033845760.0,2.057,2.1887480753672257,2.038030535394724,2.4386683567181913,0.86600995,0.03355,none
ASCCY,Asics Corp.,PNK,JPY,Japan,Consumer Cyclical,Footwear & Accessories,,708910903.0,708400487.0,0.9992799997886336,18509664256.0,0.995,1.126002867852425,1.0561159735986714,0.6795234153128166,0.00041,0.0,none
STLA,Stellantis N.V.,NYQ,EUR,Netherlands,Consumer Cyclical,Auto Manufacturers,,2900941252.0,2444536165.0,0.8426700000610698,18083155968.0,0.985,1.358807606155912,1.4152253629681855,1.3274729766344264,0.48375,0.23541,hold
VDMCY,Vodacom Group Ltd.,PNK,ZAR,South Africa,Communication Services,Telecom Services,,1931762719.0,447821234.0,0.23182000024921282,18235838464.0,0.349,1.0413414980083182,0.7874854723781751,0.656816092431477,0.0,0.0,none
KKPNF,Royal KPN NV,PNK,EUR,Netherlands,Communication Services,Telecom Services,,3772121708.0,3768206231.0,0.9989619961117119,17502644224.0,0.247,0.09282016318895488,0.10277582892446496,0.23563356610519348,0.72480005,0.00135,none
NBGRY,NATIONAL BK GREECE S A,PNK,EUR,Greece,Financial Services,Banks - Regional,,896140638.0,204490332.0,0.2281899997933137,17913849856.0,0.561,,,,0.0,0.0,none
KKPNY,Royal KPN NV,PNK,EUR,Netherlands,Communication Services,Telecom Services,,3772121708.0,3768206231.0,0.9989619961117119,17389481984.0,0.247,-0.15945459485104946,-0.06352990399886455,0.1443521867197613,0.00066,0.0,buy
TLSNY,Telia Company AB,PNK,SEK,Sweden,Communication Services,Telecom Services,,1966054643.0,1157337726.0,0.5886599999245291,18225328128.0,0.236,0.18661333495906385,0.08351812435999002,0.2979416618958991,5e-05,0.0,none
GEN,Gen Digital Inc.,NMS,USD,United States,Technology,Software - Infrastructure,,598587032.0,453381790.0,0.7574200003718089,16236673024.0,1.215,0.8367155428987461,0.8874878856458406,0.8050192152367471,0.93847,0.09729999,buy
AGESY,ageas SA/NV,PNK,EUR,Belgium,Financial Services,Insurance - Diversified,,209227654.0,197291543.0,0.9429515612692383,18022868992.0,0.537,0.5105215510726303,0.5158675285297826,0.6429612371799854,0.00013,0.0,none
NRILY,Nomura Research Institute Ltd.,PNK,JPY,Japan,Technology,Information Technology Services,,560101089.0,384937476.0,0.6872642877507421,18046457856.0,0.318,0.8012814517473433,0.5134345767034885,0.512942860307396,8.9999994e-05,0.0,none
SOMLY,"Secom Co., Ltd.",PNK,JPY,Japan,Industrials,Security & Protection Services,,1595716960.0,1603550987.0,1.0049094088716084,16276313088.0,0.066,0.35992297579821003,0.22604809640966345,0.27595246978036364,8.9999994e-05,0.0,none
EUXTF,Euronext NV,PNK,EUR,Netherlands,Financial Services,Financial Data & Stock Exchanges,,99740109.0,87160719.0,0.8738783211075095,18451920896.0,0.858,-0.09295922553083234,0.04836635898026707,0.10769701559357195,0.65229,0.08474,none
FDXF,"FedEx Freight Holding Company, ",NYQ,USD,United States,Industrials,Integrated Freight & Logistics,,149518133.0,119418638.0,0.7986900023691441,17705936896.0,,,,,0.63247,0.20084,buy
EVGGF,Evolution AB,PNK,EUR,Sweden,Consumer Cyclical,Gambling,,183235513.0,104545872.0,0.5705546391544744,16131322880.0,0.732,0.49773533189431446,0.3137303223417345,,0.30431998,0.44535,none
CSGNF,,PNK,EUR,Czech Republic,Industrials,Aerospace & Defense,,,,,,,,,,0.06236,0.84783,none
JBAXY,Julius Baer Group Ltd.,PNK,CHF,Switzerland,Financial Services,Asset Management,,1028820135.0,1025064942.0,0.9963500004789467,17952913408.0,0.872,0.9858992829745837,0.8967095380257484,0.9200426900815316,0.00017000001,0.0,none
OUKPF,METSO OYJ,PNK,EUR,Finland,Industrials,Farm & Heavy Construction Machinery,,828113459.0,699673062.0,0.8449000005927931,18152247296.0,1.217,-0.1159153904609691,0.17764972209359253,0.4454458463239854,0.55838,0.16878,none
FTAIM,FTAI Aviation Ltd. - 9.500% Fix,NMS,USD,United States,Industrials,Aerospace & Defense,,,101500283.0,,,1.559,0.058789686156876776,0.04426626086729904,0.08820209452823571,0.0589,0.0,none
GXYYY,"Galaxy Entertainment Group, Ltd",PNK,HKD,Hong Kong,Consumer Cyclical,Resorts & Casinos,,875848142.0,519692157.0,0.5933587480282626,17902336000.0,0.559,1.002488084720742,0.7329762322322517,,5e-05,0.0,none
MTZ,"MasTec, Inc.",NYQ,USD,United States,Industrials,Engineering & Construction,,80304948.0,62364934.0,0.7766013870029528,17923260416.0,1.818,1.7563682359065327,1.6788733569980527,1.3433301268239617,0.765,0.2116,strong_buy
JBARF,JULIUS BAER GRUPPE AG,PNK,CHF,Switzerland,Financial Services,Asset Management,,205764027.0,205012988.0,0.9963499985349723,18099003392.0,0.872,0.5180867277643448,0.5239269247197479,0.24004860040287723,0.69058,0.00247,none
TOST,"Toast, Inc.",NYQ,USD,United States,Technology,Software - Infrastructure,,514000000.0,484953560.0,0.9434894163424125,17293760512.0,1.728,1.061690332733978,1.4981576658197497,1.8540316917442734,0.95517,0.05598,buy
EVVTY,Evolution AB,PNK,EUR,Sweden,Consumer Cyclical,Gambling,,183235513.0,104545872.0,0.5705546391544744,16058761216.0,0.732,0.7854779153752224,0.7245079829082302,1.1564577385704338,0.00196,0.0,none
NBGIF,National Bank of Greece S.A.,PNK,EUR,Greece,Financial Services,Banks - Regional,,896140638.0,817961329.0,0.912760000289151,17931773952.0,0.561,0.7813442948968534,0.383715924219051,0.4772031726669831,0.51534003,0.083900005,none
IP,International Paper Company,NYQ,USD,United States,Consumer Cyclical,Packaging & Containers,,529569895.0,527123282.0,0.9953799998393036,18963898368.0,0.883,1.2255592978224688,0.9229446183550868,0.8510314622687557,1.02553,0.00241,buy
GPC,Genuine Parts Company,NYQ,USD,United States,Consumer Cyclical,Auto Parts,,137859758.0,137465479.0,0.9971399993317847,18081687552.0,0.656,0.5176171534885697,0.6353988540562573,0.6944385107259384,0.98824,0.0051499996,none
ERNXY,Euronext NV,PNK,EUR,Netherlands,Financial Services,Financial Data & Stock Exchanges,,498700545.0,435803595.0,0.8738783211075095,17903349760.0,0.858,,,,0.0,0.0,none
TIIAY,Telecom Italia S.p.A.,PNK,EUR,Italy,Communication Services,Telecom Services,,2133259939.0,1619628781.0,0.7592271112348489,18303369216.0,0.755,0.7328879626995595,0.4318730606816849,0.6952411930165078,0.00013,0.0,none
CHRW,"C.H. Robinson Worldwide, Inc.",NMS,USD,United States,Industrials,Integrated Freight & Logistics,,116851258.0,116407223.0,0.9961999981206877,17618247680.0,0.943,0.6325321247737365,0.6037594554870719,0.6552486293889513,1.05174,0.00347,buy
KPCPY,KASIKORNBANK Public Co. Ltd.,PNK,THB,Thailand,Financial Services,Banks - Regional,,592331898.0,2041631407.0,3.446769309391472,18356365312.0,0.116,0.12250644471587367,0.33824656581124046,0.31194296281643724,5e-05,0.0,none
GFL,GFL Environmental Inc. Subordin,NYQ,CAD,United States,Industrials,Waste Management,,349077362.0,275175265.0,0.7882930689730605,15117696000.0,0.491,0.22164153830626065,0.573605444192131,0.831676996487069,0.89267,0.024519999,buy
WTKWY,Wolters Kluwer N.V.,PNK,EUR,Netherlands,Industrials,Specialty Business Services,,222439643.0,222642000.0,1.000909716439349,17060008960.0,0.189,0.3550714704958657,0.37950187808424996,0.4965320943948844,0.00068999996,0.0,none
TPG,TPG Inc.,NMS,USD,United States,Financial Services,Asset Management,,160109058.0,132081643.0,0.8249479738991407,17925089280.0,1.45,1.523793306470448,1.584682680486796,1.497996690246604,0.97076,0.0539,buy
BMBLF,BRAMBLES LTD,PNK,USD,Australia,Industrials,Specialty Business Services,,1330332003.0,1334096782.0,1.0028299544711472,18265458688.0,0.454,0.6065307177481496,0.21361744337858835,0.13060597573280164,0.54543,0.00532,none
BXBLY,"Brambles, Ltd.",PNK,USD,Australia,Industrials,Specialty Business Services,,665166001.0,667048391.0,1.0028299552249664,17573685248.0,0.454,0.9321581671807354,0.767213841678788,0.67801896665973,0.00025,0.0,none
PZAKY,POWSZECHNY ZAKLAD UBEZPIECZEN S,PNK,PLN,Poland,Financial Services,Insurance - Property & Casualty,,863523000.0,567975853.0,0.6577425882113157,17983498240.0,0.316,-0.10416995190042301,-0.09722785758383114,-0.25182435504574263,0.0,0.0,none
HLMAF,Halma PLC,PNK,GBP,United Kingdom,Industrials,Conglomerates,,377678275.0,373195234.0,0.9881300003289837,18262329344.0,0.967,0.782622896860991,0.561839876373009,0.5340158022093582,0.51023,0.01071,none
WIT,Wipro Limited,NYQ,INR,India,Technology,Information Technology Services,,9893340252.0,2886480728.0,0.2917599773662369,16670277632.0,0.393,0.5266553093319744,0.7022164423914187,0.7955443407150233,0.035669997,0.0,underperform
WSPOF,WSP Global Inc,PNK,CAD,Canada,Industrials,Engineering & Construction,,134816636.0,104433011.0,0.7746300018938316,17437227008.0,0.488,0.8518565412007137,0.6571321508659417,,0.60282004,0.00053,none
HALMY,Halma PLC,PNK,GBP,United Kingdom,Industrials,Conglomerates,,188839138.0,186597617.0,0.9881299977126564,18218254336.0,0.967,1.297651780154607,0.9055716142233061,0.5762612821724026,0.00871,1.0000001e-05,none
CMSQF,Computershare Ltd.,OID,USD,Australia,Financial Services,Capital Markets,,578387070.0,558045197.0,0.9648300004355215,17207015424.0,-0.021,1.1131397796200084,0.23916375738301324,0.15862815258794288,0.51268,0.09016,none
ITT,ITT Inc.,NYQ,USD,United States,Industrials,Specialty Industrial Machinery,,,88990548.0,,,1.276,1.2339404166593178,1.283898284344368,1.2514164248084467,1.01029,0.00525,strong_buy
HALFF,Hal Trust,PNK,EUR,Netherlands,Financial Services,Asset Management,,90314113.0,90314113.0,1.0,16888738816.0,0.653,0.10226113950072035,0.06329848950109881,0.14212712603197525,0.02318,0.81141,none
EWBC,"East West Bancorp, Inc.",NMS,USD,United States,Financial Services,Banks - Regional,,137011856.0,135737646.0,0.990700001903485,17314189312.0,0.925,0.8116249210592202,1.1141125474393132,1.2629715211391848,0.93967,0.008909999,buy
BESVF,BE Semiconductor Industries N.V,PNK,EUR,Netherlands,Technology,Semiconductor Equipment & Materials,,79136704.0,71984291.0,0.9096195237041967,16001441792.0,1.331,0.910525540330127,0.43127440773034875,0.24816952118564858,0.63211,0.108909994,none
BKNIY,"Bankinter, S.A.",PNK,EUR,Spain,Financial Services,Banks - Regional,,898696272.0,639208016.0,0.7112614527458505,17516044288.0,0.046,0.8351206655671052,0.4010248219129766,0.39592470227505094,1.0000001e-05,0.0,none
NDSN,Nordson Corporation,NMS,USD,United States,Industrials,Specialty Industrial Machinery,,55699366.0,49635376.0,0.8911299995766558,17711286272.0,0.972,0.8581730797223639,0.9964094336476456,0.9744987812559783,0.78323996,0.0559,buy
TSCO,Tractor Supply Company,NMS,USD,United States,Consumer Cyclical,Specialty Retail,,521040137.0,519414492.0,0.9968800004365115,17186508800.0,0.469,0.3884857834410992,0.6141896825475879,0.7385901104535031,0.96748,0.00347,buy
AARTY,AIRTEL AFRICA PLC UNSPON ADS EA,PNK,USD,United Kingdom,Communication Services,Telecom Services,,362963540.0,748122740.0,2.0611512109453196,16242619392.0,0.465,2.261931213088923,0.5044224039057401,0.47728767337852407,,,none
ARNNY,ASR Nederland N.V.,PNK,EUR,Netherlands,Financial Services,Insurance - Diversified,,403099130.0,378836593.0,0.9398099990937713,17331247104.0,0.507,0.5057367386254794,,,0.0,0.0,none
NWSA,News Corporation,NMS,USD,United States,Communication Services,Entertainment,,358604801.0,539402427.0,1.5041695635301882,15634318336.0,0.923,0.2609259572407215,0.7274965660515599,0.9027400109096525,1.08499,0.00028,strong_buy
FLUT,Flutter Entertainment plc,NYQ,USD,United States,Consumer Cyclical,Gambling,,173539102.0,125463565.0,0.7229700024608863,15575134208.0,1.07,0.7310011807828071,1.0306365969955351,0.9953646648961654,0.85218,0.18954,buy
MGA,"Magna International, Inc.",NYQ,USD,Canada,Consumer Cyclical,Auto Parts,,267519846.0,264777437.0,0.9897487642842019,16979484672.0,1.833,1.2188775027152166,1.0534758256984627,1.1997813164393245,0.76832,0.055219997,buy
WOLTF,WOLTERS KLUWERS,PNK,EUR,Netherlands,Industrials,Specialty Business Services,,222439643.0,222642000.0,1.000909716439349,17628342272.0,0.189,0.14158192624315136,0.2220279847689191,0.14061993685311439,0.75896,0.00246,none
NWS,News Corporation,NMS,USD,United States,Communication Services,Entertainment,,177367719.0,539402427.0,3.0411533171940945,17317273600.0,0.923,0.3041987954681101,0.7345138250945215,0.9026058903769945,0.49977002,0.35224,strong_buy
FUWAY,"Furukawa Electric Co., Ltd.",PNK,JPY,Japan,Industrials,Electrical Equipment & Parts,,1406992904.0,1301398087.0,0.9249500003164195,18361257984.0,1.16,2.0335672870404773,0.6811222489499543,0.29761847313937734,0.0,0.0,none
CLH,"Clean Harbors, Inc.",NYQ,USD,United States,Industrials,Waste Management,,52787248.0,50031754.0,0.9478000065470358,16518449152.0,0.852,0.30241889304362457,0.7910739765956182,0.8435324829287308,0.96148,0.04927,buy
J,Jacobs Solutions Inc.,NYQ,USD,United States,Industrials,Engineering & Construction,,117038611.0,116280201.0,0.993520001702686,16641134592.0,0.679,0.8878029275729279,0.8457460905269133,0.8749182584024934,0.94799006,0.00519,buy
IREN,IREN LIMITED,NMS,USD,Australia,Financial Services,Capital Markets,,394058648.0,346180522.0,0.8784999993198982,19025152000.0,4.285,3.854197053202294,3.053936621294868,2.584996134043227,0.59214,0.03257,buy
MSLOF,Mitsui O.S.K. Lines Ltd.,PNK,JPY,Japan,Industrials,Marine Shipping,,343620164.0,343028957.0,0.998279475240574,15899304960.0,0.699,-0.2221184138549441,-0.03981717888854716,-0.19802296158673083,0.45553002,0.00745,none
CNH,CNH Industrial N.V.,NYQ,USD,United Kingdom,Industrials,Farm & Heavy Construction Machinery,,1237725958.0,1233307276.0,0.9964299997334305,22152386560.0,1.239,1.0902574593623262,1.0552138839866168,1.0779659542276068,0.78283995,0.29947,buy
FTV,Fortive Corporation,NYQ,USD,United States,Technology,Scientific & Technical Instruments,,302017052.0,280954383.0,0.93026000068367,16834430976.0,0.973,0.6182851928482237,0.9351097754136454,0.980275859179376,1.12474,0.0041,hold
JMHLY,Jardine Matheson Holdings Ltd.,PNK,USD,Bermuda,Industrials,Conglomerates,,293258076.0,273299460.0,0.9319418026871321,16747969536.0,0.432,0.08229945969466726,0.13246895940589257,0.20768602338469005,0.00024000001,0.0,none
BEN,"Franklin Templeton, Inc.",NYQ,USD,United States,Financial Services,Asset Management,,508076910.0,289918846.0,0.5706199992438152,16797023232.0,1.57,1.2424661314560774,1.1083785151439662,1.2102466544077217,0.50135,0.48496,hold
CGXYY,China Galaxy Securities Co Ltd.,PNK,CNY,China,Financial Services,Financial Conglomerates,,3690984633.0,5728642686.0,1.5520635428232086,264940552192.0,0.598,-0.18614998931715837,-0.03522696805201028,-0.03498555320534084,,,none
JARLF,Jardine Matheson Holdings Ltd.,PNK,USD,Bermuda,Industrials,Conglomerates,,293258076.0,273299460.0,0.9319418026871321,17008968704.0,0.432,0.2803116596930499,-0.06716928235172534,0.07996345364836062,0.21504,0.36785,none
KSHTY,KUAISHOU TECHNOLOGY,PNK,CNY,China,Communication Services,Internet Content & Information,,18199782075.0,15379726700.0,0.8450500471171164,16135557120.0,1.255,1.4495653623026148,0.37937382555996485,0.3601141035567544,,,none
SITM,SiTime Corporation,NGM,USD,United States,Technology,Semiconductors,,29955519.0,23110193.0,0.7714836454678018,18905528320.0,2.862,2.859453530905914,2.771877412501774,2.6391468913631773,0.87926,0.108219996,strong_buy
CMSQY,Computershare Ltd.,OID,USD,Australia,Financial Services,Capital Markets,,578387070.0,558045197.0,0.9648300004355215,17166528512.0,-0.021,0.768032107847328,0.72825112914417,0.6726474987855671,0.00023,0.0,none
OUKPY,Metso OYJ,PNK,EUR,Finland,Industrials,Farm & Heavy Construction Machinery,,1656226918.0,1399346123.0,0.8448999999890112,17108824064.0,1.217,1.171502762272671,0.8543761247574468,0.8955402462571471,0.0,0.0,none
NVR,"NVR, Inc.",NYQ,USD,United States,Consumer Cyclical,Residential Construction,,2678153.0,2620996.0,0.97865805276995,16970250240.0,0.913,0.5545804390173065,0.6303546517187631,0.846861642589934,0.91196,0.05551,hold
BESIY,BE Semiconductor Industries N.V,PNK,EUR,Netherlands,Technology,Semiconductor Equipment & Materials,,79136704.0,71984291.0,0.9096195237041967,17417988096.0,1.331,2.415080306506772,1.4637607285760896,1.1743349381153734,0.00011,0.0,none
BOLSY,B3 SA Brasil Bolsa Balcao,PNK,BRL,Brazil,Financial Services,Financial Data & Stock Exchanges,,1660217031.0,1665616347.0,1.003252174805572,17531893760.0,0.113,1.2709857165736793,0.9848131937373616,,0.00075,0.0,strong_buy
MSLOY,Mitsui O.S.K. Lines Ltd.,PNK,JPY,Japan,Industrials,Marine Shipping,,687240328.0,686057913.0,0.998279473785479,16150147072.0,0.699,0.30777222548687433,0.47348396701056955,0.36255276814722087,2.0000001e-05,0.0,none
PS,Pershing Square Inc.,NYQ,USD,United States,Financial Services,Asset Management,,400000000.0,39352000.0,0.09838,19946000384.0,,,,,0.80120003,0.39915,none
AAFRF,Airtel Africa Plc,PNK,USD,United Kingdom,Communication Services,Telecom Services,,3629635395.0,748122740.0,0.20611512137846563,16151876608.0,0.465,-0.02219131802668664,0.10980080818519448,0.12308480948502218,0.111820005,0.79549,none
ITCFY,Investec Ltd.,PNK,GBP,South Africa,Financial Services,Banks - Regional,,127625483.0,375071480.0,2.9388447446659223,2469332480.0,0.415,0.03109925701122343,0.06381555616608033,0.038787647750265095,0.0,0.0,none
WCC,"WESCO International, Inc.",NYQ,USD,United States,Industrials,Industrial Distribution,,48732854.0,47922914.0,0.9833800006870108,17717073920.0,1.533,1.9929458367897075,1.7965100712142108,1.6285557025761692,0.99097,0.01843,strong_buy
BSAC,Banco Santander - Chile,NYQ,CLP,Chile,Financial Services,Banks - Regional,,471115317.0,305584239.0,0.6486399995354004,16413658112.0,0.229,1.1080987703858616,0.778060407985921,0.6882069593345345,0.0533,0.0,hold
SINGY,Singapore Airlines Ltd.,PNK,SGD,Singapore,Industrials,Airlines,,1576834278.0,777937576.0,0.49335404921987625,16241393664.0,0.493,0.46048640635196286,0.40512384275245616,0.4716839361701955,2.0000001e-05,0.0,none
IEX,IDEX Corporation,NYQ,USD,United States,Industrials,Specialty Industrial Machinery,,73719896.0,73506108.0,0.9970999959088385,16695713792.0,0.972,0.6631971132370115,0.8349605847412477,0.8375666935343716,1.0537,0.0022200001,buy
AMIGF,Admiral Group Plc.,PNK,GBP,United Kingdom,Financial Services,Insurance - Property & Casualty,,298902015.0,262490027.0,0.8781808546857739,15841806336.0,0.197,-0.007404744974195982,-0.011094088042435456,0.04459812192763677,0.67640996,0.17993,none
LDOS,"Leidos Holdings, Inc.",NYQ,USD,United States,Technology,Information Technology Services,,125492209.0,124554782.0,0.9925299984160769,15573582848.0,0.572,0.44304047720687106,0.47451844359526785,0.48260533175008513,0.84726995,0.0055400003,buy
BALL,Ball Corporation,NYQ,USD,United States,Consumer Cyclical,Packaging & Containers,,264703357.0,263660426.0,0.996060000855977,15969554432.0,0.951,0.19020358422623737,0.5434442603783903,0.7248212756662574,0.90372,0.0025600002,strong_buy
RGA,"Reinsurance Group of America, I",NYQ,USD,United States,Financial Services,Insurance - Reinsurance,,65301665.0,64894183.0,0.9937600059661572,16095553536.0,0.464,0.3086177728468617,0.7445457667481119,0.7456390386008149,1.0356,0.00233,buy
FNBKY,Finecobank Banca Fineco SPA,PNK,EUR,Italy,Financial Services,Banks - Regional,,305909611.0,305891256.0,0.9999399986161271,15907299328.0,0.715,0.09963558450268271,0.0664321733211506,0.033033463201517024,,,none
ZBRA,Zebra Technologies Corporation,NMS,USD,United States,Technology,Communication Equipment,,47310660.0,46866886.0,0.9906199998055406,17026869248.0,1.607,1.790621909618137,1.629774394853399,1.5763645166554696,1.05905,0.00852,buy
ROL,"Rollins, Inc.",NYQ,USD,United States,Consumer Cyclical,Personal Services,,481145404.0,309068562.0,0.6423600005955789,15788785664.0,0.736,0.12010161806670668,0.32826824590841464,0.4800015032587312,0.61372,0.38422,hold
AMIGY,,PNK,GBP,United Kingdom,Financial Services,Insurance - Property & Casualty,,,262490027.0,,,0.197,0.10177917877783735,0.23730644954140476,0.38380079963874,0.00046999997,0.0,none
APG,APi Group Corporation,NYQ,USD,United States,Industrials,Engineering & Construction,,432160297.0,354557272.0,0.8204299989177395,16097971200.0,1.599,1.2842197991731685,1.2083550267814203,1.2542197742815615,0.86807996,0.1221,strong_buy
DSEEY,"Daiwa Securities Group, Inc.",PNK,JPY,Japan,Financial Services,Capital Markets,,1388568756.0,1367875427.0,0.9850973681277329,16523967488.0,0.507,0.4761284793857136,0.4061750486635489,0.3355692370080636,0.00034000003,0.0,none
SINGF,Singapore Airlines Ltd.,PNK,SGD,Singapore,Industrials,Airlines,,3153668555.0,1555875152.0,0.4933540493763144,15768342528.0,0.493,0.6451147613499703,0.21414103793058517,0.18516852981107015,0.61704,0.00211,none
TIGO,Millicom International Cellular,NMS,USD,Luxembourg,Communication Services,Telecom Services,,167710000.0,90046853.0,0.5369199988074652,15826793472.0,0.896,0.2882603072207103,0.3008237446518766,0.6715063716825646,0.49443,0.46115002,none
NEXOF,Nexon Co Ltd.,PNK,JPY,Japan,Communication Services,Electronic Gaming & Multimedia,,778877498.0,321877766.0,0.41325852502674304,16356427776.0,0.551,-0.016965896364430195,0.09658970292385291,0.0768173999170807,0.38402998,0.48004,none
SITIF,SITC INTERNATIONAL HLDGS CO LTD,PNK,USD,Hong Kong,Industrials,Marine Shipping,,2690627687.0,1330682480.0,0.49456210029700776,15605640192.0,1.09,0.2837314988970587,0.28341160786591074,-0.3564391740660331,0.20969999,0.50924,none
DT,"Dynatrace, Inc.",NYQ,USD,United States,Technology,Software - Application,,290228871.0,287022463.0,0.9889521397752328,16360201216.0,0.741,0.5898075218707263,0.9133653929365895,1.238486293639287,1.08167,0.00598,buy
MKSI,MKS Inc.,NMS,USD,United States,Technology,Scientific & Technical Instruments,,67617558.0,67221995.0,0.994149995774766,17289134080.0,1.973,2.8227765769565973,2.5839254824532145,2.1563974044313095,1.06969,0.00483,buy
DIDIY,DiDi Global Inc.,PNK,CNY,China,Technology,Software - Application,,4202830472.0,2356538359.0,0.5607026918405763,16452434944.0,0.534,0.9911424935185779,0.8715068555852468,1.2066345704258252,0.05506,0.00329,strong_buy
GWLLY,"Great Wall Motor Company, Ltd.",PNK,CNY,China,Consumer Cyclical,Auto Manufacturers,,229643900.0,337572273.0,1.4699814495399182,8107845120.0,0.683,0.010786266021325585,0.14565562575125443,0.26440100817361667,0.0,0.0,none
CTTAY,Continental AG,PNK,EUR,Germany,Consumer Cyclical,Auto Parts,,2000059830.0,1080000000.0,0.5399838463832355,15900474368.0,1.321,1.1619992003647757,0.9457755239966158,1.0809972990042436,4.0000003e-05,0.0,none
AS,"Amer Sports, Inc.",NYQ,USD,Finland,Consumer Cyclical,Leisure,,581822024.0,190916354.0,0.3281353165139036,15912832000.0,1.979,1.5227681072513513,1.528686953693055,1.528686953693055,0.40577,0.66222,strong_buy
OWL,Blue Owl Capital Inc.,NYQ,USD,United States,Financial Services,Asset Management,,683908596.0,648530004.0,0.9482699995190585,15554028544.0,1.207,1.710683307990756,1.630580293372056,1.5471187398968107,0.96531,0.00123,buy
PHYS,"""Sprott Physical Gold Trust""",ASE,USD,Canada,Financial Services,Asset Management,,474275999.0,,,15544396800.0,,0.7961001804953333,0.25011310591641606,0.1734626935115482,0.30509,0.0,none
BWAGF,BAWAG GROUP AG,PNK,EUR,Austria,Financial Services,Banks - Regional,,76998527.0,73456595.0,0.9540000031429172,15707699200.0,0.772,-0.2415581778873358,-0.04902267719048617,-0.030483255049088307,0.61154,0.04537,none
CTTAF,Continental AG,PNK,EUR,Germany,Consumer Cyclical,Auto Parts,,200005983.0,108000000.0,0.5399838463832355,16202724352.0,1.321,0.5039425591577227,0.4333434619682389,0.5770189623560089,0.35236,0.46,none
SITIY,SITC International Holdings Com,PNK,USD,Hong Kong,Industrials,Marine Shipping,,269062769.0,133068248.0,0.4945620997455802,16727632896.0,1.09,-0.010412906579400852,-0.1311995710352214,0.07538922263217157,3.0000001e-05,0.0,none
SMTC,Semtech Corporation,NMS,USD,United States,Technology,Semiconductors,,93325626.0,92765672.0,0.9939999973854984,16431376384.0,2.353,2.9834742981079523,2.649077050868914,2.0300466813603197,1.01485,0.0076599997,strong_buy
CVCCF,CVC CAPITAL PARTNERS PLC,PNK,EUR,United States,Financial Services,Asset Management,,1089189393.0,935326122.0,0.85873598109856,16163570688.0,0.797,0.2887118541407499,0.24200129514085872,,0.30352,0.23955,none
RBA,"RB Global, Inc.",NYQ,USD,United States,Industrials,Specialty Business Services,,185200000.0,175169568.0,0.94584,15528094720.0,0.518,0.7724461778692111,0.7469355320484665,0.7113349799966723,1.15785,0.00238,buy
NEXOY,Nexon Co Ltd.,PNK,JPY,Japan,Communication Services,Electronic Gaming & Multimedia,,778877498.0,321877766.0,0.41325852502674304,16029298688.0,0.551,0.7733197208978224,0.7661883643086386,0.6921296686460603,1.0000001e-05,0.0,none
CRBG,Corebridge Financial Inc.,NYQ,USD,United States,Financial Services,Asset Management,,445768608.0,273717702.0,0.6140353921019042,15234142208.0,1.012,1.2806525102086095,1.3152852079573907,1.2834640523394854,1.13689,0.00263,buy
MPFRY,Mapfre SA,PNK,EUR,Spain,Financial Services,Insurance - Diversified,,1534660343.0,460889194.0,0.3003199998633183,15598286848.0,0.249,-0.19581783648586223,-0.10620808749892616,0.07251857446277112,,,none
DINRF,"Screen Holdings Co., Ltd",PNK,JPY,Japan,Technology,Semiconductor Equipment & Materials,,189087830.0,185165668.0,0.9792574593510328,15647016960.0,1.54,1.4747924038890876,1.097659284852775,0.5897384890093677,0.57672,0.053340003,none
RBC,RBC Bearings Incorporated,NYQ,USD,United States,Industrials,Tools & Accessories,,31659245.0,29318482.0,0.9260638401200029,15826772992.0,1.395,1.095733930573623,0.9686860609758715,0.9969286134240998,1.0212799,0.01623,buy
KPELY,Keppel Corporation Limited,PNK,SGD,Singapore,Industrials,Conglomerates,,896100755.0,702839528.0,0.784330918234747,15780334592.0,0.519,0.03760464814644458,0.19942580747233898,0.21891837970194142,0.0,0.0,none
GWLLF,"Great Wall Motor Company, Ltd.",PNK,CNY,China,Consumer Cyclical,Auto Manufacturers,,2296439000.0,3375722726.0,1.4699814477980908,8039425024.0,0.683,0.1991283079621911,0.021460503704261953,0.2149459872101205,0.32179,0.016549999,none
SWRAY,Swire Pacific Ltd.,PNK,HKD,Hong Kong,Industrials,Conglomerates,,778988000.0,593514731.0,0.7619048444905442,47162966016.0,0.482,0.3041069246989774,0.30470893058987236,0.36155370181464913,0.00014,0.0,none
ZTO,ZTO Express (Cayman) Inc.,NYQ,CNY,China,Industrials,Integrated Freight & Logistics,,546723238.0,371751739.0,0.6799633034804349,14943541248.0,-0.235,0.19376735301655243,0.3916553467777933,0.5996826259055716,0.11903,0.03007,buy
GPFOF,GRUPO FINANCIERO INBURSA SAB DE,PNK,MXN,Mexico,Financial Services,Banks - Regional,,5985021029.0,5926397934.0,0.9902050310740854,14992478208.0,0.108,0.12534468979701185,0.08616826649404981,0.07987823897650058,0.18288,0.0,none
FUTU,Futu Holdings Limited,NGM,HKD,Hong Kong,Financial Services,Capital Markets,,95750481.0,59577400.0,0.622215151065403,16029838336.0,0.448,2.018154423915451,1.6191334967526525,1.5334371266826163,0.49596,0.1578,none
TDHOY,"T&D Holdings, Inc.",PNK,JPY,Japan,Financial Services,Insurance - Life,,949012898.0,956623236.0,1.0080192145080835,15155736576.0,0.001,0.6898138316085208,0.6723973093526241,0.5182196804695327,0.00022,0.0,none
ARMK,Aramark,NYQ,USD,United States,Industrials,Specialty Business Services,,263625044.0,261956297.0,0.9936699982115508,14921177088.0,1.19,0.5754353079317632,0.8057025666770352,0.9330003862596701,1.00325,0.00693,strong_buy
YSHLF,Yangzijiang Shipbuilding Holdin,PNK,CNY,China,Industrials,Aerospace & Defense,,3935589220.0,2537667929.0,0.6447999999857709,16906850304.0,0.888,-0.13962836626120712,0.13417301273719906,0.09616009823448018,0.27326,0.35176,none
LSCC,Lattice Semiconductor Corporati,NMS,USD,United States,Technology,Semiconductors,,142030272.0,140940900.0,0.9923300013112698,17108966400.0,1.779,2.948537100518471,2.385195441077476,2.1657783902897543,1.0307599,0.006,none
BBSEY,BB Seguridade Participacoes SA,PNK,BRL,Brazil,Financial Services,Insurance - Diversified,,1941248544.0,616249350.0,0.3174499998491692,14908788736.0,0.074,0.526081307728779,0.5315490043922122,0.41511847382409534,0.00026,0.0,underperform
PRBKY,Piraeus Bank S.A.,OID,EUR,Greece,Financial Services,Banks - Regional,,1232003102.0,1052734331.0,0.8544900003019635,14365155328.0,0.969,1.279329969845493,,,,,none
IFJPY,Informa Plc.,PNK,GBP,United Kingdom,Communication Services,Publishing,,624651174.0,620920266.0,0.9940272136589309,15085326336.0,0.684,0.9620061515292694,0.7906050811486492,0.8373376497311579,0.00014,0.0,none
AKAM,"Akamai Technologies, Inc.",NMS,USD,United States,Technology,Software - Infrastructure,,143716609.0,140441307.0,0.977209996653901,16776040448.0,0.635,1.3009574533354524,1.095471685021906,0.9442731902123405,1.13753,0.02128,buy
UNM,Unum Group,NYQ,USD,United States,Financial Services,Insurance - Life,,158306798.0,143408545.0,0.9058899984825668,14809602048.0,0.264,0.3136753796713409,0.6331977899205216,0.6929719449308427,0.91186,0.01002,none
TLK,"PT Telekomunikasi Indonesia, Tb",NYQ,IDR,Indonesia,Communication Services,Telecom Services,,985809408.0,929066218.0,0.9424399995176349,13574595584.0,0.11,0.5637453699925191,0.6102579207089863,0.47401624955504995,0.06613,0.0,strong_buy
H,Hyatt Hotels Corporation,NYQ,USD,United States,Consumer Cyclical,Lodging,,41600929.0,40151446.0,0.965157436748588,14732028928.0,1.34,0.9593397395668545,1.2012457355387058,1.1785459188983278,1.2186799,0.0336,buy
SNMCY,Suncorp Group Ltd,PNK,AUD,Australia,Financial Services,Insurance - Property & Casualty,,1060051406.0,1053765301.0,0.994069999846781,14586307584.0,0.2,0.06312235442131257,0.23874803137035439,0.2593648556817548,1.0000001e-05,0.0,none
IONQ,"IonQ, Inc.",NYQ,USD,United States,Technology,Computer Hardware,,405135656.0,378186707.0,0.9334816657065603,16328385536.0,3.295,3.593684979578071,3.0499021060416807,2.797259515226776,0.50601,0.00717,strong_buy
KAJMF,Kajima Corp.,PNK,JPY,Japan,Industrials,Engineering & Construction,,462115368.0,426960343.0,0.9239258690916334,15545560064.0,0.364,0.12796535986465254,0.3574747104241127,0.3869734876756007,0.38869,0.12324,none
CRWOF,CHINA RAILWAY GROUP LIMITED,PNK,CNY,China,Industrials,Engineering & Construction,,4207390000.0,12026965515.0,2.8585335599980035,10425806848.0,0.365,0.2217537129041674,0.37270399304101454,0.29563562336322124,0.25649,0.0,none
GJNSY,Gjensidige Forsikring Asa,PNK,NOK,Norway,Financial Services,Insurance - Property & Casualty,,499964129.0,187648682.0,0.3753242905152501,14886431744.0,0.198,0.2776712958637126,0.14871316343419907,0.26595502268912163,0.00022,0.0,none
WMG,Warner Music Group Corp.,NMS,USD,United States,Communication Services,Entertainment,,147729456.0,146057479.0,0.9886821691132471,14356747264.0,1.302,0.5017835747301653,0.5981950587945277,0.8025237108933557,1.11437,0.0105,buy
SGI,Somnigroup International Inc.,NYQ,USD,United States,Consumer Cyclical,"Furnishings, Fixtures & Appliances",,210365491.0,187261049.0,0.8901699994130692,13540173824.0,1.189,1.4304898775377102,1.1798066647733694,1.3043310098216816,0.98236,0.03102,strong_buy
STRL,"Sterling Infrastructure, Inc.",NMS,USD,United States,Industrials,Engineering & Construction,,30588518.0,29868770.0,0.9764699943946288,15765933056.0,1.847,3.2944384750784876,2.214844545074173,1.5591881898972904,0.89571,0.022939999,strong_buy
EQH,"Equitable Holdings, Inc.",NYQ,USD,United States,Financial Services,Asset Management,,272765787.0,252961612.0,0.9273949448799457,14407489536.0,1.095,1.1469063447720893,1.3217025572111163,1.286999806363474,1.00693,0.00604,none
RPGRY,REA Group Ltd,PNK,AUD,Australia,Communication Services,Internet Content & Information,,523439248.0,195008741.0,0.3725527685306471,14551610368.0,0.682,0.5841770824974643,0.5381140299745929,0.20813721095250676,6.0000002e-05,0.0,none
SCRNY,,PNK,JPY,Japan,Technology,Semiconductor Equipment & Materials,,945439150.0,925828340.0,0.9792574593510328,15316115456.0,1.54,,,,0.0,0.0,none
DOCN,"DigitalOcean Holdings, Inc.",NYQ,USD,United States,Technology,Software - Infrastructure,,117579550.0,97708606.0,0.830999999574756,17026694144.0,1.57,2.4975261204865395,2.1838151511959722,2.2434041011575965,0.82585,0.16674,buy
IGIFF,IGM Financial Inc.,PNK,CAD,Canada,Financial Services,Asset Management,,230888705.0,82778219.0,0.3585200020936494,14455942144.0,1.107,0.8890788465850678,0.6256805380797293,0.6860567411434524,0.097770005,0.68317,none
GIB,CGI Inc.,NYQ,CAD,Canada,Technology,Information Technology Services,,182952649.0,163039062.0,0.8911544210545975,14387600384.0,0.174,0.30170791455373863,0.5759154577160027,0.6892747876320043,0.75573,0.00398,buy
PNFP,"Pinnacle Financial Partners, In",NYQ,USD,United States,Financial Services,Banks - Regional,,151112640.0,148644466.0,0.9836666608431962,14433523712.0,1.013,0.8307983168783624,1.201949323227026,1.1858761706208303,0.89347,0.012610001,buy
BURL,"Burlington Stores, Inc.",NYQ,USD,United States,Consumer Cyclical,Apparel Retail,,62815195.0,62447098.0,0.9941400006797718,15961969664.0,1.422,0.922967356747266,1.1281628370210328,1.1952361646843286,1.04934,0.00561,buy
ISDAY,Israel Discount Bank Ltd.,PNK,ILS,Israel,Financial Services,Banks - Regional,,122355775.0,123092314.0,1.006019650482374,14636197888.0,0.365,0.11208282778267759,0.22878803856644078,0.09387325935456578,0.0,0.0,none
EG,"Everest Group, Ltd.",NYQ,USD,Bermuda,Financial Services,Insurance - Reinsurance,,38342734.0,25990622.0,0.6778499936911124,14186045440.0,0.277,-0.0032600218670030675,0.3894937845921946,0.5054927725549764,1.05236,0.0083,buy
LTM,LATAM Airlines Group S.A.,NYQ,USD,Chile,Industrials,Airlines,,,175948391.0,,,0.882,1.7978153446906997,0.9948300366511081,,0.09449001,0.0,strong_buy
MONRF,Moncler S.P.A.,PNK,EUR,Italy,Consumer Cyclical,Apparel Manufacturing,,271989727.0,221976215.0,0.8161198492618069,13417253888.0,1.068,0.3521662993222305,0.4477132852826431,0.40352410974980246,0.5648,0.18226999,none
JPXGY,"Japan Exchange Group, Inc.",PNK,JPY,Japan,Financial Services,Financial Data & Stock Exchanges,,1022298636.0,,,14690430976.0,,1.1291575098227724,0.8703272683086232,0.7502596094672822,6.0000002e-05,0.0,none
SHKLY,Sinotruk Hong Kong Ltd.,PNK,CNY,China,Industrials,Farm & Heavy Construction Machinery,,55219867.0,17123681.0,0.3101000044060229,13053203456.0,1.341,-0.07974714378912832,-0.051867271879060574,-0.08769463268022501,,,none
TLKMF,PT Telekomunick,PNK,IDR,Indonesia,Communication Services,Telecom Services,,98580940799.0,46453310924.0,0.4712200000070523,13801331712.0,0.11,-0.3863558952558975,0.030576041200833196,0.04570223815030512,0.21375,0.55438,none
TRU,TransUnion,NYQ,USD,United States,Financial Services,Financial Data & Stock Exchanges,,191600000.0,190419744.0,0.99384,13759754240.0,1.537,0.8834352642572253,1.4387830229830059,1.3784049112722871,1.1428,0.00441,buy
CG,The Carlyle Group Inc.,NMS,USD,United States,Financial Services,Asset Management,,356332798.0,258604965.0,0.7257400005036865,14495618048.0,1.827,1.5722244469930615,1.7278774544359012,1.6811299504742467,0.65046996,0.26417,buy
PTC,PTC Inc.,NMS,USD,United States,Technology,Software - Application,,108506261.0,107908392.0,0.9944900045906107,14743831552.0,1.002,0.5219690333967717,0.9064200930407971,1.024956030328023,1.0791,0.00354,buy
BVVBY,Bureau Veritas SA,PNK,EUR,France,Industrials,Consulting Services,,222350452.0,171901281.0,0.7731096539439462,14234874880.0,0.736,0.44339380952712176,0.4419851823975099,0.638857144582708,4.0000003e-05,0.0,none
TYL,"Tyler Technologies, Inc.",NYQ,USD,United States,Technology,Software - Application,,40952274.0,38014358.0,0.9282600033394971,13557864448.0,0.835,0.06768002737921247,0.5611751264363678,0.9620848454424074,1.0836799,0.00519,none
YUMC,"Yum China Holdings, Inc.",NYQ,USD,China,Consumer Cyclical,Restaurants,,339056416.0,340941046.0,1.00555845549904,14091185152.0,0.074,0.3261979135137479,0.6145474681593549,0.7177147837524095,0.74495006,0.00416,strong_buy
W,Wayfair Inc.,NYQ,USD,United States,Consumer Cyclical,Internet Retail,,115990166.0,114405320.0,0.9863363761372667,14692563968.0,2.998,2.655453571895354,2.632690783408565,2.722605113932212,1.0601001,0.037469998,buy
TU,Telus Corporation,NYQ,CAD,Canada,Communication Services,Telecom Services,,1575000000.0,1586791290.0,1.0074865333333334,13608001536.0,0.734,0.008535597060716512,0.1080461845186695,0.3515726463699324,0.49124,0.00056,hold
STBBF,STRABAG SE,PNK,EUR,Austria,Industrials,Engineering & Construction,,115442693.0,23590715.0,0.20435000593757804,14148961280.0,0.442,0.0745814991617944,-0.016392435804897198,0.0060573782763527735,0.20717,0.6422,none
AIRYY,"Air China, Ltd.",PNK,CNY,China,Industrials,Airlines,,247780534.0,260337495.0,1.0506777542096992,9785197568.0,0.45,-0.039070468674526904,0.027244563210723927,0.09460031911903831,0.0,0.0,none
RYKKY,Ryohin Keikaku Co. Ltd.,PNK,JPY,Japan,Consumer Cyclical,Department Stores,,1061656584.0,1017977192.0,0.9588573248089045,11971010560.0,0.709,0.19208469165985428,-0.13843596602953842,0.26612407297321566,0.0,0.0,none
FN,Fabrinet,NYQ,USD,Cayman Islands,Technology,Electronic Components,,35834864.0,35717684.0,0.9967300001473426,14256362496.0,1.208,2.86095639246797,2.1552364098914683,1.601589303487015,1.04362,0.00352,buy
PAG,"Penske Automotive Group, Inc.",NYQ,USD,United States,Consumer Cyclical,Auto & Truck Dealerships,,65662873.0,17510975.0,0.2666800004319031,13883757568.0,0.829,0.5665165327824708,0.810842560734366,0.9268436934674212,0.80986,0.21178,none
LFCBY,Lifco AB,PNK,SEK,Sweden,Industrials,Conglomerates,,847672900.0,442606531.0,0.5221430707528812,14466789376.0,1.161,0.30953738741685266,0.3132762946363873,,,,none
CHKP,Check Point Software Technologi,NMS,USD,Israel,Technology,Software - Infrastructure,,102100634.0,77719341.0,0.761203314369233,13848674304.0,0.501,0.1034225378722212,0.44447950105531947,0.5294365124567276,0.76783997,0.2439,buy
LOGI,Logitech International S.A. - R,NMS,USD,Switzerland,Technology,Computer Hardware,,143188332.0,142887637.0,0.99790000347235,14968908800.0,0.649,1.386651754779333,1.1902932711107448,1.1990612785302797,0.73236,0.00199,none
INIO,INNIO N.V.,NMS,USD,Germany,Industrials,Specialty Industrial Machinery,,750000000.0,414967500.0,0.55329,14501249024.0,,,,,0.60811,0.00024000001,buy
WSE,Wise Group plc,NMS,USD,United Kingdom,Technology,Information Technology Services,,983729421.0,723222844.0,0.7351847251501488,11465365504.0,1.338,,,,0.45691,0.22461,strong_buy
AIZ,"Assurant, Inc.",NYQ,USD,United States,Financial Services,Insurance - Property & Casualty,,49323767.0,48956798.0,0.9925599964820205,13584259072.0,0.542,0.14242302284174818,0.5418668689109041,0.5814871420068515,0.99818003,0.00701,strong_buy
CJEWY,,PNK,HKD,Hong Kong,Consumer Cyclical,Luxury Goods,,,209491964.0,,,0.707,0.14026501877552333,0.1701798370327664,0.2668380792434659,0.0,0.0,none
OBICY,Obic Co. Ltd.,PNK,JPY,Japan,Technology,Software - Application,,858787698.0,635693129.0,0.7402215128144511,13955300352.0,0.481,0.6345410477862831,,,0.00017000001,0.0,none
CACI,"CACI International, Inc.",NYQ,USD,United States,Technology,Information Technology Services,,22099597.0,21864400.0,0.9893574077391547,13722302464.0,0.571,0.3178972069058125,0.4182746871249015,0.46957931218826404,1.04709,0.010720001,buy
CCRDF,"Yokohama Financial Group, Inc.",PNK,JPY,Japan,Financial Services,Banks - Regional,,1109979177.0,1111276156.0,1.0011684714694427,13464046592.0,0.228,0.5063961555646805,0.6365502629246907,0.4767592566800551,0.49398,0.062080003,none
LECO,"Lincoln Electric Holdings, Inc.",NMS,USD,United States,Industrials,Tools & Accessories,,54505757.0,53473963.0,0.9810699996332497,14312939520.0,1.221,1.1349533099028768,1.1021587438473426,0.9479102920973594,0.83043,0.0152,buy
ARCC,Ares Capital Corporation,NMS,USD,United States,Financial Services,Asset Management,,718022845.0,,,13915282432.0,0.627,0.6849432645682852,0.7085689977247723,0.7104459676293132,0.3609,0.00559,buy
OBIIF,Obic Co. Ltd.,PNK,JPY,Japan,Technology,Software - Application,,429393849.0,317846564.0,0.740221511650019,13326238720.0,0.481,-1.032114172039012,0.8899096871521287,0.02184567372911448,0.26459,0.23202999,none
CRDIY,"Yokohama Financial Group, Inc.",PNK,JPY,Japan,Financial Services,Banks - Regional,,369993059.0,370425385.0,1.0011684705685249,13001186304.0,0.228,0.6738094712835151,-0.09823809487044556,-0.06953393362910673,,,none
TXT,Textron Inc.,NYQ,USD,United States,Industrials,Aerospace & Defense,,171986917.0,170643699.0,0.9921899989637002,13464855552.0,0.898,0.7308767568950354,0.911229699002113,1.0099675239086723,0.94315004,0.00732,buy
BQCNF,BANQUE CANTONALE VAUDOISE,PNK,CHF,Switzerland,Financial Services,Banks - Regional,,85886651.0,28062604.0,0.32673999595117525,13856608256.0,0.015,-0.0037096293256321422,0.16521399800674713,0.07293421353189271,0.1667,0.67175,none
KAJMY,Kajima Corp.,PNK,JPY,Japan,Industrials,Engineering & Construction,,462115368.0,426960343.0,0.9239258690916334,15249807360.0,0.364,0.4669193849463144,0.23307462088902495,0.29384557329285804,4.0000003e-05,0.0,none
SKHSY,Sekisui House Ltd.,OID,JPY,Japan,Consumer Cyclical,Residential Construction,,648403407.0,611411993.0,0.94295000056963,13836928000.0,0.283,0.6361733333541619,0.6022598990810556,0.4948857049243626,0.00046999997,0.0,none
SBHGF,"SBI Holdings, Inc.",PNK,JPY,Japan,Financial Services,Financial Conglomerates,,646391692.0,581426675.0,0.8994958972956602,13593617408.0,0.476,0.9611576815942328,0.35117590074366556,0.2860118631246119,0.46219003,0.17643,none
BMNR,"BitMine Immersion Technologies,",NYQ,USD,United States,Financial Services,Capital Markets,,603226394.0,594473579.0,0.9854899999617722,17243226112.0,1.355,4.087802414266896,,,0.41423,0.00659,strong_buy
IAUGY,Insurance Australia Group Ltd.,PNK,AUD,Australia,Financial Services,Insurance - Property & Casualty,,467590579.0,428694566.0,0.9168160892309167,12816658432.0,-0.024,0.25848246746336007,0.2962800442992777,0.30012296423076007,0.0,0.0,none
AHKSY,Asahi Kaisei Corp.,PNK,JPY,Japan,Industrials,Conglomerates,,666789056.0,654264946.0,0.9812172832062799,13762526208.0,0.645,0.7096719083794167,0.5070876431893573,0.5592800308216538,4.0000003e-05,0.0,none
QNT,Quantinuum Inc.,NGM,USD,United States,Technology,Software - Application,,39263385.0,32339310.0,0.823650584380333,13589412864.0,,,,,0.93587,0.0721,strong_buy
SNMYF,SUNCORP GROUP LIMITED,PNK,AUD,Australia,Financial Services,Insurance - Property & Casualty,,1060051406.0,1053765301.0,0.994069999846781,13677843456.0,0.2,0.0615940363684354,0.0839354635325978,0.0027461106337586783,0.58384,0.00259,none
RNR,RenaissanceRe Holdings Ltd.,NYQ,USD,Bermuda,Financial Services,Insurance - Reinsurance,,41551893.0,40488165.0,0.9744000110897475,13575003136.0,0.171,-0.40833748645352913,0.22048764519614808,0.37119889266244266,0.99921995,0.02258,none
AHKSF,Asahi Kaisei Corp.,PNK,JPY,Japan,Industrials,Conglomerates,,1333578111.0,1308529891.0,0.9812172831921954,13385122816.0,0.645,0.06383711522741979,0.003808493993201061,0.1710180764492747,0.52737,0.02952,none
OSCUF,"Japan Exchange Group, Inc.",PNK,JPY,Japan,Financial Services,Financial Data & Stock Exchanges,,1022298636.0,,,15027789824.0,,0.5800210797275122,0.4130644875997314,0.20332916085329483,0.54930997,0.01223,none
OBYCF,Obayashi Corp.,PNK,JPY,Japan,Industrials,Engineering & Construction,,687421514.0,648292581.0,0.9430786901441086,13617819648.0,0.45,0.9713900053207651,0.6300741682363219,0.5215196547742164,0.508,0.07535,none
MONRY,Moncler S.P.A.,PNK,EUR,Italy,Consumer Cyclical,Apparel Manufacturing,,271989727.0,221976215.0,0.8161198492618069,13773559808.0,1.068,0.8687607098769045,0.934586106958211,,1.0000001e-05,0.0,buy
IAUGF,INSURANCE AUSTRALIA GROUP,PNK,AUD,Australia,Financial Services,Insurance - Property & Casualty,,2337952897.0,2143472828.0,0.9168160875911778,13560127488.0,-0.024,0.10852384847838525,0.0008335368818788509,-0.06867287333528926,0.39106,0.0090499995,none
SKM,"SK Telecom Co., Ltd.",NYQ,KRW,South Korea,Communication Services,Telecom Services,,383890040.0,264663143.0,0.6894243544323265,13773975552.0,0.712,0.9148628227299807,0.46607524869868355,0.4943208296211525,0.11875,6.0000002e-05,none
KAIKY,"Kawasaki Kisen Kaisha, Ltd.",PNK,JPY,Japan,Industrials,Marine Shipping,,593092993.0,359179280.0,0.6056036477234187,13077699584.0,,-0.5321699024742511,0.17510051580871333,-0.11758138132869357,0.0,0.0,none
TGVSY,Tryg AS,PNK,DKK,Denmark,Financial Services,Insurance - Diversified,,2979489245.0,298410194.0,0.10015481495721928,14599497728.0,0.098,0.026752735942160398,,,,,none
AEG,Aegon Ltd. New York Registry Sh,NYQ,EUR,Netherlands,Financial Services,Insurance - Diversified,,1471793504.0,1208733915.0,0.8212659668050825,13223716864.0,0.618,0.8572912748180076,0.8692966324136361,0.9244525713451407,0.084960006,0.0,buy
EMBJ,Embraer S.A.,NYQ,BRL,Brazil,Industrials,Aerospace & Defense,,177958235.0,168017535.0,0.9441402641468095,13563086848.0,0.687,1.5977778005954413,1.0759204853416633,1.26337506672708,0.46542,5e-05,strong_buy
MAS,Masco Corporation,NYQ,USD,United States,Industrials,Building Products & Equipment,,197187430.0,196323749.0,0.9956199997129634,13669031936.0,1.294,1.1344871628202327,0.9962059199026855,1.0547893679261666,1.06687,0.0023100001,buy
SWK,"Stanley Black & Decker, Inc.",NYQ,USD,United States,Industrials,Tools & Accessories,,151016641.0,150519796.0,0.9967099983372031,13799900160.0,1.173,1.51632757638588,1.4166087928114992,1.2976529687307616,1.01398,0.00318,buy
DAIUF,DAIFUKU CO LTD,PNK,JPY,Japan,Industrials,Specialty Industrial Machinery,,371839156.0,346255755.0,0.9311976681659637,13200290816.0,1.034,6.4404532967932795,2.258086628487129,0.15586834405746883,0.61602,0.06273,none
KWHIY,Kawasaki Heavy Industries Ltd.,PNK,JPY,Japan,Industrials,Conglomerates,,2182993468.0,1985242025.0,0.9094127188657259,13490898944.0,0.886,1.4365647035440081,1.2440035012551445,0.7611153951276857,0.000120000004,0.0,none
MLI,"Mueller Industries, Inc.",NYQ,USD,United States,Industrials,Metal Fabrication,,221181388.0,216209230.0,0.977519998201657,13337149440.0,1.107,0.9169057239097499,1.111760647068842,1.0541040527842203,0.94505996,0.02122,strong_buy
TRMB,Trimble Inc.,NMS,USD,United States,Technology,Scientific & Technical Instruments,,233179848.0,231955654.0,0.9947500008662841,13722633216.0,1.362,1.114723609899661,1.2606943523329666,1.365395522732892,1.02931,0.00403,strong_buy
BWXT,"BWX Technologies, Inc.",NYQ,USD,United States,Industrials,Aerospace & Defense,,91621980.0,91233503.0,0.9957600021304931,13339244544.0,0.743,1.898511697645653,1.2209436874975903,0.892482221737683,0.94327,0.0035499998,buy
GL,Globe Life Inc.,NYQ,USD,United States,Financial Services,Insurance - Life,,76849447.0,76134747.0,0.9906999981405201,13087461376.0,0.462,0.2992528229117987,0.5478075856814297,0.6275343882084911,0.87249,0.00703,none
IVZ,Invesco Ltd,NYQ,USD,United States,Financial Services,Asset Management,,441499780.0,356533147.0,0.8075499992321628,13613644800.0,1.605,1.7369946610414932,1.5426555353275682,1.4931434343628456,0.98344004,0.006,buy
SKHSF,SEKISUI HOUSE,OID,JPY,Japan,Consumer Cyclical,Residential Construction,,648403407.0,611411993.0,0.94295000056963,13182041088.0,0.283,0.9933260791082046,0.5530316313719706,0.3878255486348868,0.53457,0.0765,none
IAFNF,IA FINL CORP INC.,PNK,CAD,Canada,Financial Services,Insurance - Diversified,,88384892.0,88251431.0,0.9984900021148411,13390311424.0,0.696,0.10803829186281928,0.18965123923386848,0.20800231854877071,0.49648997,0.00106,none
BNT,Brookfield Wealth Solutions Ltd,NYQ,USD,Bermuda,Financial Services,Insurance - Diversified,,59928210.0,20732849.0,0.3459614261797574,10450906112.0,1.627,1.391819908702975,1.4494168808807122,1.3444620248788444,0.46598,0.23823,none
SCHYY,Sands China Ltd,PNK,USD,Macau,Consumer Cyclical,Resorts & Casinos,,809337957.0,202253566.0,0.24990001303003265,12630984704.0,0.497,0.9097596791047001,0.6631588774239879,0.7026210848243076,1.0000001e-05,0.0,none
ZSINF,ZHEJIANG SANHUA INTELLIGENT CTL,PNK,CNY,China,Industrials,Specialty Industrial Machinery,,,1887572543.0,,,0.788,,,,0.41522,0.0,none
DPLMF,DIPLOMA PLC,PNK,GBP,United Kingdom,Industrials,Industrial Distribution,,134094839.0,133352774.0,0.994466118118088,13165431808.0,0.915,0.26249826584321395,0.060216387735569595,-0.0971547077958605,0.81855005,0.0054400004,none
DOCU,"DocuSign, Inc.",NMS,USD,United States,Technology,Software - Application,,186902452.0,185706276.0,0.9935999983563618,12329954304.0,0.9,0.6363152165403574,1.1414022790512743,1.7073137656875248,0.95972997,0.0055,hold
KWHIF,Kawasaki Heavy Industries Ltd.,PNK,JPY,Japan,Industrials,Conglomerates,,873197387.0,794096810.0,0.9094127190740208,13298795520.0,0.886,1.133920269541868,0.8229551022812346,0.4299405751361703,0.4635,0.06973,none
DNGFF,Dong Fang Electric Mach Co.,PNK,CNY,China,Industrials,Specialty Industrial Machinery,,408000000.0,1669246779.0,4.091291125,7954228736.0,0.671,-0.15559263990799552,0.12289422093812218,-0.022695844498400074,0.3414,0.0,none
FIVE,"Five Below, Inc.",NMS,USD,United States,Consumer Cyclical,Specialty Retail,,55054035.0,53785590.0,0.9769599993896905,13152959488.0,0.989,1.0906826948454516,1.3068947492683027,1.3544273543600729,1.03067,0.01635,buy
DFKUY,"Daifuku Co., Ltd.",PNK,JPY,Japan,Industrials,Specialty Industrial Machinery,,743678312.0,692511509.0,0.9311976668212962,12954876928.0,1.034,1.2818237312421847,1.1065721176075165,0.8426484972939255,0.00014999999,0.0,none
SIELY,"Shanghai Electric Group Co., Lt",PNK,CNY,China,Industrials,Specialty Industrial Machinery,,146224100.0,391152632.0,2.675021641439407,12542574592.0,0.628,0.5082894956254123,0.2604178781264149,0.10730627586626879,,,none
AVY,Avery Dennison Corporation,NYQ,USD,United States,Consumer Cyclical,Packaging & Containers,,75788142.0,75223520.0,0.9925499954861012,12974552064.0,0.814,0.4750141413517406,0.6337838147313458,0.832625900672909,1.00421,0.00641,buy
PRDSF,Prada Spa,PNK,EUR,Italy,Consumer Cyclical,Luxury Goods,,2558824000.0,512353330.0,0.20023000018758616,12423967744.0,0.82,0.1740512248360599,0.24486707155485787,0.33267656747540314,0.09337,0.79977,none
CNA,CNA Financial Corporation,NYQ,USD,United States,Financial Services,Insurance - Property & Casualty,,270600928.0,20579201.0,0.07605000157279579,12883310592.0,0.281,-0.159831241796213,0.27611673315749286,0.4586360976844748,1.0081401,0.00483,none
DELHY,Delivery Hero AG NA,PNK,EUR,Germany,Consumer Cyclical,Internet Retail,,3064504580.0,2549710969.0,0.8320140833334959,12778984448.0,1.86,1.2390265298764722,1.2370493352314917,,1.0000001e-05,0.0,none
ALLE,Allegion plc,NYQ,USD,Ireland,Industrials,Security & Protection Services,,85036786.0,84568233.0,0.9944899963646321,13057822720.0,0.841,0.5475836203868675,0.6850564749575382,0.8694762151442919,1.05329,0.0023100001,none
ULS,UL Solutions Inc.,NYQ,USD,United States,Industrials,Specialty Business Services,,78143173.0,77104912.0,0.9867133498661489,13502949376.0,0.622,0.6640821923356585,0.6233353923137069,,1.14723,0.012130001,buy
IESC,"IES Holdings, Inc.",NGM,USD,United States,Industrials,Engineering & Construction,,39848712.0,18616521.0,0.46717999317016823,12690220032.0,1.78,2.8684083844570387,2.2166260858829614,1.5367877383484732,0.97791,0.030620001,strong_buy
HTHT,H World Group Limited,NMS,CNY,China,Consumer Cyclical,Lodging,,307523819.0,191332325.0,0.6221707496419977,13395737600.0,0.127,0.2603279722929096,0.5989026075083956,0.9251412729259612,0.55081004,0.01134,strong_buy
TISCY,,PNK,JPY,Japan,Industrials,Engineering & Construction,,,602062561.0,,,0.544,0.8362001870290297,0.2780870231411908,0.15053147046510318,0.0,0.0,none
SWKS,"Skyworks Solutions, Inc.",NMS,USD,United States,Technology,Semiconductors,,150472782.0,149742989.0,0.9951499999514862,13519979520.0,1.518,1.5034400245057804,1.6152117445654097,1.5401252696594403,1.23631,0.00403,hold
KOKSF,,PNK,JPY,Japan,Technology,Semiconductor Equipment & Materials,,233383846.0,,,12619064320.0,,4.0848782218674575,-0.10875912797431797,,0.59816,0.04993,none
DPMAY,Diploma Plc.,PNK,GBP,United Kingdom,Industrials,Industrial Distribution,,536379356.0,533411097.0,0.9944661199824402,13645491200.0,0.915,0.829213136300155,0.6665608381472913,0.660619447089719,0.00046999997,0.0,none
AKAAF,Aker AS,PNK,NOK,Norway,Industrials,Conglomerates,,73724281.0,21816533.0,0.2959205936508218,12238230528.0,0.292,-0.15727912427844193,0.24474089798648097,0.15601225821180012,0.15538,0.72844005,none
DLVHF,Delivery Hero AG NA,PNK,EUR,Germany,Consumer Cyclical,Internet Retail,,306450458.0,254971097.0,0.832014083659813,12815758336.0,1.86,0.5275030227570796,0.41623549967450174,0.9220243665992279,0.53938,0.44022,none
PRDSY,Prada Spa,PNK,EUR,Italy,Consumer Cyclical,Luxury Goods,,1279412000.0,256176665.0,0.20023000018758616,12244426752.0,0.82,0.7996140178415856,0.5255455742986254,0.4396305579063418,0.00014,0.0,hold
AUR,"Aurora Innovation, Inc.",NMS,USD,United States,Consumer Cyclical,Auto Parts,,1708146085.0,1522416466.0,0.8912683050759093,13067091968.0,2.634,2.8330084525663013,2.6500300505281618,2.4195506496590298,0.85142,0.109160006,buy
ACXIF,Acciona S.A.,PNK,EUR,Spain,Industrials,Engineering & Construction,,53204475.0,22567210.0,0.4241599978197323,12581262336.0,0.808,0.7650688998963462,0.26199284609356327,0.1873168681157998,0.16766001,0.57045,none
TGVSF,TRYG A/S,PNK,DKK,Denmark,Financial Services,Insurance - Diversified,,595897849.0,298410194.0,0.5007740747860965,13109752832.0,0.098,0.06929993418171772,0.029802704279886856,0.0003916805287471854,0.76751,0.00058,none
BWA,BorgWarner Inc.,NYQ,USD,United States,Consumer Cyclical,Auto Parts,,203666354.0,201633764.0,0.9900200010454353,12422629376.0,1.103,1.2131517454432101,1.022757956546234,1.0452614537193199,1.093,0.00614,buy
CSL,Carlisle Companies Incorporated,NYQ,USD,United States,Industrials,Building Products & Equipment,,39714133.0,39094964.0,0.9844093537179824,13102089216.0,0.835,1.1975200898603613,1.0920023353376525,0.9794915546980683,1.03759,0.01176,buy
HAS,"Hasbro, Inc.",NMS,USD,United States,Consumer Cyclical,Leisure,,141044467.0,140398483.0,0.9954199975813302,12500770816.0,0.466,0.7465318713349537,0.9115560016160631,0.9234306918233106,1.00891,0.00579,strong_buy
PSLV,"""Sprott Physical Silver Trust""",ASE,USD,Canada,Financial Services,Asset Management,,631846127.0,,,13600488448.0,,1.84200638182314,0.7962763962172645,0.5554937809823556,0.28454,0.0,none
WSO,"Watsco, Inc.",NYQ,USD,United States,Industrials,Industrial Distribution,,35588756.0,33512423.0,0.9416576123087865,13168524288.0,1.039,1.1315982442398707,0.9890810595866995,1.0079864333271793,1.10047,0.00382,hold
EBCOY,Ebara Corp.,PNK,JPY,Japan,Industrials,Specialty Industrial Machinery,,910790102.0,893644368.0,0.9811748788635826,12996974592.0,1.202,2.1655621326593075,1.5670813281930256,1.0053632368798164,3.0000001e-05,0.0,none
SEIC,SEI Investments Company,NMS,USD,United States,Financial Services,Asset Management,,120019182.0,99409488.0,0.8282799994420892,12517400576.0,0.969,0.5641921536103564,0.8925175099986795,0.8896206266787487,0.77813005,0.15633,buy
GDDY,GoDaddy Inc.,NYQ,USD,United States,Technology,Software - Infrastructure,,126647704.0,125663651.0,0.9922299973160192,12788885504.0,0.94,0.24991593942617774,0.7255648732445316,0.9008874341564787,1.06059,0.00974,buy
ISMAF,INDRA SISTEMAS S.A,PNK,EUR,Spain,Technology,Information Technology Services,,175017357.0,73584552.0,0.42044145370107494,12426232832.0,0.981,0.12982062993984492,-0.19180761262273144,-0.09662994705944901,0.44693002,0.35970002,none
ISMAY,Indra Sistemas SA,PNK,EUR,Spain,Technology,Information Technology Services,,350034714.0,147169103.0,0.4204414508442154,12324721664.0,0.981,0.8935081496090516,0.31634425720468007,0.2816087603090333,0.0,0.0,none
PSKY,Paramount Skydance Corporation,NMS,USD,United States,Communication Services,Entertainment,,1090445692.0,536940811.0,0.4924049083225687,11241896960.0,1.52,0.6520659690831742,0.6181153759828786,0.9698666719339352,0.31756002,0.50798,hold
SKUFF,SKF AB,PNK,SEK,Sweden,Industrials,Tools & Accessories,,426432758.0,454790986.0,1.066501054311592,12476618752.0,0.86,0.03040514735576868,-0.03752311911136075,0.04098259856018217,0.74057996,0.00048000002,none
LII,"Lennox International, Inc.",NYQ,USD,United States,Industrials,Building Products & Equipment,,34560675.0,31233864.0,0.9037399877172538,12689470464.0,1.184,1.369405354341828,1.1635347627210575,1.1288279657171243,0.79160005,0.095970005,buy
SCHYF,Sands China Ltd,PNK,USD,Macau,Consumer Cyclical,Resorts & Casinos,,8093379566.0,2022535662.0,0.24990001340065657,13764040704.0,0.497,0.3760420058149085,0.2099034159818057,0.27431086267026245,0.10491,0.75018,none
CHEAF,China Eastern Airlines Corp. Lt,PNK,CNY,China,Industrials,Airlines,,5062771777.0,4413018351.0,0.8716605340671669,8448559616.0,0.435,-0.07491340019127103,0.08366520881259167,23.58580921223829,0.16540001,0.65875,none
CHKIF,China Southern Airlines Co. Ltd,PNK,CNY,China,Industrials,Airlines,,4643997308.0,5491378603.0,1.1824680848846005,7248388096.0,0.353,-0.046254130812012094,0.05769438923996836,0.07923141630763532,0.1374,0.57038,none
PNXGF,Phoenix Group Hldgs Plc,PNK,GBP,United Kingdom,Financial Services,Insurance - Life,,1002162208.0,886843240.0,0.8849298376256471,12411779072.0,0.908,0.06942262116342383,0.07721745553821707,0.05194273685364719,0.54085,0.15084,none
ARRPY,Aeroports de Paris SA,PNK,EUR,France,Industrials,Airports & Air Services,,989231640.0,315266274.0,0.3186981301972913,12113140736.0,0.879,0.16304252316715478,0.10426795664169386,0.24050883882252355,,,none
ACRFF,Accor SA Ltd.,PNK,EUR,France,Consumer Cyclical,Lodging,,229350316.0,159977175.0,0.6975232377704681,12281709568.0,0.861,0.4232720087102292,0.28517705573358376,0.3700849334738374,0.71796,0.01319,none
MANH,"Manhattan Associates, Inc.",NMS,USD,United States,Technology,Software - Application,,58304972.0,54362390.0,0.9323800035441231,11947563008.0,0.947,0.37061287964724454,1.080633343112817,1.2194819565872745,1.12952,0.01352,buy
GGG,Graco Inc.,NYQ,USD,United States,Industrials,Specialty Industrial Machinery,,161953824.0,160329427.0,0.9899699991029541,12496357376.0,0.91,0.5514365388424637,0.7503189308470568,0.8611464810503335,0.94004995,0.0075499997,hold
SKFRY,AB SKF,PNK,SEK,Sweden,Industrials,Tools & Accessories,,426432758.0,454790986.0,1.066501054311592,12654206976.0,0.86,1.392537114125336,1.143958727586373,1.100541960061983,0.00075999997,0.0,underperform
FIG,"Figma, Inc.",NYQ,USD,United States,Technology,Software - Application,,455113611.0,266174467.0,0.5848527940422331,11430395904.0,,1.3371728620182137,,,0.88308,0.01595,buy
ALLY,Ally Financial Inc.,NYQ,USD,United States,Financial Services,Credit Services,,304199693.0,271862843.0,0.8936986106688806,12025013248.0,1.074,1.197737149982213,1.259379395863925,1.3897464437276885,0.88742995,0.09646,strong_buy
GPAEF,Grupo Aeroportuario del Pacific,PNK,MXN,Mexico,Industrials,Airports & Air Services,,519226576.0,380317780.0,0.7324697879100857,12071431168.0,0.295,-0.1275717171153484,0.3643195030860357,0.20495182010907034,0.2555,0.22498,none
TLTZY,Tele2 AB,PNK,SEK,Sweden,Communication Services,Telecom Services,,1372931044.0,1388281609.0,1.0111808710765813,11766505472.0,0.324,0.17480581841774584,0.004510743102919785,0.29164713751965066,1.0000001e-05,0.0,none
OROVY,Orient Overseas International L,PNK,USD,Hong Kong,Industrials,Marine Shipping,,132074659.0,26031915.0,0.19709999781260082,11956718592.0,1.355,0.1021691349346198,0.11695172858293174,0.28598773738927213,,,none
TOL,"Toll Brothers, Inc.",NYQ,USD,United States,Consumer Cyclical,Residential Construction,,92147000.0,91383101.0,0.9917099959846767,12693801984.0,1.332,1.2735772252577124,1.1553843939932575,1.2218209495514303,0.96230006,0.0074299998,buy
CCK,"Crown Holdings, Inc.",NYQ,USD,United States,Consumer Cyclical,Packaging & Containers,,108760511.0,106377224.0,0.978086835211725,11971269632.0,0.574,0.4433084011143224,0.5704312295829141,0.752275411874945,1.01864,0.00858,buy
TME,Tencent Music Entertainment Gro,NYQ,CNY,China,Communication Services,Internet Content & Information,,797290469.0,652330978.0,0.818184843998179,13535200256.0,0.817,0.979806938626056,0.7995187054894332,1.0622862579697696,0.60815,0.0,buy
SGPYY,Sage Group plc (The),PNK,GBP,United Kingdom,Technology,Software - Application,,224657981.0,213364694.0,0.9497312005131925,11920353280.0,0.327,0.4033691320109418,0.5874632363795149,0.6979386504988887,0.0018000001,0.0,none
IKTSY,Intertek Group Plc,PNK,GBP,United Kingdom,Industrials,Specialty Business Services,,153496203.0,150974746.0,0.9835731636957821,12087694336.0,0.966,0.8587059478163891,0.4548013931588602,0.5409407795795463,0.00213,0.0,none
FUJHY,Subaru Corporation,PNK,JPY,Japan,Consumer Cyclical,Auto Manufacturers,,1391133102.0,1084680171.0,0.7797098418839867,11602050048.0,0.079,0.6929811647568019,0.8503507731658433,0.7072100834801616,0.00096000003,0.0,none
FUJHF,Subaru Corporation,PNK,JPY,Japan,Consumer Cyclical,Auto Manufacturers,,695566551.0,542340085.0,0.7797098411651483,12186326016.0,0.079,-0.14347990222344592,0.5001534833313003,0.31184819332053215,0.45571998,0.21596001,none
IT,"Gartner, Inc.",NYQ,USD,United States,Technology,Information Technology Services,,63148976.0,57220550.0,0.906119997891969,11364921344.0,0.953,0.4793902647727919,0.8696292236562759,1.0011740714291955,1.20154,0.03754,hold
SGGEF,Sage Group plc (The),PNK,GBP,United Kingdom,Technology,Software - Application,,898631923.0,853458777.0,0.9497312026828586,12086599680.0,0.327,0.13703922733365723,0.39236540089201444,0.45706930690543784,0.85283,0.010729999,none
DKNG,DraftKings Inc.,NMS,USD,United States,Consumer Cyclical,Gambling,,496454048.0,424195161.0,0.8544499993683202,11005939712.0,1.628,0.7277891264092138,1.3047477426735437,1.7487870406284074,0.82964,0.086160004,buy
LI,Li Auto Inc.,NMS,CNY,China,Consumer Cyclical,Auto Manufacturers,,804674894.0,518708206.0,0.6446183544033872,11424338944.0,0.537,0.6708249722444374,0.7369780511422714,1.0552973253326057,0.049429998,0.00024000001,buy
PAC,Grupo Aeroportuario Del Pacific,NYQ,MXN,Mexico,Industrials,Airports & Air Services,,51922658.0,5511851880.0,106.15504083015165,12293670912.0,0.295,0.8588081819468569,0.7978803237481484,0.8441367842945395,0.17701,0.00033,buy
RXEEY,Rexel SA,PNK,EUR,France,Technology,Electronics & Computer Distribution,,294128982.0,233773663.0,0.7947998235685595,12400478208.0,0.994,1.1205301447063352,1.030780814496532,0.8233042353253586,3.0000001e-05,0.0,none
TCMEF,,PNK,CNY,China,Communication Services,Internet Content & Information,,1594580937.0,1304661957.0,0.8181848451384064,13005526016.0,0.817,-0.17490857110114622,,,0.034649998,0.21245001,none
RXLSF,REXEL,PNK,EUR,France,Technology,Electronics & Computer Distribution,,294128982.0,233773663.0,0.7947998235685595,12041640960.0,0.994,0.2375268380169876,0.5165818608150677,0.28748569932761864,0.78533,0.01637,none
ROHCF,ROHM CO LTD,PNK,JPY,Japan,Technology,Semiconductors,,386035069.0,366744472.0,0.9500289000945663,12038503424.0,0.754,0.21819638900386665,0.22084154437433692,0.13517330583360612,0.39687002,0.16187,none
ACCYY,Accor SA Ltd.,PNK,EUR,France,Consumer Cyclical,Lodging,,1146751580.0,799885875.0,0.6975232377704681,12316111872.0,0.861,1.12711512398133,0.9945770646003751,1.0103066697802994,2.0000001e-05,0.0,none
GWRE,"Guidewire Software, Inc.",NYQ,USD,United States,Technology,Software - Application,,81992669.0,74168109.0,0.9045700049110488,12278403072.0,0.967,0.7011873573925123,0.8914567340666696,1.043631238754906,1.05208,0.00758,buy
TTMI,"TTM Technologies, Inc.",NMS,USD,United States,Technology,Electronic Components,,105348864.0,103599019.0,0.9833899964977316,13315043328.0,2.153,3.32219000916256,2.0251202605684466,1.5465552257743145,0.94545,0.01804,strong_buy
CHBAY,"Chiba Bank, Ltd. (The)",PNK,JPY,Japan,Financial Services,Banks - Regional,,138252949.0,138113936.0,0.9989945024608481,12475944960.0,0.132,0.08039464352986464,0.07562908804152434,0.062105515936372875,0.0,0.0,none
HKTTY,Hkt Trust and Hkt Ltd,PNK,HKD,Hong Kong,Communication Services,Telecom Services,,758020749.0,352606264.0,0.46516703462954945,11741741056.0,0.435,-0.26441979216167355,-0.004401596229267537,0.038212133523473406,0.0,0.0,none
EFGSF,Eiffage SA,PNK,EUR,France,Industrials,Engineering & Construction,,97160024.0,74268151.0,0.764390002620831,12018695168.0,0.704,0.15169493407649165,0.12337156541319802,0.059555779902606375,0.45948002,0.20972,none
ONTO,Onto Innovation Inc.,NYQ,USD,United States,Technology,Semiconductor Equipment & Materials,,61123436.0,48705209.0,0.7968336236856841,17195245568.0,1.583,3.148065376973803,2.509609758096017,2.0986027998006267,1.0124099,0.00658,strong_buy
TMTNF,Toromont Industries Ltd.,PNK,CAD,Canada,Industrials,Industrial Distribution,,81562763.0,81432263.0,0.9984000051592171,12732762112.0,0.952,0.2683689775134701,0.20911685830262378,0.22238096353203327,0.42117,0.00037,none
PAYP,PayPay Corporation - American D,NMS,JPY,Japan,Technology,Software - Infrastructure,,677143135.0,253299188.0,0.37407037730656456,11565603840.0,,1.888371979891181,,,0.0442,1.00054,none
AFG,"American Financial Group, Inc.",NYQ,USD,United States,Financial Services,Insurance - Property & Casualty,,82921466.0,66574328.0,0.8028599976753908,11691098112.0,0.6,-0.07173587049932681,0.42105500662048584,0.5671270668514894,0.68412,0.20264,buy
GRPTF,GETLINK SE,PNK,EUR,France,Industrials,Railroads,,542471528.0,252149470.0,0.46481604468649645,11880126464.0,0.529,0.05442548991477892,0.003288457117036072,0.008927532677136401,0.23121001,0.46793,none
NXT,Nextpower Inc.,NMS,USD,United States,Technology,Solar,,151729520.0,149089426.0,0.9825999976800823,12675164160.0,1.923,2.608766499660745,1.4285068780965477,1.4150915292906354,1.0965,0.00641,strong_buy
CHYM,"Chime Financial, Inc.",NMS,USD,United States,Technology,Software - Application,,347019852.0,242025676.0,0.6974404334654607,11092543488.0,,2.2369501801858656,,,0.95593,0.076230004,strong_buy
EFGSY,Eiffage Sa,PNK,EUR,France,Industrials,Engineering & Construction,,485800120.0,371340754.0,0.7643900005623712,11809801216.0,0.704,0.9996345064717524,0.30971320796595153,0.3628184439226538,,,none
HUBS,"HubSpot, Inc.",NYQ,USD,United States,Technology,Software - Application,,51190708.0,48006690.0,0.9378008602654997,10878025728.0,1.181,0.5959812099168885,1.2146389695835966,1.6563678288535137,1.0023,0.036989998,buy
MAIR,Madison Air Solutions Corporati,NYQ,USD,United States,Industrials,Building Products & Equipment,,177342753.0,103374927.0,0.5829103543915324,12457773056.0,,,,,0.69422996,0.35127,strong_buy
ALBKY,Alpha Services and Holdings SA,PNK,EUR,Greece,Financial Services,Banks - Regional,,9234319584.0,8110653219.0,0.8783162793123448,12004615168.0,0.876,0.7042389193043149,0.8940511266447152,0.87640190835304,8.0000005e-05,0.0,none
CCOEY,Capcom Co. Ltd,PNK,JPY,Japan,Communication Services,Electronic Gaming & Multimedia,,836617686.0,661013402.0,0.790102113619434,11762844672.0,0.494,0.5331729088772671,0.6577776038972191,0.5861662141095094,7e-05,0.0,none
GRAB,Grab Holdings Limited,NMS,USD,Singapore,Technology,Software - Application,,3973517000.0,3009456046.0,0.7573784247053681,13133079552.0,0.89,1.5004778107629346,1.1877609789443828,1.216360061227347,0.67113996,0.13488,strong_buy
QXO,"QXO, Inc.",NYQ,USD,United States,Industrials,Industrial Distribution,,1037490709.0,1034969607.0,0.9975700004075891,13077569536.0,2.291,2.6679680788376126,1.0510277013346228,0.8103744480631032,0.89424,0.0022200001,strong_buy
NCLTY,"Nitori Holdings Co., Ltd.",PNK,JPY,Japan,Consumer Cyclical,"Furnishings, Fixtures & Appliances",,1130115196.0,883241531.0,0.7815499996161454,10792600576.0,0.935,0.4289559571067208,0.0639710038460959,0.33689130100749554,4.0000003e-05,0.0,none
NYT,New York Times Company (The),NYQ,USD,United States,Communication Services,Publishing,,160502862.0,133666998.0,0.8328013365892504,10323762176.0,0.91,0.06429440209000889,0.4710698944257823,0.6812611408035614,0.95949996,0.1129,buy
TRYIY,Toray Industries Inc.,PNK,JPY,Japan,Consumer Cyclical,Textile Manufacturing,,728331087.0,727879521.0,0.9993799990031182,11580464128.0,0.47,1.0513412048436788,0.7398543150173971,0.6116955271643332,0.00017999999,0.0,none
WTS,"Watts Water Technologies, Inc.",NYQ,USD,United States,Industrials,Specialty Industrial Machinery,,27466760.0,27110375.0,0.9870248620514396,11809421312.0,1.133,0.890008507274883,0.9536664220526605,1.0325725029322597,1.01361,0.00984,buy
BOIVF,Bollore Investissement,PNK,EUR,France,Communication Services,Entertainment,,2809783802.0,631087571.0,0.22460360492888912,11660603392.0,0.557,0.5715301100641743,0.5172756769175871,0.5335785474127471,0.10584,0.77254,none
SAIL,"SailPoint, Inc.",NMS,USD,United States,Technology,Software - Infrastructure,,570911633.0,74703787.0,0.13084999968813038,11777905664.0,,1.539938968254286,1.5204705238924945,,1.02245,0.018960001,buy
TMTNY,Toromont Industries Ltd.,PNK,CAD,Canada,Industrials,Industrial Distribution,,407813815.0,407161313.0,0.9984000002550183,12256844800.0,0.952,1.5801195844429472,,,0.0,0.0,none
CCDBF,CCL Industries Inc.,PNK,CAD,Canada,Consumer Cyclical,Packaging & Containers,,157315576.0,146310600.0,0.9300452232396873,11081810944.0,0.644,0.28181510819092415,0.4014435515302346,0.3592407658767033,0.39782003,0.09217,none
AIT,Applied Industrial Technologies,NYQ,USD,United States,Industrials,Industrial Distribution,,36733895.0,36377741.0,0.9903044858161651,12074063872.0,0.834,0.8003639853734885,1.1824219293377927,1.034412688153311,0.98475,0.00791,strong_buy
GRPTY,Getlink SE,PNK,EUR,France,Industrials,Railroads,,271235764.0,126074735.0,0.46481604468649645,11680768000.0,0.529,-0.031119048947203246,-0.0036757330998956573,0.002597381676901676,0.0,0.0,none
FNF,"Fidelity National Financial, In",NYQ,USD,United States,Financial Services,Insurance - Specialty,,268192827.0,253380537.0,0.9447699993855541,11433060352.0,0.977,0.32292471186255717,0.5757431867247391,0.7634026642619943,0.84879,0.057389997,none
AGRPY,Absa Group Ltd.,PNK,ZAR,South Africa,Financial Services,Banks - Regional,,414047672.0,413405898.0,0.9984499997381944,10976404480.0,0.352,0.29632715632667334,0.3912609359514795,0.3245805271525987,0.0,0.0,none
AMKR,"Amkor Technology, Inc.",NMS,USD,United States,Technology,Semiconductor Equipment & Materials,,248452472.0,108695472.0,0.4374900000994959,13486000128.0,2.232,3.411573839599208,2.3641095105421286,1.9719249052015984,0.48692,0.49912998,none
FELTY,Fuji Electric Company Ltd.,PNK,JPY,Japan,Industrials,Electrical Equipment & Parts,,583964624.0,572759379.0,0.9808117743104932,12415087616.0,0.907,1.977807097452411,1.2211239773153206,0.8391168917310589,2.0000001e-05,0.0,none
YAMHF,"Yamaha Motor Co., Ltd.",PNK,JPY,Japan,Consumer Cyclical,Auto Manufacturers,,970730086.0,922369084.0,0.9501807941285957,11697298432.0,0.467,0.12858710230391315,0.26920288188617225,0.2836887962876113,0.54207003,0.065630004,none
ERIE,Erie Indemnity Company,NMS,USD,United States,Financial Services,Insurance Brokers,,46189068.0,25137831.0,0.5442376754603492,12164714496.0,0.305,-0.3953531477785144,0.27143541071658495,0.447745149124686,0.45978,0.45462,none
GOFPY,Allwyn AG,PNK,EUR,Switzerland,Consumer Cyclical,Gambling,,1542091818.0,286674.0,0.00018589943650164676,10702116864.0,0.2,0.4313541875519265,0.2630719177338587,0.31098541546623665,6.0000002e-05,0.0,none
FROG,JFrog Ltd.,NMS,USD,United States,Technology,Software - Application,,123301311.0,110357139.0,0.8950199969893264,10994778112.0,1.276,1.396744348464058,1.3370234941840105,1.3554763383123083,0.96933997,0.10032,strong_buy
SF,Stifel Financial Corporation,NYQ,USD,United States,Financial Services,Capital Markets,,151001734.0,145529431.0,0.9637599989414691,11179413504.0,0.984,1.0212430737182425,1.267836447999168,1.2566766761652193,0.93369,0.03168,buy
BLMOY,Belimo Holding AG,PNK,CHF,Switzerland,Industrials,Building Products & Equipment,,1229996900.0,1207001535.0,0.9813045341821593,11844870144.0,1.118,0.7767270092689207,,,,,none
CR,Crane Company,NYQ,USD,United States,Industrials,Specialty Industrial Machinery,,57800356.0,49374798.0,0.8542299981681774,11633477632.0,1.084,1.3829712266163463,1.3227754210459657,1.289564069046212,0.79964995,0.1446,strong_buy
FHN,First Horizon Corporation,NYQ,USD,United States,Financial Services,Banks - Regional,,473777158.0,468333458.0,0.9885099990405194,11145607168.0,0.611,0.714274661374118,1.0883670926527016,0.8022225639104547,0.9311,0.009649999,buy
BLHWF,BELIMO HOLDING AG,PNK,CHF,Switzerland,Industrials,Building Products & Equipment,,12299969.0,12070015.0,0.9813045057268031,11350411264.0,1.118,-0.08865314165956538,0.00868591779783849,0.13348961120274153,0.53729,0.20236999,none
PTAIF,ASTRA INTERNATIONAL,PNK,IDR,Indonesia,Industrials,Conglomerates,,39920061040.0,17653848594.0,0.44223000000703405,11117736960.0,-0.083,0.23526517993230658,-0.0016862471664009489,-0.06531140278886716,0.18113,0.57741,none
CCOEF,Capcom Co. Ltd,PNK,JPY,Japan,Communication Services,Electronic Gaming & Multimedia,,418308843.0,330506701.0,0.790102113619434,11273422848.0,0.494,0.46467231916074175,0.28899665654676293,0.11213840385016804,0.29549,0.20982,none
ROHCY,Rohm Co. Ltd.,PNK,JPY,Japan,Technology,Semiconductors,,386035069.0,366744472.0,0.9500289000945663,11843556352.0,0.754,1.3431124271136146,1.1408870212841953,0.8840240658603098,0.0,0.0,none
KHOLY,Koc Holdings A.S.,PNK,TRY,Turkey,Industrials,Conglomerates,,507001515.0,37609372.0,0.07417999924516991,10847297536.0,0.279,-0.26724668416240926,0.33149487061648525,0.4400419230238914,2.0000001e-05,0.0,none
TXRH,"Texas Roadhouse, Inc.",NMS,USD,United States,Consumer Cyclical,Restaurants,,65640926.0,61191784.0,0.9322199994558273,10933810176.0,0.787,0.31540759048108646,0.6944018978978695,0.828159852962142,1.01906,0.00418,buy
JKHY,"Jack Henry & Associates, Inc.",NMS,USD,United States,Technology,Information Technology Services,,70112608.0,69628831.0,0.9930999999315387,10487444480.0,0.564,-0.055101522960023006,0.3085205022545121,0.5025611290593222,1.02623,0.0061000003,buy
RTO,Rentokil Initial plc,NYQ,USD,United Kingdom,Industrials,Specialty Business Services,,503247977.0,495399120.0,0.9844035995002122,10895318016.0,0.405,0.44416141801635417,0.8290241211391638,0.7959107923211232,0.15763,0.00011,none
LULU,lululemon athletica inc.,NMS,USD,Canada,Consumer Cyclical,Apparel Retail,,105594064.0,101712621.0,0.963241844730969,11377182720.0,0.864,1.3215340071292796,1.1993962089134909,1.3051009144424344,0.80752,0.04541,hold
SKSBF,Skanska AB,PNK,SEK,Sweden,Industrials,Engineering & Construction,,394566319.0,372419717.0,0.943871027673804,11515576320.0,0.854,0.18647461648513308,0.20712469494923624,0.16882005894321847,0.40284002,0.15484999,none
GME,GameStop Corporation,NYQ,USD,United States,Consumer Cyclical,Specialty Retail,,504500990.0,463550645.0,0.9188300007102067,12145861632.0,1.714,0.670673830957113,1.0120700615889273,1.4564232613057755,0.32904997,0.080520004,strong_buy
PTAIY,PT Astra International,PNK,IDR,Indonesia,Industrials,Conglomerates,,1996003052.0,882692430.0,0.44223000015733444,10658656256.0,-0.083,0.37862596266551407,0.4585478806265733,0.3950537546089099,0.00011,0.0,none
HUT,Hut 8 Corp.,NMS,USD,United States,Financial Services,Capital Markets,,123259468.0,103016566.0,0.8357700034856551,13154867200.0,5.976,4.555771909878477,3.187340233492824,3.0919094802964535,0.81488997,0.085489996,strong_buy
SKBSY,Skanska AB,PNK,SEK,Sweden,Industrials,Engineering & Construction,,394566319.0,372419717.0,0.943871027673804,11995909120.0,0.854,1.219080910629912,0.866719536110616,0.8902258433026814,0.00018999999,0.0,none
UHAL,U-Haul Holding Company,NYQ,USD,United States,Industrials,Rental & Leasing Services,,19435630.0,105878361.0,5.447642345527261,12421702656.0,1.079,0.8465393975869063,0.9042189552898602,0.9332949240942674,0.47779,0.61379004,buy
BKKLY,Bangkok Bank Public Co Ltd.,PNK,THB,Thailand,Financial Services,Banks - Regional,,381768579.0,1674570606.0,4.386349998699081,11468327936.0,0.124,0.1767525997537131,0.5371451238995993,0.33753513673277713,0.0,0.0,none
BGKKF,BANGKOK BANK PUBLIC CO NON VTG ,PNK,THB,Thailand,Financial Services,Banks - Regional,,1908842894.0,1674570606.0,0.8772700001993983,8398908928.0,0.124,0.2400994718452807,0.0649189324931891,0.06555157563508143,0.11189,0.0,none
MGPUF,M&G PLC,PNK,GBP,United Kingdom,Financial Services,Asset Management,,2410055934.0,1799441920.0,0.7466390694980443,11158559744.0,0.949,0.35372606631176856,0.00254713990669594,,0.49104,0.17501,none
SCI,Service Corporation Internation,NYQ,USD,United States,Consumer Cyclical,Personal Services,,136291587.0,132593996.0,0.972869998204658,10619839488.0,0.811,-0.03833420963491638,0.31904907889445533,0.488125474230089,0.97388,0.03024,strong_buy
DKS,Dick's Sporting Goods Inc,NYQ,USD,United States,Consumer Cyclical,Specialty Retail,,74955923.0,60411367.0,0.8059585497999938,13206992896.0,1.141,1.0196906684052771,1.260524623470536,1.239756491122286,1.07373,0.044749998,buy
SWGNF,,PNK,CHF,Switzerland,Consumer Cyclical,Luxury Goods,,,36842823.0,,,0.82,-0.03264436920292409,-0.04491093603610913,0.002423395727516282,0.096870005,0.64293,none
HII,"Huntington Ingalls Industries, ",NYQ,USD,United States,Industrials,Aerospace & Defense,,39404598.0,39115762.0,0.992669992471437,10634513408.0,0.225,0.8464989867258992,0.6931595811813931,0.590026157904048,0.92584,0.00477,none
JEF,Jefferies Financial Group Inc.,NYQ,USD,United States,Financial Services,Capital Markets,,194145000.0,139993644.0,0.7210777717685235,9673323520.0,1.491,1.6741565863816603,1.6267586859086323,1.377508450086388,0.68766,0.25280002,buy
TKAMY,ThyssenKrupp AG,PNK,EUR,Germany,Industrials,Conglomerates,,622531741.0,608201060.0,0.9769799994824682,11000009728.0,1.578,2.152443323029281,1.1657303770477339,1.1528491440841648,1.0000001e-05,0.0,none
SWGAY,Swatch Group AG,PNK,CHF,Switzerland,Consumer Cyclical,Luxury Goods,,578720000.0,736856455.0,1.2732520994608791,11272304640.0,0.82,1.07629990589003,0.7529976900804642,0.8397572787355106,0.00107,0.0,none
CART,Maplebear Inc.,NMS,USD,United States,Consumer Cyclical,Internet Retail,,231500067.0,163545537.0,0.706459998562333,10348053504.0,0.799,0.4146512059119256,0.7878591865985717,0.7878591865985717,0.81227,0.1129,buy
AVHNF,ACKERMANS,PNK,EUR,Belgium,Industrials,Engineering & Construction,,32664289.0,21610367.0,0.66159000123958,10779214848.0,0.754,0.0775880934298266,-0.040645991352036503,-0.050948954023039124,0.14404,0.33338,none
SWGAF,Swatch Group AG,PNK,CHF,Switzerland,Consumer Cyclical,Luxury Goods,,28936000.0,36842823.0,1.2732521081006358,10976361472.0,0.82,0.09532983442154622,0.09256864002208702,0.11262451227312059,0.43175,0.03563,none
TKGBY,Turkiye Garanti Bankasi A.S.,OQX,TRY,Turkey,Financial Services,Banks - Regional,,4200000000.0,589092000.0,0.14026,11400827904.0,0.512,0.37149538030971485,0.4801559241776209,0.3987920040741931,0.0,0.0,none
CPCAY,"Cathay Pacific Airways, Ltd.",PNK,HKD,Hong Kong,Industrials,Airlines,,1216225608.0,246918123.0,0.20302000005249027,11043329024.0,0.429,0.28792337168678617,0.2394342107087244,0.3159232858844099,0.0,0.0,none
NVMI,Nova Ltd.,NMS,USD,Israel,Technology,Semiconductor Equipment & Materials,,31806161.0,31698876.0,0.9966269113710391,11490769920.0,1.755,2.8751980803401684,2.15216641166474,1.7738070650388038,0.77434,0.001,strong_buy
ARW,"Arrow Electronics, Inc.",NYQ,USD,United States,Technology,Electronics & Computer Distribution,,50905423.0,50544504.0,0.9929100088216535,11277587456.0,1.189,1.4277068435915308,1.115717537115231,1.0624572975474036,1.05917,0.0055199997,none
XPNGF,XPeng Inc.,PNK,CNY,China,Consumer Cyclical,Auto Manufacturers,,1567245202.0,1420429327.0,0.9063223324514602,10767657984.0,1.101,0.20247791574148258,0.08223599173614604,0.27733596326407034,0.27820998,0.06255,none
YMHAY,"Yamaha Motor Co., Ltd.",PNK,JPY,Japan,Consumer Cyclical,Auto Manufacturers,,485365043.0,461184542.0,0.9501807941285957,11190091776.0,0.467,0.6224885933333485,0.6827092364867459,0.5273961056526565,0.0,0.0,none
SRGHY,,PNK,ZAR,South Africa,Consumer Cyclical,Department Stores,,540784616.0,404642089.0,0.7482500001442348,10642641920.0,0.325,0.7088780549897206,0.5571754712931161,0.5665772858837229,8.0000005e-05,0.0,none
NRDXF,NORDEX SE,PNK,EUR,Germany,Industrials,Specialty Industrial Machinery,,236872104.0,118533883.0,0.5004130119095831,10718461952.0,1.154,0.034316465907152455,-0.026707548043977517,0.21867640321081325,0.41599998,0.46999002,none
KNX,Knight-Swift Transportation Hol,NYQ,USD,United States,Industrials,Trucking,,162756000.0,158166281.0,0.9718000012288334,10839548928.0,1.184,1.07657557103679,1.0415623182915446,0.9810806004929552,1.02303,0.02918,buy
DECK,Deckers Outdoor Corporation,NYQ,USD,United States,Consumer Cyclical,Footwear & Accessories,,136181857.0,134883659.0,0.990467173611827,10904761344.0,1.15,1.0875636141409635,1.327863579269481,1.2908859846632423,1.01442,0.0070700003,buy
GSAT,"Globalstar, Inc.",NMS,USD,United States,Communication Services,Telecom Services,,129563390.0,52749143.0,0.40713000022614415,10679910400.0,1.503,1.5896795603621212,1.3851921255675825,1.406568177091986,0.27238,0.59443,none
FPS,"Forgent Power Solutions, Inc.",NYQ,USD,United States,Industrials,Electrical Equipment & Parts,,274527094.0,170615844.0,0.6214900012747011,12156511232.0,,3.310495025416175,,,0.93682,0.00137,strong_buy
NRXXY,NORDEX SE UNSP ADR EACH REP 0.5,PNK,EUR,Germany,Industrials,Specialty Industrial Machinery,,473744208.0,237067766.0,0.5004130119095831,10678194176.0,1.154,0.09347058986301071,-0.3320957613587636,0.024739378581615394,1.0000001e-05,0.0,none
VRSUY,,PNK,EUR,United Kingdom,Industrials,Security & Protection Services,,1033962264.0,546097509.0,0.5281599996573956,5159471104.0,,,,,,,none
PINS,"Pinterest, Inc.",NYQ,USD,United States,Communication Services,Internet Content & Information,,492198008.0,484039070.0,0.9834234639974406,10507938816.0,0.894,0.9646787233496429,1.2529180705512366,1.5442645692146983,1.0809,0.01347,buy
BPOPO,"Popular, Inc.",PNK,USD,United States,Financial Services,Banks - Regional,,100353000.0,62008648.0,0.6179052743814335,,0.615,-0.007104591004415074,-0.03605048500315256,0.015500653825133055,0.0,0.0,none
BZLYF,Beazley Plc,PNK,USD,United Kingdom,Financial Services,Insurance - Specialty,,595584413.0,532513965.0,0.8941032595492051,10184493056.0,0.311,-0.22654404767442185,0.053051278545524196,0.08842185388945076,0.77804,0.063379996,none
SANM,Sanmina Corporation,NMS,USD,United States,Technology,Electronic Components,,53597356.0,51855978.0,0.9675100017993425,11352992768.0,1.6,2.4954911638247923,1.5841819235168682,1.278811502307641,0.94797,0.052849997,buy
DLAKY,Deutsche Lufthansa AG,OQX,EUR,Germany,Industrials,Airlines,,1202079790.0,1021611551.0,0.8498699998941002,10842760192.0,1.268,1.1474529534373819,0.8632167574011357,0.9477130843295682,0.00022,0.0,buy
MAKSY,Marks & Spencer Group Plc,OQX,GBP,United Kingdom,Consumer Cyclical,Department Stores,,1034476233.0,971114628.0,0.9387500621292669,10437865472.0,0.985,0.9316097308235258,0.6442445308935861,0.7602374295128482,3.0000001e-05,0.0,buy
DLAKF,Deutsche Lufthansa AG,OQX,EUR,Germany,Industrials,Airlines,,1202079790.0,1021611551.0,0.8498699998941002,10169594880.0,1.268,0.6199746381579546,0.38857085026153704,0.4290845150036219,0.30226,0.20037001,none
FRHC,Freedom Holding Corp.,NCM,USD,United States,Financial Services,Financial Conglomerates,,63787666.0,20875789.0,0.32726999291681247,11290416128.0,0.691,1.0471100171516183,1.0978709637115196,1.103223350723793,0.035639998,0.68008006,none
UMBFO,UMB Financial Corporation - Dep,NMS,USD,United States,Financial Services,Banks - Regional,,,72950004.0,,,0.78,0.19293536653381635,,,,,none
VNRFY,Vienna Insurance Group,PNK,EUR,Austria,Financial Services,Insurance - Diversified,,640000000.0,176192000.0,0.2753,10975773696.0,0.443,-0.13427747641792134,0.06704201766687573,0.07452379127333678,0.0,0.0,none
GBLBY,Groupe Bruxelles Lambert SA,PNK,EUR,Belgium,Financial Services,Asset Management,,1182467620.0,1194436263.0,1.0101217511562812,10086448128.0,0.67,0.46600677427084397,0.5517837983864833,0.3063521261707201,0.0,0.0,none
QUBSF,Qantas Airways Ltd.,PNK,AUD,Australia,Industrials,Airlines,,1513199279.0,1501107630.0,0.9920092157273622,10516733952.0,0.585,0.10580553431942141,0.012399561771032703,0.09707057126213901,0.4621,0.01135,none
TMXXF,TMX Group Ltd.,PNK,CAD,Canada,Financial Services,Financial Data & Stock Exchanges,,275392607.0,272178775.0,0.9883299989966687,10704509952.0,0.054,0.48642723762203777,0.2794327191662993,0.24845254212331627,0.57861,0.011720001,none
TFII,TFI International Inc.,NYQ,USD,Canada,Industrials,Trucking,,82193031.0,77045281.0,0.9373699943003684,10329198592.0,1.474,1.105810161509177,1.0653996246869626,1.1509237491494044,0.80061996,0.063379996,none
POAHF,Porsche Automobile Holding SE,PNK,EUR,Germany,Consumer Cyclical,Auto Manufacturers,,153125000.0,153125000.0,1.0,9754054656.0,0.959,0.27415766502996797,0.5406711368641401,0.6577688676276727,0.2299,0.0,none
POAHY,Porsche Automobile Holding SE,PNK,EUR,Germany,Consumer Cyclical,Auto Manufacturers,,1531250000.0,1531250000.0,1.0,9594433536.0,0.959,0.8713171329075521,0.7710128915208527,0.8989197593746171,0.0001,0.0,none
GNRC,Generac Holdlings Inc.,NYQ,USD,United States,Industrials,Specialty Industrial Machinery,,59063935.0,57945427.0,0.9810627585175286,12227416064.0,1.913,2.057423498132313,1.5004775299607993,1.6912666554716282,0.91697,0.01687,buy
TBABF,TRELLEBORG AB,PNK,SEK,Sweden,Industrials,Specialty Industrial Machinery,,193271264.0,193694578.0,1.002190258351081,10473812992.0,0.88,0.0938279194320144,0.009548684741235543,0.09396650015312108,0.56992,0.00336,none
RKUNY,Rakuten Group Inc.,PNK,JPY,Japan,Consumer Cyclical,Internet Retail,,2181985574.0,1452940554.0,0.6658799999930706,9971674112.0,0.907,0.8837413910715565,0.7849774386436205,0.684247570737268,0.0,0.0,none
ASEKY,Aisin Corporation,PNK,JPY,Japan,Consumer Cyclical,Auto Parts,,697464378.0,661719475.0,0.9487502098637646,10528225280.0,0.574,0.44832217699012283,0.012843626366982084,0.17151111328189056,1.0000001e-05,0.0,none
RYAN,"Ryan Specialty Holdings, Inc.",NYQ,USD,United States,Financial Services,Insurance Brokers,,122077702.0,106178302.0,0.8697599992503136,9789474816.0,0.564,-0.27921035665229627,0.26668587538116645,0.5483989406891518,0.98300004,0.14606,buy
SIETY,D IETEREN GROUP NV,PNK,EUR,Belgium,Consumer Cyclical,Auto & Truck Dealerships,,105173360.0,40192184.0,0.38215175401831797,9730638848.0,0.916,0.38170227842204973,0.31178085515923754,0.17827232208405394,0.0,0.0,none
HAGHY,HENSOLDT AG,PNK,EUR,Germany,Industrials,Aerospace & Defense,,1155000000.0,654868053.0,0.5669853272727273,10152450048.0,0.473,0.8820338266997199,0.4622071517255171,0.28262340220360455,0.00223,0.0,none
BPOP,"Popular, Inc.",NMS,USD,United States,Financial Services,Banks - Regional,,63778501.0,62008648.0,0.9722500063148238,10260685824.0,0.615,0.7113937820099432,0.9077380490721975,0.949224612958034,0.94214,0.01858,strong_buy
GBLBF,Groupe Bruxelles Lambert SA,PNK,EUR,Belgium,Financial Services,Asset Management,,118246762.0,119443626.0,1.0101217486192138,9874787328.0,0.67,0.15686129735036972,0.12627828247884318,0.30465700296076015,0.27545,0.35704,none
WTFCN,Wintrust Financial Corporation ,NMS,USD,United States,Financial Services,Banks - Regional,,,66523467.0,,,0.833,0.10767055939783182,,,,,none
QBCRF,Quebecor Inc.,PNK,CAD,Canada,Communication Services,Telecom Services,,150608193.0,153396655.0,1.018514676688273,10271491072.0,0.599,0.028731581792237598,0.015855168609311993,0.14975576011424604,0.48429,0.00561,none
XP,XP Inc.,NMS,BRL,Cayman Islands,Financial Services,Capital Markets,,405690510.0,403301878.0,0.9941121817219732,10552276992.0,1.104,1.8281248870754243,1.1348533024550085,1.1804737100106273,0.83008003,0.0073400005,buy
UMBF,UMB Financial Corporation,NMS,USD,United States,Financial Services,Banks - Regional,,75950030.0,72950004.0,0.9605000024358121,10188696576.0,0.78,0.767494380576664,1.0787306378243924,0.9994768098978011,0.97646004,0.05291,buy
SIEVF,D IETEREN GROUP NV,PNK,EUR,Belgium,Consumer Cyclical,Auto & Truck Dealerships,,52586680.0,20096092.0,0.38215175401831797,10220746752.0,0.916,0.32279392412911884,0.1263313261908885,0.048254958459948816,0.15135999,0.4954,none
SNROF,Sanrio Co. Ltd.,PNK,JPY,Japan,Consumer Cyclical,Specialty Retail,,1212430166.0,979970918.0,0.8082699898775036,9049579520.0,0.221,-0.09923655484659978,0.11843297390492145,0.10909652900706734,0.49633998,0.19405001,none
RKUNF,Rakuten Group Inc.,PNK,JPY,Japan,Consumer Cyclical,Internet Retail,,2181985574.0,1452940554.0,0.6658799999930706,10582629376.0,0.907,1.0300785205402387,0.6664974561819283,0.5087152137548491,0.29332,0.33519,none
TYEKF,ThyssenKrupp AG,PNK,EUR,Germany,Industrials,Conglomerates,,622531741.0,608201060.0,0.9769799994824682,10999790592.0,1.578,0.8001699032107416,0.6404330231160876,0.5712714599331195,0.67437,0.029360002,none
DDS,"Dillard's, Inc.",NYQ,USD,United States,Consumer Cyclical,Department Stores,,11859528.0,7492651.0,0.6317832379163825,10185288704.0,1.189,0.5994559947522918,0.939795878998195,1.2697498624607348,0.72165,0.32004002,none
CGNX,Cognex Corporation,NMS,USD,United States,Technology,Scientific & Technical Instruments,,168223842.0,160524237.0,0.9542300014762474,9947075584.0,1.49,1.9366110786969977,1.5094729995922853,1.423616262685738,1.12859,0.0036199999,buy
AEIS,"Advanced Energy Industries, Inc",NMS,USD,United States,Industrials,Electrical Equipment & Parts,,40050442.0,39646734.0,0.9899200113696622,10815220736.0,1.304,2.6281182367941778,2.092783091317579,1.7253297476007001,1.02404,0.010570001,none
SHMDF,Shimano Inc.,PNK,JPY,Japan,Consumer Cyclical,Leisure,,84326564.0,70770369.0,0.8392417008713885,10203513856.0,0.423,0.25141151875716117,0.2230290581119205,0.332734123626604,0.57833,0.12862,none
PAYC,"Paycom Software, Inc.",NYQ,USD,United States,Technology,Software - Application,,45071619.0,37538861.0,0.8328713685656599,10110916608.0,0.786,0.12672965859851285,0.7853840737782298,1.2468426718862413,0.95996004,0.14067,buy
SSB,SouthState Bank Corporation,NYQ,USD,United States,Financial Services,Banks - Regional,,96974534.0,95815688.0,0.9880499967135702,10000984064.0,0.71,0.6814442127031987,1.0294857371253663,0.9988548417607273,0.89880997,0.012560001,none
EVR,Evercore Inc.,NYQ,USD,United States,Financial Services,Capital Markets,,38457778.0,36417593.0,0.9469500031957124,10178811904.0,1.484,1.754874373713377,1.7286699601348727,1.4881877412885458,0.95444,0.02333,buy
LFUS,"Littelfuse, Inc.",NMS,USD,United States,Technology,Electronic Components,,25398747.0,25083041.0,0.987570016741377,10580357120.0,1.471,1.6689700783722372,1.5334564198477503,1.3348381804589644,1.03553,0.01606,none
QRVO,"Qorvo, Inc.",NMS,USD,United States,Technology,Semiconductors,,88221633.0,81689703.0,0.9259599966824463,10441912320.0,1.455,1.2286164012518372,1.6351041541752558,1.555882002082763,0.99844,0.00496,hold
MAKSF,MARKS & SPENCER GROUP,OQX,GBP,United Kingdom,Consumer Cyclical,Department Stores,,2068952465.0,1942229255.0,0.9387500620996626,10013729792.0,0.985,0.0581518821117712,0.021608494203969698,0.08447488635653114,0.65035003,0.00832,none
OC,Owens Corning Inc,NYQ,USD,United States,Industrials,Building Products & Equipment,,79048683.0,78230529.0,0.9896499983434259,10035229696.0,1.319,1.4594182522454295,1.3294166860710115,1.276501596440567,1.10967,0.011089999,buy
DCI,"Donaldson Company, Inc.",NYQ,USD,United States,Industrials,Specialty Industrial Machinery,,,115229760.0,,,0.922,0.8682376131976586,0.8626707555749547,0.8640462631220337,0.9284,0.0057200002,hold
MTCH,"Match Group, Inc.",NMS,USD,United States,Communication Services,Internet Content & Information,,233266526.0,227911991.0,0.9770454205675443,9815856128.0,1.323,0.8981664498443637,0.9063637924608605,1.3035729965246663,1.09447,0.0076200003,buy
WTFC,Wintrust Financial Corporation,NMS,USD,United States,Financial Services,Banks - Regional,,67455414.0,66523467.0,0.9861842520157093,9833988096.0,0.833,0.7988295538298238,1.111667304013255,1.0790838315193858,0.97169,0.01401,buy
SHMUY,SHIMIZU CORP UNSP ADR EA REPR O,PNK,JPY,Japan,Industrials,Engineering & Construction,,169687748.0,141968602.0,0.836646155502046,10902437888.0,0.407,-0.3504952132947349,-0.11623847946431505,-0.09437485934052485,0.0,0.0,none
SNROY,,PNK,JPY,Japan,Consumer Cyclical,Specialty Retail,,606215083.0,489985459.0,0.8082699898775036,10348091392.0,0.221,-0.28564937692922265,,,,,none
DPZ,Domino's Pizza Inc,NMS,USD,United States,Consumer Cyclical,Restaurants,,33081735.0,30226781.0,0.9136999918535107,9859846144.0,0.946,0.1319839977320544,0.5309644734961211,0.6499031997218195,1.1331099,0.00476,buy
SMNNY,Shimano Inc.,PNK,JPY,Japan,Consumer Cyclical,Leisure,,843265640.0,707703685.0,0.8392416949420588,9748151296.0,0.423,0.44691444098556976,0.32313804095285387,0.5447163581746831,0.00035999998,0.0,none
RRX,Regal Rexnord Corporation,NYQ,USD,United States,Industrials,Specialty Industrial Machinery,,66569573.0,62682924.0,0.941615233133612,10082294784.0,1.039,2.156030427539431,1.676524386276001,1.4080050126294268,1.1129299,0.0049900003,strong_buy
ZIONP,Zions Bancorporation N.A. - Dep,NGM,USD,United States,Financial Services,Banks - Regional,,,143515934.0,,,0.773,0.21877964698097319,0.14605983297898883,0.237453715975115,0.00043000001,0.0,none
CFR,"Cullen/Frost Bankers, Inc.",NYQ,USD,United States,Financial Services,Banks - Regional,,62148785.0,61277459.0,0.9859799994480987,9761087488.0,0.513,0.3541084794901022,0.8536581824111867,0.8874584469467237,0.96160007,0.06143,hold
LKNCY,Luckin Coffee Inc.,OID,CNY,China,Consumer Cyclical,Restaurants,,269267174.0,208578976.0,0.7746171688941185,9673694208.0,-0.364,0.4760297803947455,0.7992500610375572,0.947738494566812,0.64115995,0.05013,strong_buy
DRS,"Leonardo DRS, Inc.",NMS,USD,United States,Industrials,Aerospace & Defense,,266891515.0,76272257.0,0.2857799994128701,9899006976.0,0.138,1.0062033339461145,1.0463492436936166,0.8870025941875328,0.28194,0.71401,strong_buy
RNLSY,Renault SA,PNK,EUR,France,Consumer Cyclical,Auto Manufacturers,,1446867045.0,880141489.0,0.6083084773003452,8956106752.0,0.824,0.7918281942140114,0.962316469539887,1.1786096388083471,3.0000001e-05,0.0,none
SLLDY,Sanlam Ltd.,PNK,ZAR,South Africa,Financial Services,Insurance - Life,,1044876975.0,842970150.0,0.8067649782406201,10647296000.0,0.5,1.275398392693943,0.9213976520011842,0.7977634499393902,0.00013,0.0,none
ORI,Old Republic International Corp,NYQ,USD,United States,Financial Services,Insurance - Property & Casualty,,241432922.0,221126103.0,0.9158904310490017,9343454208.0,0.615,-0.15993323469106274,0.34717699238285454,0.5331899424556099,0.78945,0.07732,none
ONBPP,Old National Bancorp - Deposita,NMS,USD,United States,Financial Services,Banks - Regional,,,379142173.0,,,0.83,0.11675218447401459,0.1138392974267677,0.15356747396706938,0.10143,0.0,none
ONBPO,Old National Bancorp - Deposita,NMS,USD,United States,Financial Services,Banks - Regional,,,379142173.0,,,0.83,0.11644107649479844,0.1492659124826257,0.16639359285371472,0.10295,0.00561,none
SNCAF,AtkinsRealis Group Inc.,PNK,CAD,Canada,Industrials,Engineering & Construction,,160034074.0,159470754.0,0.9964799996280792,10431021056.0,0.93,1.0086260149368325,0.7667269786451476,0.7031061971297123,0.51126,0.00241,none
XPEV,XPeng Inc.,NYQ,CNY,China,Consumer Cyclical,Auto Manufacturers,,783622601.0,710214664.0,0.9063223330895225,10006066176.0,1.101,1.4934833836992965,1.0908486668644668,1.5635537151983112,0.12392,0.047340002,buy
FDS,FactSet Research Systems Inc.,NYQ,USD,United States,Financial Services,Financial Data & Stock Exchanges,,35565543.0,35442486.0,0.9965399937799347,9921185792.0,0.711,0.11644077078741279,0.49806131357470884,0.65761108362792,1.15171,0.0043200003,hold
BDOUY,BDO Unibank Inc.,PNK,PHP,Philippines,Financial Services,Banks - Regional,,533599899.0,227137118.0,0.42566934219003666,9604798464.0,0.417,0.5474624030967729,0.33129574032507664,0.20177660509669598,3.0000001e-05,0.0,none
ATZAF,Aritzia Inc.,PNK,CAD,Canada,Consumer Cyclical,Apparel Retail,,96253101.0,96061870.0,0.9980132484251079,10248066048.0,1.7,1.6699366559888882,1.492737988213113,,0.42885,0.00132,buy
ALSN,"Allison Transmission Holdings, ",NYQ,USD,United States,Consumer Cyclical,Auto Parts,,82578038.0,81808411.0,0.9906800038044014,9468398592.0,0.974,1.0374002150133326,1.0847244424246043,0.8561365140168784,1.06961,0.00733,buy
VSAT,"ViaSat, Inc.",NMS,USD,United States,Technology,Communication Equipment,,137755810.0,135573758.0,0.9841600002206804,10462553088.0,1.702,3.2876372866972363,2.0879830761142673,1.640152928213124,1.0708001,0.048189998,buy
CPCAF,CATHAY PACIFIC AIRWAYS,PNK,HKD,Hong Kong,Industrials,Airlines,,6081128038.0,1234590614.0,0.2030199999548176,9729805312.0,0.429,0.17973902232049208,0.07041854949929109,0.03260280055591575,0.05282,0.69123,none
SMGZY,Smiths Group Plc,PNK,GBP,United Kingdom,Industrials,Specialty Industrial Machinery,,282068982.0,319022869.0,1.1310101051805832,10529636352.0,0.738,1.0764882066193608,0.7150463477587052,0.7214029049062021,0.00232,0.0,none
ISUZY,"Isuzu Motors, Ltd.",PNK,JPY,Japan,Consumer Cyclical,Auto Manufacturers,,687237114.0,531164938.0,0.7728990870536715,9655682048.0,0.444,0.9268002309064416,0.9181031780760054,0.7244256037941241,0.00042,0.0,none
ONB,Old National Bancorp,NMS,USD,United States,Financial Services,Banks - Regional,,382570000.0,379142173.0,0.9910400005227802,9617809408.0,0.83,0.7975559564754607,1.1291249406901656,0.9299913598590306,0.97972,0.00674,buy
SNAP,Snap Inc.,NYQ,USD,United States,Communication Services,Internet Content & Information,,1437047479.0,1117458888.0,0.7776074933707879,9546811392.0,1.05,2.1397105720083065,1.865743037287083,2.0247285645076607,0.44629002,0.22266,hold
MGM,MGM Resorts International,NYQ,USD,United States,Consumer Cyclical,Resorts & Casinos,,255851235.0,181282644.0,0.7085470742402318,9847714816.0,1.282,0.8493420062932889,1.2983237246208317,1.3672835871650304,0.68065,0.27876,buy
SIRI,SiriusXM Holdings Inc.,NMS,USD,United States,Communication Services,Entertainment,,337066891.0,308176888.0,0.9142900006752666,8950810624.0,0.956,0.39639434071124546,0.9788934956940841,0.802266314247129,0.50249,0.46352002,hold
MOD,Modine Manufacturing Company,NYQ,USD,United States,Consumer Cyclical,Auto Parts,,53112708.0,52038238.0,0.9797700015597021,10418588672.0,1.733,2.9208496276837153,2.4517516545172526,1.8238012395354963,1.01806,0.01957,strong_buy
PSO,"Pearson, Plc",NYQ,GBP,United Kingdom,Communication Services,Publishing,,600994868.0,608892074.0,1.0131402220226613,9585867776.0,-0.034,0.324563680335944,0.4182518067784333,0.46703700411682764,0.04468,0.00053,hold
FKKFY,"Fukuoka Financial Group, Inc.",PNK,JPY,Japan,Financial Services,Banks - Regional,,377962296.0,372379793.0,0.9852300002961142,9339070464.0,0.146,0.10031578902365736,0.39529911418617686,0.1997254293403937,,,none
WMS,"Advanced Drainage Systems, Inc.",NYQ,USD,United States,Industrials,Building Products & Equipment,,75405342.0,69868328.0,0.9265700034886123,9843037184.0,1.279,1.3674849197718584,1.2872924703625348,1.361322576184049,0.97169995,0.07169,strong_buy
ZION,Zions Bancorporation N.A.,NMS,USD,United States,Financial Services,Banks - Regional,,145953355.0,143515934.0,0.9833000001952679,9340284928.0,0.773,0.8864078535398876,1.2635548124967277,1.274444132747521,0.84753,0.012669999,hold
SDXAY,Sodexo,PNK,EUR,France,Industrials,Specialty Business Services,,729526450.0,331511893.0,0.45442066288343624,9542206464.0,0.206,0.44812769246148404,0.3111488450221525,0.508588178266379,0.00061,0.0,none
FCFS,"FirstCash Holdings, Inc.",NMS,USD,United States,Financial Services,Credit Services,,43371800.0,39714256.0,0.9156699975560156,9474786304.0,0.53,0.49538311353308584,0.4455688657666401,0.640789990638718,1.00149,0.084259994,strong_buy
SCVPY,Siam Cement Public Co. Ltd.,PNK,THB,Thailand,Industrials,Conglomerates,,1200000000.0,706128000.0,0.58844,9593999360.0,0.593,-0.41078774925002437,0.008429932593061705,0.01954812894689084,0.0,0.0,none
SCVUF,Siam Cement Public Co. Ltd.,PNK,THB,Thailand,Industrials,Conglomerates,,1200000000.0,706128000.0,0.58844,8594400256.0,0.593,0.0754164816836932,-0.1376318900311486,0.20133049910062334,0.07827,0.00694,none
IMIUY,IMI plc,PNK,GBP,United Kingdom,Industrials,Specialty Industrial Machinery,,235302196.0,239701872.0,1.018697981042217,9767393280.0,1.044,,,,3.0000001e-05,0.0,none
ADRZY,Andritz AG,PNK,EUR,Austria,Industrials,Specialty Industrial Machinery,,489993970.0,336328828.0,0.6863938101115816,9750880256.0,1.334,0.2928679916696285,0.5393910192726845,0.4954717418164555,0.0,0.0,none
SNPTF,SUNNY OPTICAL TECHNOLOGY GROUP,PNK,CNY,China,Technology,Electronic Components,,1074174800.0,665317254.0,0.6193752208672183,9329209344.0,1.147,-0.3446195901429238,0.10704115423438361,0.18782118627987887,0.32966998,0.3829,none
MSGS,Madison Square Garden Sports Co,NYQ,USD,United States,Communication Services,Entertainment,,19550424.0,17107594.0,0.8750497687415885,9690250240.0,0.572,0.5621421599279802,0.6719734237588177,0.5945171209527486,1.01869,0.03733,none
SEOJF,STORA ENSO OYJ,OQX,EUR,Finland,Consumer Cyclical,Packaging & Containers,,175491395.0,695476080.0,3.963020978891871,9463439360.0,0.603,-0.09307592252408278,-0.044902678398439054,0.04328224114199635,0.62171,0.04058,none
QABSY,Qantas Airways Ltd.,PNK,AUD,Australia,Industrials,Airlines,,302639855.0,300221526.0,0.9920092183496453,9563418624.0,0.585,1.1572096864087345,0.8852203387357397,0.6970894912593776,0.00066,0.0,none
MUSA,Murphy USA Inc.,NYQ,USD,United States,Consumer Cyclical,Specialty Retail,,18380347.0,16572272.0,0.9016299855492391,9483340800.0,0.251,-0.6716178048784351,0.08571804911205727,0.3326787885705173,0.87437,0.09842,buy
BAH,Booz Allen Hamilton Holding Cor,NYQ,USD,United States,Industrials,Consulting Services,,120284973.0,118732094.0,0.9870900000118884,9186163712.0,0.365,0.1983853718573108,0.36556328767364354,0.4414840622234571,1.00528,0.01211,hold
SEOAY,Stora Enso Oyj,OQX,EUR,Finland,Consumer Cyclical,Packaging & Containers,,613128592.0,695476080.0,1.1343070427222874,9928725504.0,0.603,1.0955277483113146,0.9182578845463352,0.8683438481902722,0.05061,0.0,none
BSY,"Bentley Systems, Incorporated",NMS,USD,United States,Technology,Software - Application,,290577762.0,155741677.0,0.5359724568323986,9564261376.0,0.982,0.5124191691039264,0.849770596965951,1.134457903227207,0.55098,0.45574,buy
PSORF,PEARSON,PNK,GBP,United Kingdom,Communication Services,Publishing,,600994868.0,608892074.0,1.0131402220226613,9411579904.0,-0.034,0.16511613287090626,0.02589511308816767,0.0357310663386151,0.82584,0.00555,none
SOTGY,Sunny Optical Technology (Group,PNK,CNY,China,Technology,Electronic Components,,107417480.0,66531725.0,0.6193752171434296,9437700096.0,1.147,1.125937763179741,1.221326857925479,0.9768384061620732,2.0000001e-05,0.0,none
TTEK,"Tetra Tech, Inc.",NMS,USD,United States,Industrials,Engineering & Construction,,256044428.0,254485117.0,0.9939099983070125,9092136960.0,0.896,0.3878139940800954,0.563491708934106,0.8602360919035767,1.04405,0.00492,buy
KT,KT Corporation,NYQ,KRW,South Korea,Communication Services,Telecom Services,,476263616.0,422111033.0,0.8862970397469959,9301429248.0,0.092,0.45494768972626726,0.41925358247049643,0.4722555775454576,0.3666,0.0,none
NGKSY,NITERRA CO LTD.,PNK,JPY,Japan,Consumer Cyclical,Auto Parts,,389300128.0,337629355.0,0.8672726534526082,8665821184.0,0.253,0.17058176912495002,0.24654400706314453,0.10663996556963516,0.0,0.0,none
JXN,Jackson Financial Inc.,NYQ,USD,United States,Financial Services,Insurance - Life,,67728744.0,61988733.0,0.9152500007972981,8838600704.0,1.318,1.007307122047871,1.4293704108660998,1.4587921898561078,0.97475,0.016900001,buy
ALNPF,ANA Holdings Inc.,PNK,JPY,Japan,Industrials,Airlines,,429391744.0,413005188.0,0.9618377478631727,8373138944.0,0.455,-0.020238674451375147,-0.08994810921903998,0.0017399148316552962,0.21359,0.07121,none
MDBKY,,PNK,AUD,Australia,Financial Services,Insurance - Specialty,,,274973453.0,,,0.046,0.15104471185360993,0.036325079761202445,0.018040526425113158,0.0,0.0,none
FLS,Flowserve Corporation,NYQ,USD,United States,Industrials,Specialty Industrial Machinery,,127112780.0,126212822.0,0.9929200037950551,9584304128.0,1.262,1.724494734680289,1.475064334511139,1.2160523913353318,1.16026,0.0060900003,buy
MKTAY,Makita Corp.,PNK,JPY,Japan,Industrials,Tools & Accessories,,257655822.0,242404881.0,0.940808863228404,8729379840.0,0.768,1.2364953354708466,0.9035240812485014,0.8991899709835068,0.00053,0.0,none
VMI,"Valmont Industries, Inc.",NYQ,USD,United States,Industrials,Conglomerates,,19304858.0,18744824.0,0.970989996404014,9082066944.0,1.342,1.1961614062422024,1.0602319256342092,0.9545313111692943,0.97367996,0.02562,buy
NDRBF,Nibe Industrier AB,PNK,SEK,Sweden,Industrials,Building Products & Equipment,,1782936128.0,1457374143.0,0.8174012069825533,9856812032.0,0.926,-0.06455770137734759,0.036348354617448224,0.20114166560973631,0.48014,0.18813999,none
SAIA,"Saia, Inc.",NMS,USD,United States,Industrials,Trucking,,26605107.0,26497622.0,0.9959599861785935,9367525376.0,2.139,1.4263036191888292,1.3970118795261337,1.498178973600586,1.07314,0.00153,buy
ALNPY,ANA Holdings Inc.,PNK,JPY,Japan,Industrials,Airlines,,2146958720.0,2065025942.0,0.961837748794723,8738122752.0,0.455,0.2962851673539415,0.12431824692228237,0.30680337211759745,0.0,0.0,none
R,"Ryder System, Inc.",NYQ,USD,United States,Industrials,Rental & Leasing Services,,38346868.0,36917297.0,0.9627200062336251,9119460352.0,1.003,1.1184093492365224,1.1291787763875598,1.0470718563248826,0.92966,0.03049,none
TIMB,TIM S.A.,NYQ,BRL,Brazil,Communication Services,Telecom Services,,475053058.0,477480466.0,1.0051097618657998,8942874624.0,0.105,0.5694447731936488,0.4884233447096946,0.4929818461126287,0.0458,0.0,none
HLI,"Houlihan Lokey, Inc.",NYQ,USD,United States,Financial Services,Capital Markets,,54197538.0,54027157.0,0.9968562963136812,9214883840.0,0.967,0.7357491428420032,0.9491659636005928,0.9336140905812687,1.05433,0.00201,none
LTH,"Life Time Group Holdings, Inc.",NYQ,USD,United States,Consumer Cyclical,Leisure,,223461948.0,206852021.0,0.9256699981868949,8422169088.0,1.481,0.8460231399295987,1.1548659553432814,1.3389094756725202,0.93325996,0.12677,strong_buy
VOYA,"Voya Financial, Inc.",NYQ,USD,United States,Financial Services,Financial Conglomerates,,90596349.0,90152427.0,0.9951000012152807,8909698048.0,0.89,0.6943640207370116,1.0192436099341147,1.0127348155665632,1.08947,0.0032300001,buy
IDDWF,INDUTRADE AB,PNK,SEK,Sweden,Industrials,Industrial Distribution,,364323000.0,265092344.0,0.7276299986550396,9053426688.0,1.204,0.11147056915381713,-0.0913911365445885,-0.04871395248966696,0.61671,0.27374,none
WEGRY,Weir Group PLC,PNK,GBP,United Kingdom,Industrials,Specialty Industrial Machinery,,519224104.0,507171240.0,0.976786778758638,9455070208.0,1.085,1.0839809429487348,0.822005973202982,0.9361496270796745,0.00092,0.0,none
LLYVA,"Liberty Live Holdings, Inc. - S",NMS,USD,United States,Communication Services,Entertainment,,25573685.0,58272525.0,2.278612761516379,8816414720.0,0.969,0.5662999793523154,0.971910743996891,0.9738191986538647,0.82792,0.23657,none
PNR,Pentair plc.,NYQ,USD,United Kingdom,Industrials,Specialty Industrial Machinery,,159600000.0,158432683.0,0.9926859837092732,8916851712.0,1.018,0.9514822347388613,1.075766566198561,1.1192017164305612,1.00634,0.00957,buy
LLYVK,"Liberty Live Holdings, Inc. - S",NMS,USD,United States,Communication Services,Entertainment,,63900740.0,58272525.0,0.9119225379862581,9097491456.0,0.969,0.5549751100343184,0.968702223505521,0.9622861123337925,0.80907995,0.2377,none
APTV,Aptiv PLC,NYQ,USD,Switzerland,Consumer Cyclical,Auto Parts,,207633331.0,205044143.0,0.987529998254471,9297820672.0,1.33,1.1737259208975745,1.2019325525720557,1.3932845667050762,1.0703701,0.00841,buy
PNDZF,PANDORA A/S,PNK,DKK,Denmark,Consumer Cyclical,Luxury Goods,,74800632.0,64405234.0,0.8610252651341235,9395707904.0,1.267,0.2044972285736184,0.05969862926834327,0.10400376625647256,0.56503,0.0062800003,none
PRI,"Primerica, Inc.",NYQ,USD,United States,Financial Services,Insurance - Life,,30777350.0,30614538.0,0.9947100058971938,8597190656.0,0.853,0.183874584818232,0.7146610233270567,0.8101409436201547,0.96523005,0.00537,none
INPOY,InPost S A,PNK,PLN,Luxembourg,Industrials,Integrated Freight & Logistics,,999840816.0,452893074.0,0.45296517880902354,8778602496.0,1.091,0.5566198066123766,0.6284057676426111,0.7448587936187971,2.0000001e-05,0.0,none
WJRYY,West Japan Railway Co.,PNK,JPY,Japan,Industrials,Railroads,,455083814.0,449072120.0,0.9867899190982873,8933295104.0,0.073,0.1226962802283079,0.23977777103843292,0.23876533839773817,5e-05,0.0,none
OSK,Oshkosh Corporation (Holding Co,NYQ,USD,United States,Industrials,Farm & Heavy Construction Machinery,,61739749.0,57945841.0,0.938549993133273,8679683072.0,1.262,1.4746537806508349,1.2868427693693365,1.1389465998979977,1.0533999,0.00728,buy
SPXC,"SPX Technologies, Inc.",NYQ,USD,United States,Industrials,Building Products & Equipment,,50085860.0,48993487.0,0.9781899921454877,8770284544.0,1.269,1.5961243193889842,1.4300909051066943,1.2127033925516701,0.96794,0.03073,strong_buy
ONON,On Holding AG,NYQ,CHF,Switzerland,Consumer Cyclical,Footwear & Accessories,,301715535.0,248725924.0,0.8243722816592788,9926176768.0,2.084,1.3610429879663022,1.4213741306555236,1.7056880309746971,0.72099,0.24215001,buy
KTOS,Kratos Defense & Security Solut,NMS,USD,United States,Industrials,Aerospace & Defense,,187721327.0,185264055.0,0.9869100009078883,8804130816.0,1.113,2.1751314146095693,1.3533346995588091,1.257246782655078,0.85377,0.01276,strong_buy
ESTC,Elastic N.V.,NYQ,USD,Netherlands,Technology,Software - Application,,104991280.0,86673451.0,0.8255299963958912,9359447040.0,1.037,0.9927634972460394,1.3928310267506991,1.7521564068269895,0.89208,0.11935,buy
MINBY,Minebea Mitsumi Inc.,PNK,JPY,Japan,Technology,Electronic Components,,401595519.0,363050168.0,0.9040194694005039,9317016576.0,0.966,0.873017127392173,0.6904403336752681,,0.0,0.0,none
AYI,Acuity Inc.,NYQ,USD,United States,Industrials,Electrical Equipment & Parts,,29935547.0,29529480.0,0.9864352904591989,9285707776.0,1.292,1.4584279934256088,1.2319084223506462,1.1206619974766532,1.03157,0.00415,none
VIRT,"Virtu Financial, Inc.",NYQ,USD,United States,Financial Services,Capital Markets,,88300678.0,83506834.0,0.9457099978326328,4911283712.0,0.619,0.3385980135056809,0.5930519960728152,0.5613815265904522,0.95697,0.05204,none
AMG,"Affiliated Managers Group, Inc.",NYQ,USD,United States,Financial Services,Asset Management,,25859933.0,24846224.0,0.9608000144470599,9347073024.0,1.103,1.0252499891502307,1.0956849431096682,1.2222599148262434,1.0057399,0.042329997,strong_buy
SCTBY,Securitas A B,PNK,SEK,Sweden,Industrials,Security & Protection Services,,545504181.0,467603848.0,0.8571957178088063,9078938624.0,0.728,0.01949327305421836,-0.06325562802633479,-0.1370128856817913,,,none
RMBS,"Rambus, Inc.",NMS,USD,United States,Technology,Semiconductors,,108461603.0,107605841.0,0.9921100004395104,11315799040.0,1.872,3.5384209324749585,2.6716442824324234,1.9188266277777168,0.94991,0.00767,strong_buy
ADDHY,Addtech AB,PNK,SEK,Sweden,Industrials,Industrial Distribution,,514192116.0,504961353.0,0.9820480269674147,9130061824.0,1.128,0.7836618514421296,0.28990129047820207,0.26170221082367046,,,none
HLTOY,Hellenic Telecommunications Org,PNK,EUR,Greece,Communication Services,Telecom Services,,822107186.0,343043345.0,0.41727325930465714,9232263168.0,0.184,0.39339244602038353,0.20385049767412164,0.30925046828603986,0.00211,0.0,none
FINGF,Finning International Inc.,PNK,CAD,Canada,Industrials,Industrial Distribution,,130564565.0,129907355.0,0.9949663984251776,9627831296.0,1.331,1.2573203881656783,0.746513291021243,0.8164676610331626,0.43662998,0.00056,none
PNDRY,Pandora A/S,PNK,DKK,Denmark,Consumer Cyclical,Luxury Goods,,598405056.0,515241875.0,0.8610252701474501,9586449408.0,1.267,0.838497158100709,0.8028336185895141,1.0407130726179754,3.0000001e-05,0.0,none
EAT,"Brinker International, Inc.",NYQ,USD,United States,Consumer Cyclical,Restaurants,,41765010.0,41228330.0,0.9871500090626101,8583962112.0,1.256,0.7027667315874033,1.0509439679734178,1.2493637589430282,1.15528,0.011360001,buy
SREDY,StoreBrand ASA,PNK,NOK,Norway,Financial Services,Financial Conglomerates,,208241249.0,179704426.0,0.862962678446094,9041835008.0,0.53,-0.029981850198949403,0.03173025107843516,0.0022535859893678123,2.0000001e-05,0.0,none
SCTBF,SECURITAS AB,PNK,SEK,Sweden,Industrials,Security & Protection Services,,545504181.0,467603848.0,0.8571957178088063,8744059904.0,0.728,0.1215487636621445,-0.13737820607882903,-0.03741422032823659,0.60959,0.04227,none
NIABY,Nibe Industrier AB,PNK,SEK,Sweden,Industrials,Building Products & Equipment,,1782936128.0,1457374143.0,0.8174012069825533,9011816448.0,0.926,0.8530537660625159,0.5765002300257621,0.320704958895451,,,none
TTC,Toro Company (The),NYQ,USD,United States,Industrials,Tools & Accessories,,94663378.0,94283778.0,0.9959900015399831,8906403840.0,0.706,0.43972046117308006,0.6916274674297752,0.7619877015059956,0.97976,0.01687,buy
GLXY,Galaxy Digital Inc.,NMS,USD,United States,Financial Services,Capital Markets,,194292392.0,190288026.0,0.9793900010248471,16205676544.0,3.676,3.9484122704194418,,,0.83855003,0.022669999,buy
CMHHY,China Merchants Port Holdings C,PNK,HKD,Hong Kong,Industrials,Marine Shipping,,419800919.0,116897764.0,0.2784600002269171,8899779584.0,0.721,0.055509654691842186,0.052846555925312975,0.02615660046980253,0.0,0.0,none
AIAGF,Aurubis Ag,PNK,EUR,Germany,Industrials,Metal Fabrication,,43659030.0,30176686.0,0.6911900241484981,8713033728.0,1.343,0.008288319951108994,0.09591340843152484,0.08375150133520742,0.48536,0.38532,none
WYNN,"Wynn Resorts, Limited",NMS,USD,United States,Consumer Cyclical,Resorts & Casinos,,102973891.0,80172616.0,0.7785722693532091,8553010688.0,0.991,0.8547664865921311,1.0546903798363763,1.2023484764552737,0.73947996,0.27445,strong_buy
DY,"Dycom Industries, Inc.",NYQ,USD,United States,Industrials,Engineering & Construction,,30160957.0,25356618.0,0.8407099947127009,8581697024.0,1.489,1.6899256287613178,1.216511288234687,1.1211853703654582,0.93986,0.01263,strong_buy
ASMVF,ASMPT LTD,PNK,HKD,Singapore,Technology,Semiconductor Equipment & Materials,,419389033.0,316107985.0,0.7537345045453299,8647340032.0,1.4,0.30070268602124034,0.1568021786159916,0.1475456229978771,0.48716998,0.2463,none
VBREY,Vibra Energia SA,PNK,BRL,Brazil,Consumer Cyclical,Specialty Retail,,598106525.0,496003760.0,0.8292899998039647,9001502720.0,0.135,0.47624175970992283,,,1.0000001e-05,0.0,none
NIO,NIO Inc.,NYQ,CNY,China,Consumer Cyclical,Auto Manufacturers,,2357167022.0,1898996284.0,0.8056265280636529,9296024576.0,0.916,1.3291040401054444,1.1063658451794818,1.6275765376287756,0.12128,0.00127,buy
TKCOF,TOHO CO LTD,PNK,JPY,Japan,Communication Services,Entertainment,,831851262.0,531469771.0,0.6388999996492162,8526475264.0,-0.073,2.5542017812434157,2.8388716674047303,1.4132394009842413,0.19243999,0.37477002,none
BPHLY,Bank of the Philippine Islands,PNK,PHP,Philippines,Financial Services,Banks - Regional,,264818139.0,94630114.0,0.3573400007920152,8990576640.0,0.287,0.6785706664414546,0.29464014479691025,0.18596295823538891,0.0,0.0,none
GIL,"Gildan Activewear, Inc.",NYQ,USD,Canada,Consumer Cyclical,Apparel Manufacturing,,185191848.0,183134367.0,0.9888900023288282,8742906880.0,1.085,1.221177343371901,0.9861217274837004,1.067438000412958,1.03107,0.0057599996,none
SPIIY,Spie SA,PNK,EUR,France,Industrials,Engineering & Construction,,675700028.0,609633328.0,0.9022248079587174,8689502208.0,0.753,0.023323774888502208,,,,,none
AOMFF,Alstom,PNK,EUR,France,Industrials,Railroads,,462616024.0,336995417.0,0.7284559970192472,7989379072.0,1.06,0.10786184492384966,0.3021070426522232,0.30238106059250186,0.72496,0.01977,none
CIBEY,Commercial International Bank L,OQX,EGP,Egypt,Financial Services,Banks - Regional,,3299278100.0,2700990751.0,0.8186611340826346,8116224000.0,0.565,0.5761725807467274,0.24593420948648043,0.2812483322752811,7e-05,0.0,none
SPIWF,,PNK,EUR,France,Industrials,Engineering & Construction,,168925007.0,152408332.0,0.9022248079587174,8496927744.0,0.753,0.279054127790319,0.14390984901663212,0.07016709839227697,0.64242,0.12517999,none
VIAV,Viavi Solutions Inc.,NMS,USD,United States,Technology,Communication Equipment,,246749828.0,244079995.0,0.9891800005631615,8655984640.0,1.226,2.083162283527866,1.2741901679991328,1.115381391884113,0.99727994,0.010980001,strong_buy
CMHHF,China Merchants Port Holdings C,PNK,HKD,Hong Kong,Industrials,Marine Shipping,,4198009186.0,1168977638.0,0.27846000001582655,8563938304.0,0.721,0.45021313869237956,0.07556146550167504,0.03821276672866286,0.116809994,0.72083,none
WAL,Western Alliance Bancorporation,NYQ,USD,United States,Financial Services,Banks - Regional,,109100864.0,101952869.0,0.9344826911728215,8510958592.0,1.324,1.2687916523728555,1.4980316503088216,1.6258093825296291,0.91626,0.026619999,buy
ALV,"Autoliv, Inc.",NYQ,USD,Sweden,Consumer Cyclical,Auto Parts,,73237217.0,72922297.0,0.9957000004519561,8636132352.0,1.37,1.1178950966468781,0.9819082026398992,1.0982464607381568,0.84667,0.00364,buy
IDCC,"InterDigital, Inc.",NMS,USD,United States,Technology,Software - Application,,25806007.0,25275435.0,0.9794399807765688,8514563584.0,1.418,1.368241690471889,1.0053354669463568,0.9816674246789587,1.0899199,0.01673,none
JAPSY,Japan Airlines Ltd,PNK,JPY,Japan,Industrials,Airlines,,859655418.0,844250318.0,0.9820799128610854,8493395456.0,0.432,0.6386420798207487,0.45071437756806404,0.5169444753650573,4.0000003e-05,0.0,none
VICR,Vicor Corporation,NMS,USD,United States,Technology,Electronic Components,,34389014.0,25694360.0,0.7471676855870308,12051146752.0,2.36,3.358668477549121,2.204425828353319,1.9653909357394779,0.71238,0.2524,strong_buy
SNTMF,SENSETIME GROUP INC.,PNK,CNY,China,Technology,Software - Application,,40006746330.0,30756991255.0,0.7687951177358341,8329059840.0,1.629,2.538658163427412,1.2057544407503813,0.7235688821935168,0.23172002,0.23006001,none
PB,"Prosperity Bancshares, Inc.",NYQ,USD,United States,Financial Services,Banks - Regional,,120176771.0,109485845.0,0.9110399962402052,8324043776.0,0.644,0.47090605996208673,0.710942804705077,0.7280217096984493,0.75385004,0.03545,hold
JCYGY,Jardine Cycle & Carriage Limite,PNK,USD,Singapore,Industrials,Conglomerates,,197618144.0,25959119.0,0.13135999799694506,8244628992.0,-0.099,-0.035512174821349794,0.09171908971192447,0.22938232028322267,1.0000001e-05,0.0,none
MMSMY,"Mitsu Mining & Smelting Co., Lt",PNK,JPY,Japan,Industrials,Conglomerates,,286086315.0,276622566.0,0.9669199521130537,8536815104.0,1.385,1.7244736086639918,0.7234857470898756,0.4609235802823806,0.0,0.0,none
COLB,"Columbia Banking System, Inc.",NMS,USD,United States,Financial Services,Banks - Regional,,282902268.0,280288251.0,0.9907599998456004,8376736256.0,0.65,0.9412785688309109,1.1546583658667668,1.0753794318090357,0.97418,0.00751,buy
AAL,"American Airlines Group, Inc.",NMS,USD,United States,Industrials,Airlines,,661969951.0,654780957.0,0.9891399994982552,8959762432.0,1.327,1.9106928240806471,1.6908794071005235,1.5885933835197632,0.78602,0.015140001,buy
CHWY,"Chewy, Inc.",NYQ,USD,United States,Consumer Cyclical,Internet Retail,,225449020.0,46864717.0,0.20787279093073902,8092805632.0,1.424,0.7569679497202872,1.00950158060612,1.5564956694390322,1.01705,0.026800001,buy
AGCO,AGCO Corporation,NYQ,USD,United States,Industrials,Farm & Heavy Construction Machinery,,70031729.0,58188663.0,0.8308899955904273,8452829184.0,1.095,0.8732655729803057,0.9607561179876375,1.0138570646819371,0.98094004,0.17978,buy
YMM,Full Truck Alliance Co. Ltd.,NYQ,CNY,China,Technology,Software - Application,,932510215.0,764078590.0,0.8193782520655819,8759363584.0,0.225,1.2656096940930366,0.8822884454897236,1.2095168536261593,0.84282994,0.00664,none
KMX,CarMax Inc,NYQ,USD,United States,Consumer Cyclical,Auto & Truck Dealerships,,141911096.0,141062468.0,0.9940200024950833,8056293376.0,1.171,1.3541270539513952,1.2275510318126532,1.3211162540818662,1.05145,0.00475,hold
ALSMY,Alstom,PNK,EUR,France,Industrials,Railroads,,4626160240.0,3369954166.0,0.7284559961545992,7818210816.0,1.06,0.874208044795936,0.9828717285142453,1.0177728628067173,0.00071999995,0.0,hold
WJRYF,WEST JAPAN RAILWAY CO,PNK,JPY,Japan,Industrials,Railroads,,455083814.0,449072120.0,0.9867899190982873,8293902336.0,0.073,0.6501933805525023,0.341118799658384,,0.49328998,0.041729998,none
NDBKY,"Nedbank Group, Ltd.",PNK,ZAR,South Africa,Financial Services,Banks - Regional,,456904901.0,454078107.0,0.9938131676989825,8433354752.0,0.381,1.2364194287436487,0.8126752855313802,0.7339591775962401,0.00031,0.0,none
NIOIF,NIO Inc.,PNK,CNY,China,Consumer Cyclical,Auto Manufacturers,,2357167022.0,1898996284.0,0.8056265280636529,8769835008.0,0.916,0.047102411694248995,0.05849274721622182,0.04547542850454709,0.13616,0.19232,none
ASMVY,ASMPT LTD.,PNK,HKD,Singapore,Technology,Semiconductor Equipment & Materials,,139796344.0,105369328.0,0.7537345039581292,9134292992.0,1.4,2.017572817017274,1.2187671051680955,0.8467762298986818,5e-05,0.0,none
DNPLY,Dai Nippon Printing Co. Ltd.,PNK,JPY,Japan,Industrials,Conglomerates,,855724682.0,815832272.0,0.9533817233052535,8060926464.0,0.43,0.8301866513487113,0.5237527729532505,0.4814606971238529,3.0000001e-05,0.0,none
KNSL,"Kinsale Capital Group, Inc.",NYQ,USD,United States,Financial Services,Insurance - Property & Casualty,,22778425.0,21516500.0,0.9445999888051961,8071989760.0,0.891,-0.13957577575768274,0.4269906009551648,0.6619084967658516,0.96764,0.05416,none
CBSH,"Commerce Bancshares, Inc.",NMS,USD,United States,Financial Services,Banks - Regional,,143432178.0,130465909.0,0.9095999992414533,8039373312.0,0.578,0.31691922094762204,0.7156406147896686,0.7344539165888126,0.78053004,0.02496,hold
AAOI,"Applied Optoelectronics, Inc.",NGM,USD,United States,Technology,Communication Equipment,,84906289.0,80597020.0,0.9492467630990209,9024265216.0,3.783,4.267545571402243,3.8176038540902777,2.547497322078731,0.62810004,0.09779,none
DBX,"Dropbox, Inc.",NMS,USD,United States,Technology,Software - Infrastructure,,142295014.0,128606437.0,0.9038014290507748,7253885952.0,0.649,0.3403882128128607,0.7651778508131677,0.9938191024866175,1.3059399,0.08677,none
XROLF,Xero Ltd.,PNK,NZD,New Zealand,Technology,Software - Application,,176661571.0,162675988.0,0.9208340392263352,7596447232.0,0.732,0.8023958753134846,0.2949621519933768,0.26588779095878706,0.40098,0.05204,none
FORM,"FormFactor, Inc.",NMS,USD,United States,Technology,Semiconductor Equipment & Materials,,78120725.0,77457480.0,0.9915099994271687,9570570240.0,1.241,2.877885564669771,2.3571529782673535,1.9273690910693733,0.94626,0.00758,buy
CNM,"Core & Main, Inc.",NYQ,USD,United States,Industrials,Industrial Distribution,,184443500.0,183781958.0,0.9964133081404333,8050959360.0,0.911,1.156753680364086,1.1444871497834372,1.1124185378469205,1.12749,0.00491,buy
SNEX,StoneX Group Inc.,NMS,USD,United States,Financial Services,Capital Markets,,120616735.0,109132816.0,0.904790002813457,8066846720.0,0.635,1.2166344707962369,1.0433128337668118,0.8813932984622606,0.85528,0.091359995,none
TOPPY,TOPPAN HOLDINGS INC.,PNK,JPY,Japan,Industrials,Conglomerates,,562699814.0,508916300.0,0.9044188168151767,8688084992.0,0.523,0.8479375353090465,0.17263068131358061,0.2619632985331316,0.0,0.0,none
LNC,Lincoln National Corporation,NYQ,USD,United States,Financial Services,Insurance - Life,,191447336.0,171557872.0,0.896109998626463,7885236736.0,1.114,1.064614171965275,1.3687996127224746,1.4537220384796143,0.86963,0.00341,hold
GTLB,GitLab Inc.,NMS,USD,United States,Technology,Software - Infrastructure,,165500000.0,135562420.0,0.8191082779456194,8150806016.0,0.992,0.9037823416402037,1.5339677484554275,1.9885274191229303,0.90046,0.03499,buy
IFUUF,INFRATIL LIMITED,PNK,NZD,New Zealand,Industrials,Conglomerates,,999312470.0,939323742.0,0.939969999573807,8094431232.0,0.052,0.15070556920402034,-0.10741223231579186,0.017339674008716412,0.27611,0.04129,none
SIMO,Silicon Motion Technology Corpo,NMS,USD,Hong Kong,Technology,Semiconductors,,33907750.0,32276787.0,0.9518999933643488,9524009984.0,1.703,2.3253788341349244,1.682059947111706,1.1678055095427837,0.75654,0.033689998,strong_buy
WILWY,WALLENIUS WILHELMSEN ASA UNSP A,PNK,USD,Norway,Industrials,Marine Shipping,,211435561.0,130419797.0,0.6168299995666292,8245987328.0,0.909,0.21402076746624765,-0.013072150174087329,-0.011987124455057244,0.0,0.0,none
TKR,Timken Company (The),NYQ,USD,United States,Industrials,Tools & Accessories,,69296839.0,66591490.0,0.9609599941492281,8050907136.0,1.205,1.384053643601181,1.2224382766450634,1.1701665971642812,0.96718,0.0794,buy
AUKNY,Auckland International Airport ,PNK,NZD,New Zealand,Industrials,Airports & Air Services,,339993760.0,339956361.0,0.9998900009223699,7901454848.0,0.503,0.22259536913450872,0.12166224459109165,0.2886025515048959,0.0,0.0,none
ACM,AECOM,NYQ,USD,United States,Industrials,Engineering & Construction,,128696425.0,127953847.0,0.9942300028924658,8035791872.0,0.909,0.91224484229316,0.8896453535116617,0.902630752044281,0.95992,0.00489,strong_buy
NPEHF,NIPPON EXPRESS HLDGS INC,PNK,JPY,Japan,Industrials,Integrated Freight & Logistics,,237623893.0,201133055.0,0.8464344744995824,7929508864.0,0.607,-1.315579630145118,0.2016239658576076,0.45781488519310376,0.44344002,0.08597,none
ACKDF,AUCKLAND INTERNATIONAL AIRPORT,PNK,NZD,New Zealand,Industrials,Airports & Air Services,,1699968803.0,1699781806.0,0.9998899997460718,8380845568.0,0.503,-0.09374858298015507,-0.034227666546352176,0.0421968102211744,0.46835,0.047259998,none
BOKF,BOK Financial Corporation,NMS,USD,United States,Financial Services,Banks - Regional,,60766867.0,18741109.0,0.30840999257045787,8037634048.0,0.785,0.6260524069849556,0.8866935839197766,0.843375923419821,0.36714,0.63329,hold
THG,Hanover Insurance Group Inc,NYQ,USD,United States,Financial Services,Insurance - Property & Casualty,,34820221.0,34461573.0,0.9897000079350444,7635725824.0,0.276,-0.13998927872397326,0.28773295836745577,0.45242897620821076,0.93226,0.00952,hold
S,"SentinelOne, Inc.",NYQ,USD,United States,Technology,Software - Infrastructure,,342184493.0,310800900.0,0.9082845843630909,8340997120.0,0.772,1.2237269116473026,1.5068556476258048,1.819678080470837,0.86578006,0.0063899998,buy
TYOYF,Taiyo Yuden Co. Ltd.,PNK,JPY,Japan,Technology,Electronic Components,,125146903.0,130193158.0,1.0403226518518,7580147712.0,1.561,1.5968075567609459,0.7054358688710148,0.4054403268733275,0.64672,0.015859999,none
HCXLY,"Hiscox, Ltd.",PNK,USD,Bermuda,Financial Services,Insurance - Property & Casualty,,158385034.0,159813563.0,1.009019343330128,8590804992.0,0.396,0.1951726152056473,,,0.00131,0.0,none
ACLLY,ACCELLERON INDS LTD.,PNK,USD,Switzerland,Industrials,Specialty Industrial Machinery,,94046249.0,93991702.0,0.9994199981330463,8776207360.0,0.384,0.9079707354007484,0.8011177683831034,0.89271697288365,0.00014999999,0.0,none
GMWKF,,PNK,GBP,United Kingdom,Consumer Cyclical,Leisure,,33045190.0,32569326.0,0.9855995986102667,7963890688.0,0.905,0.2719319955776309,0.2046465067614263,0.14838476475390525,0.68918,0.00447,none
LPGCY,LAOPU GOLD CO LTD,PNK,CNY,China,Consumer Cyclical,Luxury Goods,,1435415600.0,443381253.0,0.30888702407860136,7882804736.0,0.451,0.008295423307298787,,,,,none
MLSPF,Melrose Industries PLC,PNK,GBP,United Kingdom,Industrials,Specialty Industrial Machinery,,1246097524.0,1149075000.0,0.9221388999405475,7975024128.0,0.852,0.2753605906682505,0.6470430278542891,0.502114843046801,0.82288,0.00223,none
SBRKF,SPAREBANK 1 SR-BANK ASA,PNK,NOK,Norway,Financial Services,Banks - Regional,,370825323.0,286087511.0,0.7714886046226137,7980161024.0,0.54,0.809232286549846,0.18382547107382727,-0.03300044694232071,0.2568,0.46069,none
ZLIOY,ZoomLion Heavy Industry Science,PNK,CNY,China,Industrials,Farm & Heavy Construction Machinery,,155250755.0,670235535.0,4.317116106778354,8743990272.0,0.32,-0.28001523289099645,0.021861144934898245,0.08676814789383781,,,none
ACLIF,ACCELLERON INDUSTRIES AG,PNK,USD,Switzerland,Industrials,Specialty Industrial Machinery,,94046249.0,93991702.0,0.9994199981330463,8003335680.0,0.384,-0.14530910335385247,-0.003460874413180141,-0.025878123750771632,0.45329,0.00116,none
LTRCF,LOTTERY CORPORATION,PNK,AUD,Australia,Consumer Cyclical,Gambling,,2225771703.0,2193192598.0,0.9853627822853133,7968262656.0,0.434,0.0800075017446903,0.016781551887084356,0.07969563907290866,0.53504,0.01612,none
NEMKY,NEMETSCHEK SE,PNK,EUR,Germany,Technology,Software - Application,,577043975.0,284661709.0,0.49331025248119087,7593898496.0,0.535,0.2104708032738868,-0.08269271054439405,-0.015311077060671939,,,none
AVAV,"AeroVironment, Inc.",NMS,USD,United States,Industrials,Aerospace & Defense,,50820702.0,38070831.0,0.7491205257259138,8011375616.0,1.406,2.0888983602459024,1.3118812044429322,1.1378180550653574,0.87999,0.00906,buy
TKHVY,Turk Hava Yollari AO,PNK,USD,Turkey,Industrials,Airlines,,137228335.0,70203613.0,0.5115824876837571,8491689472.0,-0.046,-0.1044738510363697,0.14698555343916989,0.25985241815103693,0.0,0.0,none
STN,Stantec Inc,NYQ,CAD,Canada,Industrials,Engineering & Construction,,112399703.0,112065876.0,0.9970300010490242,7924021248.0,0.721,0.8196362610842352,0.7706430631401117,0.7687967284662272,0.81264,0.00089,buy
RTLLF,Rational AG,PNK,EUR,Germany,Industrials,Specialty Industrial Machinery,,11370000.0,6006885.0,0.5283100263852243,7474115584.0,1.257,-0.046964774123627435,0.10986958878933901,0.12663616803889782,0.30179,0.552,none
PCOR,"Procore Technologies, Inc.",NYQ,USD,United States,Technology,Software - Application,,151955338.0,136428542.0,0.897820002874792,7629677568.0,0.745,0.8794149450347631,1.4260139687358537,1.597065619163848,0.97113997,0.092530005,buy
PRLLY,,PNK,EUR,Italy,Consumer Cyclical,Auto Parts,,,193221089.0,,,1.053,,,,,,none
GWKSY,Games Workshop Group,PNK,GBP,United Kingdom,Consumer Cyclical,Leisure,,330451900.0,325693257.0,0.9855995895317896,8368694784.0,0.905,0.2844309760967505,,,,,none
IVTJF,Investec Plc.,PNK,GBP,South Africa,Financial Services,Capital Markets,,626616897.0,750142960.0,1.197131714116544,5551825408.0,0.415,0.15726230138030217,0.04083150135807748,0.0021524268678059072,0.79385,0.08048,none
TYOYY,Taiyo Yuden Co. Ltd.,PNK,JPY,Japan,Technology,Electronic Components,,500587612.0,520772634.0,1.0403226558471048,7648978432.0,1.561,2.3957474962326475,1.0559526133451893,0.7612932799060372,0.0,0.0,none
ASRMF,Grupo Aeroportuario del Sureste,PNK,MXN,Mexico,Industrials,Airports & Air Services,,277050000.0,143553000.0,0.5181483486735247,7878000128.0,0.182,0.2879775797983043,0.35159788164735567,0.22251378659037094,0.31555998,0.38261002,none
HTCMF,Hitachi Construction Machinery ,PNK,JPY,Japan,Industrials,Farm & Heavy Construction Machinery,,208351315.0,141609054.0,0.67966479597213,7708998656.0,0.911,0.11879369422620643,0.3336325755099257,0.34322820486629463,0.29871,0.33275002,none
CPBLF,ALS LIMITED,PNK,AUD,Australia,Industrials,Consulting Services,,507542553.0,492504067.0,0.9703699996953753,8864528384.0,1.148,-0.43446486157037434,-0.14465186251072704,-0.07873422305832418,0.47877,0.02447,none
RANJF,Randstad NV,PNK,EUR,Netherlands,Industrials,Staffing & Employment Services,,175450661.0,77242154.0,0.4402500028198811,7833871872.0,0.981,-0.5089213998435169,-0.15455172735229164,-0.06970276918772028,0.39581,0.38189,none
WIGBY,Wisetech Global,PNK,USD,Australia,Technology,Software - Application,,336303046.0,189368111.0,0.5630877069130085,7280960512.0,1.106,0.36221970712622137,0.3907057109874183,0.16433218380287254,0.0,0.0,none
APPF,"AppFolio, Inc.",NGM,USD,United States,Technology,Software - Application,,24087367.0,23188567.0,0.9626858344459152,7276066816.0,0.848,0.5139261270388088,0.8513306731259169,0.9845568403314615,0.99443,0.03954,strong_buy
PTBRY,PT Bank Negara Indonesia TBK,PNK,IDR,Indonesia,Financial Services,Banks - Regional,,11573675.0,225964424.0,19.52399942110004,7861184512.0,0.196,0.35126831436285244,0.14336653432151364,,5e-05,0.0,none
PCTY,Paylocity Holding Corporation,NMS,USD,United States,Technology,Software - Application,,55366000.0,42474752.0,0.7671630964852075,8049109504.0,0.454,-0.02668243145885368,0.6879292633939424,1.1933191973167485,0.89194,0.20107001,strong_buy
KNCRY,KONECRANES OYJ UNSPON ADR EACH ,PNK,EUR,Finland,Industrials,Farm & Heavy Construction Machinery,,950571228.0,743033012.0,0.7816700002201202,7956280832.0,1.278,1.87078579053546,0.48432206869301947,0.23465934650977985,,,none
LOTMY,LOTTOMATICA GROUP SPA,PNK,EUR,Italy,Consumer Cyclical,Gambling,,232001583.0,209060079.0,0.9011148816169932,7544691712.0,-0.064,0.7489072147825194,,,1.0000001e-05,0.0,none
EDNMY,Edenred Malakoff,PNK,EUR,France,Financial Services,Credit Services,,458185038.0,400531968.0,0.874170771154688,4925489152.0,0.675,0.8167094791548346,0.7385067745569606,0.5652492430335623,0.00029999999,0.0,underperform
WTCHF,Wisetech Global,PNK,USD,Australia,Technology,Software - Application,,336303046.0,189368111.0,0.5630877069130085,7428934144.0,1.106,0.7634730036487165,0.5236498585374072,0.29521384107750315,0.27501,0.41351002,none
UZAPF,FLUGHAFEN ZURICH AG,PNK,CHF,Switzerland,Industrials,Airports & Air Services,,30697960.0,18802135.0,0.612488093671371,7734350848.0,0.533,0.08454182911871463,0.03233256975280805,0.03648182777465253,0.31976998,0.38461,none
ZETA,Zeta Global Holdings Corp.,NYQ,USD,United States,Technology,Software - Infrastructure,,225619195.0,222126959.0,0.9845215474685122,7550013440.0,1.436,2.2930542798599984,2.015055378898937,1.8972466938772778,0.87399,0.01853,none
AOS,A.O. Smith Corporation,NYQ,USD,United States,Industrials,Specialty Industrial Machinery,,110047214.0,107876071.0,0.9802708044930606,7848720384.0,1.153,0.7728974025875096,0.7033490670797331,0.8478100998899194,1.18015,0.0046200003,hold
MHK,"Mohawk Industries, Inc.",NYQ,USD,United States,Consumer Cyclical,"Furnishings, Fixtures & Appliances",,67738145.0,46379024.0,0.6846810464030274,8238313472.0,1.184,1.4227599404522775,1.2468394322001672,1.2576844897338302,0.8318,0.16166,buy
HTCMY,Hitachi Construction Machinery ,PNK,JPY,Japan,Industrials,Farm & Heavy Construction Machinery,,104175658.0,70804527.0,0.6796647927100206,7563152384.0,0.911,0.12301007719632175,0.14599655068390985,0.029053050100863374,0.0,0.0,none
CAE,CAE Inc,NMS,CAD,Canada,Industrials,Aerospace & Defense,,321849081.0,289163705.0,0.8984450230572508,7898177024.0,1.017,0.9473966519833839,0.977124604663941,1.1682463404217986,0.87557,0.00164,buy
WULF,TeraWulf Inc.,NCM,USD,United States,Financial Services,Capital Markets,,498968677.0,384051201.0,0.7696899999997394,8736941056.0,4.248,3.405356489818376,3.296895060948626,2.5551278733371117,0.89947,0.22878,strong_buy
SARO,"StandardAero, Inc.",NYQ,USD,United States,Industrials,Aerospace & Defense,,330919431.0,216608132.0,0.6545645607616194,7516834816.0,,1.3369228794795778,1.1717843082972046,,1.15207,0.00333,buy
RIOT,"Riot Platforms, Inc.",NCM,USD,United States,Financial Services,Capital Markets,,375258935.0,349140913.0,0.9303999996695616,9362710528.0,3.832,3.902669679014449,2.9551412685394314,2.880489634304724,0.87454003,0.06843,strong_buy
VLYPO,Valley National Bancorp - 5.5% ,NMS,USD,United States,Financial Services,Banks - Regional,,331492000.0,544841123.0,1.6436026299277207,,1.049,0.09608930218983326,0.22623615134734157,0.2517982469811063,0.16892,0.0,none
VLYPP,Valley National Bancorp - 6.25%,NMS,USD,United States,Financial Services,Banks - Regional,,331492000.0,544841123.0,1.6436026299277207,,1.049,0.09579540233446088,0.23949920396192345,0.30466655897866457,0.35823002,0.0,none
VLYPN,Valley National Bancorp - 8.250,NMS,USD,United States,Financial Services,Banks - Regional,,,544841123.0,,,1.049,0.03579159284029323,0.14841453212113082,,0.1882,0.0,none
ZWS,Zurn Elkay Water Solutions Corp,NYQ,USD,United States,Industrials,Pollution & Treatment Controls,,165864097.0,147020277.0,0.8863900003627668,7770732544.0,0.774,0.9224409668208136,0.9811928481354283,1.081042438044497,0.92267996,0.116239995,buy
AVT,"Avnet, Inc.",NMS,USD,United States,Technology,Electronics & Computer Distribution,,82072979.0,81365510.0,0.9913800009623143,8050127872.0,1.115,1.3470878977186507,1.1743750065636378,1.0495534615739368,1.10595,0.013789999,none
CEF,,ASE,USD,Canada,Financial Services,Asset Management,,175366162.0,,,7768720896.0,0.361,1.251510313369151,0.46866619299199946,0.31648457185389334,0.33479,0.0,none
MORN,"Morningstar, Inc.",NMS,USD,United States,Financial Services,Financial Data & Stock Exchanges,,37513571.0,19293230.0,0.5143000115878065,7438565888.0,0.996,0.13069242788270824,0.6836120943188527,0.9424997901909166,0.666,0.4967,none
RANJY,Randstad NV,PNK,EUR,Netherlands,Industrials,Staffing & Employment Services,,350901322.0,154484307.0,0.4402499999700771,7211021824.0,0.981,0.6458809896594622,0.6597383438790009,0.8282039908852779,1.0000001e-05,0.0,hold
ASGLY,AGC Inc.,PNK,JPY,Japan,Industrials,Conglomerates,,1061968965.0,932391552.0,0.8779838043572206,7752373760.0,0.4,0.6020474375985307,0.176068283113036,0.29688295172243206,0.0,0.0,none
LEVI,Levi Strauss & Co,NYQ,USD,United States,Consumer Cyclical,Apparel Manufacturing,,100456337.0,93006835.0,0.9258433840764072,7748965888.0,1.309,1.3298339071954202,1.302177832122622,1.2851129620125825,0.92846,0.02236,none
RATIY,RATIONAL AG UNSP ADR EACH REP 0,PNK,EUR,Germany,Industrials,Specialty Industrial Machinery,,227400000.0,120137694.0,0.52831,8219145728.0,1.257,0.03796029282550977,0.005856348857091427,-0.0038947298615010866,0.0,0.0,none
SWQGF,Swissquote Group Holding AG,PNK,CHF,Switzerland,Financial Services,Capital Markets,,149883120.0,115553438.0,0.7709569830144982,7387739136.0,1.067,0.06300240390405078,0.20377103519703704,0.18439129255825465,0.37535,0.22062999,none
YOKEY,YOKOGAWA ELECTRIC CORP UNSP ADR,PNK,JPY,Japan,Industrials,Specialty Industrial Machinery,,124490953.0,,,7667397632.0,,0.05741623866314335,0.24880952477762716,0.20691329743267523,0.0,0.0,none
CBC,"Central Bancompany, Inc.",NMS,USD,United States,Financial Services,Banks - Regional,,239505133.0,79719284.0,0.33285000200809894,7580337664.0,0.072,0.42698507812274616,,,0.34499002,0.66947997,buy
SCAFF,SCHAEFFLER AG,PNK,EUR,Germany,Consumer Cyclical,Auto Parts,,944884641.0,196536005.0,0.20799999965286767,7519392256.0,1.595,0.050224788784847575,0.20332252848690044,0.17373669868848343,0.07456,0.7917,none
FLGZY,Flughafen Zuerich AG,PNK,CHF,Switzerland,Industrials,Airports & Air Services,,767449000.0,470053382.0,0.6124881027924982,7497977344.0,0.533,0.03836525276796478,-0.023012077967086226,0.15809753197594648,0.0,0.0,none
ZHUZY,ZHUZHOU CRRC TIMES ELECTRIC CO ,PNK,CNY,China,Industrials,Railroads,,92359180.0,125322986.0,1.3569088205417155,5296199680.0,0.122,-0.16142665061472677,-0.020504872794792368,-0.04799981528360872,,,none
OMRNY,OMRON Corp.,PNK,JPY,Japan,Technology,Electronic Components,,196629396.0,192636991.0,0.9796957877040928,7825849856.0,1.144,1.7828009421721196,0.9960979017008401,0.8971475467260571,5e-05,0.0,none
VLY,Valley National Bancorp,NMS,USD,United States,Financial Services,Banks - Regional,,552605226.0,544841123.0,0.9859500007696271,7338597376.0,1.049,0.8734133001899558,1.1382762701755316,1.104133195141781,0.91877,0.01021,buy
RAL,Ralliant Corporation,NYQ,USD,United States,Technology,Electronic Components,,110640008.0,104405444.0,0.9436500040744755,7724332544.0,,1.5386930964555412,,,1.03529,0.0021799998,buy
ASXFF,"ASX, Ltd.",PNK,AUD,Australia,Financial Services,Financial Data & Stock Exchanges,,197349620.0,193583400.0,0.9809160007503435,7548622848.0,0.322,-0.09400807471588342,0.3435978628971737,0.23706928678794303,0.56987,0.00782,none
LAD,"Lithia Motors, Inc.",NYQ,USD,United States,Consumer Cyclical,Auto & Truck Dealerships,,21983116.0,19172355.0,0.8721400096328473,6840925696.0,1.23,0.609198550598396,1.045196812745031,1.092814290226927,1.16569,0.01203,buy
LZRFY,Localiza Rent A Car SA,OQX,BRL,Brazil,Industrials,Rental & Leasing Services,,1064036631.0,857777672.0,0.8061542685742367,8163104256.0,0.233,1.5995090896995547,0.8414746606196071,0.7308368828065888,2.0000001e-05,0.0,none
FIGR,"Figure Technology Solutions, In",NMS,USD,United States,Financial Services,Capital Markets,,185672153.0,126908124.0,0.6835065029918622,8382757376.0,,2.772268651202671,,,0.76682997,0.06345,buy
MAAS,Maase Inc.,NGM,CNY,China,Financial Services,Asset Management,,435508910.0,124770305.0,0.2864931167539144,6884673536.0,,0.8839776390689559,0.7675107305554867,0.3896833072466319,0.0007,0.60392,none
OMRNF,OMRON CORP,PNK,JPY,Japan,Technology,Electronic Components,,196629396.0,192636991.0,0.9796957877040928,7419219968.0,1.144,-3.6185356948982297,-0.6424924747293662,-3.593062292980684,0.55569,0.033269998,none
NRKBF,NKT A/S,PNK,EUR,Denmark,Industrials,Electrical Equipment & Parts,,53450451.0,50872840.0,0.9517756922200713,7381507584.0,0.643,-0.44786808835483205,-0.06162865408243996,-0.022921267343912647,0.42618,0.0014599999,none
ASXFY,"ASX, Ltd.",PNK,AUD,Australia,Financial Services,Financial Data & Stock Exchanges,,197349620.0,193583400.0,0.9809160007503435,8207770624.0,0.322,0.8584564247210487,0.796188355666057,0.6898023591048089,4.0000003e-05,0.0,none
ASR,Grupo Aeroportuario del Sureste,NYQ,MXN,Mexico,Industrials,Airports & Air Services,,,14355300.0,,,0.182,0.8720160720760839,0.7832332393912697,0.74626194050365,0.11901,0.15994,buy
SFFLY,SCHAEFFLER AG,PNK,EUR,Germany,Consumer Cyclical,Auto Parts,,944884641.0,196536005.0,0.20799999965286767,7587423744.0,1.595,1.333308897574796,0.33173458440128634,0.2026858345602653,0.0,0.0,none
BZ,KANZHUN LIMITED - American Depo,NMS,CNY,China,Communication Services,Internet Content & Information,,379574552.0,379160647.0,0.9989095554540759,6472091648.0,0.474,0.9123987588110317,1.114001519222316,1.3311594288727437,0.81702006,0.0,strong_buy
SLAB,"Silicon Laboratories, Inc.",NMS,USD,United States,Technology,Semiconductors,,33366761.0,32756149.0,0.981699991797226,7402416128.0,1.357,0.5605720428970906,1.6046509717616517,1.528815287430059,0.94048,0.01608,hold
MLLUY,Metallurgical Corp China Ltd,PNK,CNY,China,Industrials,Engineering & Construction,,141950000.0,456368894.0,3.2149974920746742,3688281088.0,1.039,-0.046599270699025766,-0.06610370438613518,0.0037761535206619727,,,none
VFS,VinFast Auto Ltd.,NMS,VND,Vietnam,Consumer Cyclical,Auto Manufacturers,,2339536010.0,49644954.0,0.021219999943493068,7825748480.0,0.916,0.8285324174655607,0.9211732859523661,0.18757209335712882,0.0017,0.97878,none
AKBTY,Akbank Turk Anonim Sirketi,OQX,TRY,Turkey,Financial Services,Banks - Regional,,2600000000.0,1523959562.0,0.5861382930769231,7774000128.0,0.694,1.2162318002816355,0.7985865180226632,0.634368738870147,8.0000005e-05,0.0,none
CMC,Commercial Metals Company,NYQ,USD,United States,Industrials,Metal Fabrication,,,109845540.0,,,1.52,1.3998408354559921,1.2822113597604563,1.1863999589403376,0.95724,0.00659,buy
ELMUF,ELISA OYJ,PNK,EUR,Finland,Communication Services,Telecom Services,,160574503.0,107318363.0,0.6683399979136164,7296504832.0,0.428,0.06148671094211005,0.11079673826778033,0.06469675119516864,0.51746,0.11344,none
DUFRY,AVOLTA AG,PNK,CHF,Switzerland,Consumer Cyclical,Specialty Retail,,1415086810.0,925498000.0,0.6540220666744819,7443357184.0,1.027,0.7253019874739133,0.7588611851446557,1.0036369744122622,0.00013,0.0,none
NSANF,"Nissan Motor Co., Ltd.",PNK,JPY,Japan,Consumer Cyclical,Auto Manufacturers,,3496382520.0,2734527878.0,0.7821020332752379,6957800960.0,0.419,0.4571321595277587,0.3286837725844221,0.2621166106680967,0.23232001,0.35841,none
AXS,Axis Capital Holdings Limited,NYQ,USD,Bermuda,Financial Services,Insurance - Specialty,,72966317.0,68088519.0,0.9331500039943088,7055478272.0,0.494,-0.12683289255169025,0.3973716065688424,0.5472766833197503,1.0140799,0.00881,buy
FAF,First American Corporation (New,NYQ,USD,United States,Financial Services,Insurance - Specialty,,102100000.0,98756225.0,0.96725,7095439872.0,1.23,0.3687141076801572,0.627125829651357,0.8035850891581979,0.99141,0.035269998,strong_buy
YASKF,Yaskawa Electric Corp.,PNK,JPY,Japan,Industrials,Electrical Equipment & Parts,,259367959.0,259258826.0,0.9995792348429592,7197460480.0,1.237,0.3144642974369937,0.004018495504002359,0.1930677299341204,0.60941005,0.01671,none
YASKY,Yaskawa Electric Corp.,PNK,JPY,Japan,Industrials,Electrical Equipment & Parts,,129683980.0,129629413.0,0.9995792309890551,7412736512.0,1.237,1.960850865274771,1.3173243161020776,1.0774491841417673,2.0000001e-05,0.0,none
MYTKY,Magyar Telekom Telecommunicatio,PNK,HUF,Hungary,Communication Services,Telecom Services,,894595917.0,251189620.0,0.28078556499828067,7112037376.0,0.53,0.21643972606640638,0.26223082413120663,0.31158474579988626,1.0000001e-05,0.0,none
KEX,Kirby Corporation,NYQ,USD,United States,Industrials,Marine Shipping,,52800000.0,52414560.0,0.9927,7120608256.0,0.865,0.5768311008306392,0.9610282872791336,0.9538519975218008,1.02571,0.007929999,none
BROS,Dutch Bros Inc.,NYQ,USD,United States,Consumer Cyclical,Restaurants,,137940798.0,130180249.0,0.9437400021420784,6818536448.0,2.288,1.4151343110741377,1.4832057478579217,1.6382103777776995,0.95655,0.051810004,strong_buy
NXPRF,Nexans Paris ACT,PNK,EUR,France,Industrials,Electrical Equipment & Parts,,43648474.0,37904927.0,0.8684135669897647,7176681472.0,0.943,0.10476472126844437,0.0359777785375528,0.07835260364911174,0.65746003,0.08088,none
SHMXY,,PNK,JPY,Japan,Technology,Scientific & Technical Instruments,,577880254.0,577718448.0,0.9997200008152554,6672205312.0,0.738,0.11286155565940892,,,,,none
HDALF,Haidilao International Hldg Ltd,PNK,CNY,China,Consumer Cyclical,Restaurants,,5415478340.0,1939445136.0,0.35812997748967085,7265865728.0,0.72,0.038439265972096535,0.08855143372641328,0.13420916011089526,0.10175,0.67674005,none
GGAL,Grupo Financiero Galicia S.A.,NCM,ARS,Argentina,Financial Services,Banks - Regional,,132503208.0,837307944.0,6.3191522427140026,6961994240.0,0.283,1.9611402546407852,1.519143914872283,1.179008443910863,0.25471002,0.00031,none
ACA,"Arcosa, Inc.",NYQ,USD,United States,Industrials,Engineering & Construction,,49106809.0,48149717.0,0.9805099940417631,7198321664.0,1.066,1.001704507046535,1.2067968343564128,1.0351160736572569,0.93746,0.01717,none
CDNAF,Canadian Tire Corp. Ltd.,PNK,CAD,Canada,Consumer Cyclical,Specialty Retail,,48729529.0,48117304.0,0.9874362627227528,6939986432.0,0.949,0.38122534592210316,0.40952472730041256,0.5583492739848804,0.38066003,0.02039,none
SFGYY,Sony Financial Group Inc.,PNK,JPY,Japan,Financial Services,Insurance - Life,,1341689180.0,,,6909699584.0,,0.7284225840615636,,,0.0057099997,0.0,none
APLD,Applied Digital Corporation,NMS,USD,United States,Technology,Information Technology Services,,284303812.0,250678010.0,0.8817258137924651,8088443392.0,5.728,3.948307474738212,2.8975974390881944,2.680233448372171,0.76113,0.098620005,strong_buy
PATH,"UiPath, Inc.",NYQ,USD,United States,Technology,Software - Infrastructure,,456464703.0,388443184.0,0.8509818644181125,6941842432.0,1.023,1.318407889809898,1.5824081663815859,1.8654476414607433,0.90404,0.10837,hold
FLR,Fluor Corporation,NYQ,USD,United States,Industrials,Engineering & Construction,,133741067.0,131551726.0,0.9836300019948249,7236728832.0,1.262,1.8039143257601968,1.5695655000080508,1.2385180045010278,1.00349,0.02387,none
GAP,"Gap, Inc. (The)",NYQ,USD,United States,Consumer Cyclical,Apparel Retail,,351270137.0,193595511.0,0.5511300011250316,7571628032.0,2.059,1.2713233587270134,1.4192661121336483,1.4670701167154379,0.66359,0.36291,buy
ZG,"Zillow Group, Inc.",NMS,USD,United States,Communication Services,Internet Content & Information,,41402072.0,207019883.0,5.000230012642845,6983492096.0,1.976,1.1687502941816077,1.3912300935604374,1.5252660457686864,1.10252,0.03853,buy
Z,"Zillow Group, Inc.",NMS,USD,United States,Communication Services,Internet Content & Information,,177255435.0,207019883.0,1.167918394152484,6881174016.0,1.976,1.1422684233365925,1.374502055632891,1.4961933613102185,0.97689,0.05519,hold
NTSK,"Netskope, Inc.",NMS,USD,United States,Technology,Software - Infrastructure,,267134729.0,197731955.0,0.7401956149250815,7634461696.0,,1.8021896664800474,,,0.73204005,0.035940003,strong_buy
MATX,"Matson, Inc.",NYQ,USD,United States,Industrials,Marine Shipping,,29903458.0,29175608.0,0.9756600056087159,6713476096.0,1.264,1.0797290244492301,1.0463274655705295,1.0728099085976583,0.89734,0.01885,none
NSANY,"Nissan Motor Co., Ltd.",PNK,JPY,Japan,Consumer Cyclical,Auto Manufacturers,,1748191260.0,1367263939.0,0.7821020332752379,7062692352.0,0.419,1.1619134971834983,0.6959484885461349,0.6675856217728362,3.0000001e-05,0.0,hold
SQNNY,"Square Enix Co., Ltd.",PNK,JPY,Japan,Communication Services,Electronic Gaming & Multimedia,,721351068.0,331403108.0,0.4594200004705614,7018745344.0,0.352,-0.158636974410192,0.07302607131258122,0.19595369110259417,0.0,0.0,none
FSS,Federal Signal Corporation,NYQ,USD,United States,Industrials,Farm & Heavy Construction Machinery,,61041611.0,59513129.0,0.9749599990078899,7134543360.0,1.226,1.174279076742464,1.1596215660139249,0.9800938026290703,1.04895,0.02567,none
SZHFY,,PNK,JPY,Japan,Industrials,Conglomerates,,20806024.0,20770241.0,0.9982801615532118,7901503488.0,0.676,-0.0995928051019305,,,,,none
ELMUY,Elisa Communications Corp.,PNK,EUR,Finland,Communication Services,Telecom Services,,321149006.0,214636727.0,0.6683400010274358,7065277952.0,0.428,,,,,,none
STJPF,St. James Place Capital Plc.,PNK,GBP,United Kingdom,Financial Services,Asset Management,,492592767.0,476296544.0,0.9669174537432865,6920928256.0,1.011,0.16369146438908913,0.22503280659389904,0.2829812421388721,0.73342,0.01923,none
OMF,"OneMain Holdings, Inc.",NYQ,USD,United States,Financial Services,Credit Services,,115041469.0,108291986.0,0.9413299998803041,6859922944.0,1.19,1.1026308227162618,1.3250301264434816,1.307440395447211,0.96042,0.00224,buy
BZQIY,Bezeq The Israel Telecommunicat,PNK,ILS,Israel,Communication Services,Telecom Services,,551085358.0,551281562.0,1.000356031959753,7301881344.0,0.165,-0.2663550413915132,0.0076052425504325605,-0.033414812503977896,0.0,0.0,none
ELEEF,Element Fleet Mgmt Corp.,PNK,USD,Canada,Industrials,Rental & Leasing Services,,395992360.0,390568442.0,0.9863029731179662,7048663552.0,0.447,0.5046444229486703,0.52920070764598,0.6118061304659806,0.58605,0.00169,none
CIFR,Cipher Digital Inc.,NMS,USD,United States,Technology,Information Technology Services,,415030722.0,343105898.0,0.8267000002953998,7974815232.0,3.167,4.232335702566935,3.369742917791128,2.5746840888400753,0.94907,0.0354,strong_buy
MSA,MSA Safety Incorporated,NYQ,USD,United States,Industrials,Security & Protection Services,,38578289.0,36192222.0,0.9381500045271578,6940041216.0,0.936,0.7932226159570707,0.7887577210114795,0.7941156574009985,0.95816004,0.06058,buy
DUOL,"Duolingo, Inc.",NMS,USD,United States,Technology,Software - Application,,40237065.0,39972785.0,0.9934319265085563,6906963968.0,0.89,0.730836680017073,1.4159735202205617,1.49662117313147,0.99842,0.01498,hold
HXL,Hexcel Corporation,NYQ,USD,United States,Industrials,Aerospace & Defense,,75623452.0,74831674.0,0.989529993949496,6548990976.0,1.043,0.9464277390573752,1.0393602813263483,1.0724795215009397,1.15583,0.00957,buy
LUMN,"Lumen Technologies, Inc.",NYQ,USD,United States,Communication Services,Telecom Services,,1031445404.0,948496565.0,0.9195800003778,6616721920.0,1.803,2.7412012839107227,2.1558315083305115,1.5893230269712952,0.71848,0.080249995,hold
PYOIF,Promotora Y Operadora de Infrae,PNK,MXN,Mexico,Industrials,Infrastructure Operations,,325354905.0,429522399.0,1.3201657402398774,6168730112.0,0.362,0.33078471470064996,0.20396799084848874,0.17582545476538147,0.20357999,0.5406,none
GNZUF,"Guangzhou Automobile Group Co.,",PNK,CNY,China,Consumer Cyclical,Auto Manufacturers,,2813368305.0,3919765137.0,1.3932641275703859,3365031936.0,0.377,0.16050524107864098,0.002804902531798299,0.1236398754801865,0.04711,0.25823,none
SQNXF,"Square Enix Co., Ltd.",PNK,JPY,Japan,Communication Services,Electronic Gaming & Multimedia,,360675534.0,165701554.0,0.4594200004705614,6961037312.0,0.352,0.211370470563164,0.09381542416467156,0.07582206857223617,0.48953998,0.25891,none
BYCRF,BAYCURRENT CONSULTING INC,PNK,JPY,Japan,Industrials,Consulting Services,,147675264.0,135144961.0,0.9151496150364086,6741376000.0,0.825,2.8374041278954008,0.2809556046466792,0.5416651296357395,0.7161,0.07311,none
SZCRF,SCOR,PNK,EUR,France,Financial Services,Insurance - Reinsurance,,178663396.0,169765646.0,0.95019824877839,6833874944.0,0.519,0.015017825397916918,0.09030119981214149,0.007547344474472847,0.53848,0.033299997,none
SUMCF,Sumco Corp.,PNK,JPY,Japan,Technology,Semiconductor Equipment & Materials,,349732314.0,344940981.0,0.9862999991473479,6994646528.0,1.122,1.6713546142321618,0.6199842843714923,0.3707183276137255,0.60976005,0.0,none
TTD,"The Trade Desk, Inc.",NGM,USD,United States,Communication Services,Advertising Agencies,,429686475.0,416515900.0,0.9693484068820178,6266898944.0,1.005,0.8865893268091107,1.4497723210608702,1.9444103382360822,0.89082,0.02681,hold
NXSNF,,PNK,USD,Israel,Industrials,Security & Protection Services,,92544854.0,77145456.0,0.8336007099865326,6802046976.0,0.818,-0.14970675828689983,0.03262079363257,,0.47495997,0.17578,none
ESYJY,easyJet Plc,PNK,GBP,United Kingdom,Industrials,Airlines,,747526182.0,613996200.0,0.8213708292561183,6675409408.0,1.723,1.0084323041602343,0.8370279497222818,0.9650915266727408,2.0000001e-05,1.0000001e-05,none
SHZHY,Shenzhou International Group Ho,PNK,CNY,Hong Kong,Consumer Cyclical,Textile Manufacturing,,1502835997.0,776775683.0,0.5168732213964928,6584467968.0,1.11,0.5097116396051266,0.737109287911381,0.7216269225825566,8.9999994e-05,0.0,none
SGHC,Super Group (SGHC) Limited,NYQ,USD,Guernsey,Consumer Cyclical,Gambling,,508076788.0,262056447.0,0.5157811834537105,6427171328.0,1.081,0.6566821036254797,1.1304140564886616,1.1637192433498929,0.24038,0.6867,strong_buy
DSGX,The Descartes Systems Group Inc,NMS,USD,Canada,Technology,Software - Application,,85548553.0,85193527.0,0.9958500057856035,6702728704.0,0.198,0.43341905973030187,0.8736444121167164,0.9135935579470847,0.93106,0.00061,buy
ETSY,"Etsy, Inc.",NYQ,USD,United States,Consumer Cyclical,Internet Retail,,91781748.0,79514200.0,0.8663400047687041,6761561088.0,1.813,1.108722876716564,1.0086046686536507,1.5192832127360618,1.26252,0.01344,buy
SPXSY,SPIRAX GROUP PLC,PNK,GBP,United Kingdom,Industrials,Specialty Industrial Machinery,,147591762.0,145991160.0,0.9891552077276509,7308744192.0,1.144,1.149921810666299,0.7388920507008134,0.49313360001405204,0.00059,0.0,none
SCRYY,SCOR,PNK,EUR,France,Financial Services,Insurance - Reinsurance,,1786633960.0,1697656460.0,0.95019824877839,6860674560.0,0.519,0.671703230684488,0.5876045545599008,0.5587328257955171,0.0,0.0,none
ZGN,Ermenegildo Zegna N.V.,NYQ,EUR,Italy,Consumer Cyclical,Apparel Manufacturing,,268889388.0,53167499.0,0.19773000115571687,3379939328.0,0.875,1.3413341820235372,1.0727474171306177,0.8069721674282769,0.28893,0.70255,buy
NEXNY,Nexans Paris ACT,PNK,EUR,France,Industrials,Electrical Equipment & Parts,,87296948.0,75809854.0,0.8684135669897647,7001214464.0,0.943,0.5544986955643084,0.5980974432762737,0.46280309829109817,0.0,0.0,none
MSM,"MSC Industrial Direct Company, ",NYQ,USD,United States,Industrials,Industrial Distribution,,,41348041.0,,,0.818,0.6571440248477659,0.8381617436706056,0.7664915546513901,0.86483,0.26757,hold
ACT,"Enact Holdings, Inc.",NMS,USD,United States,Financial Services,Insurance - Specialty,,137483671.0,26289628.0,0.1912200031376817,6637024256.0,0.459,-0.03679357162663915,0.3958919442341165,0.5663459798257898,0.22625,0.80867994,none
TEX,Terex Corporation,NYQ,USD,United States,Industrials,Farm & Heavy Construction Machinery,,114300000.0,112802670.0,0.9869,6773132288.0,1.502,1.923162467274057,1.6092434788168435,1.5055510927778373,1.05117,0.01747,none
WEX,WEX Inc.,NYQ,USD,United States,Technology,Software - Infrastructure,,34081611.0,29673495.0,0.8706599872875728,6165874688.0,0.83,0.47441453245642495,1.1105567777349694,1.117256286790804,1.1903601,0.01322,buy
CRYCY,China Railroad Signal & Communi,PNK,CNY,China,Industrials,Railroads,,196880100.0,361610549.0,1.8367044155300611,4394775040.0,0.439,-0.028328425216888733,0.13714294323251094,0.1659119278344481,,,none
ESE,ESCO Technologies Inc.,NYQ,USD,United States,Technology,Scientific & Technical Instruments,,25907567.0,25759635.0,0.9942900080119449,6802291200.0,1.095,1.0855413434367422,1.0452483960936811,0.9539758798402627,1.0322,0.00379,none
AWI,Armstrong World Industries Inc,NYQ,USD,United States,Industrials,Building Products & Equipment,,42262826.0,41547316.0,0.9830699915807807,6904900608.0,1.164,0.8078844244944074,0.9131143039172368,0.9436862957773867,1.04575,0.01548,buy
NCLH,Norwegian Cruise Line Holdings ,NYQ,USD,United States,Consumer Cyclical,Travel Services,,459187846.0,455349036.0,0.9916400008549007,6568681984.0,1.881,1.9639863338763812,1.8105985024147555,1.8879242716664477,1.04464,0.00546,buy
LNWO,"Light & Wonder, Inc.",PNK,USD,United States,Consumer Cyclical,Gambling,,74775174.0,68603820.0,0.9174678750998293,5873590272.0,0.386,1.1641348263755023,1.1910145945791477,1.375369978348859,0.11484,0.01,none
MBLY,Mobileye Global Inc.,NMS,USD,Israel,Consumer Cyclical,Auto Parts,,252419583.0,175963327.0,0.6971064800467561,6614459392.0,1.21,2.1591105597608475,1.8524624115928647,1.7410617597479063,0.56256,0.32235,none
THNOF,TECHNOLOGY ONE,PNK,AUD,Australia,Technology,Software - Application,,327368541.0,275265923.0,0.8408441512405433,6818922496.0,0.589,0.574852025284834,0.17921403785016796,0.08878284763424822,0.56126,0.08853,none
SRTTY,Zozo Inc.,PNK,JPY,Japan,Consumer Cyclical,Internet Retail,,870570826.0,410097206.0,0.4710670214901045,6807863808.0,0.578,-0.38323446707065706,0.46096560094394157,0.40947031543554174,0.0,0.0,none
DOX,Amdocs Limited,NMS,USD,United States,Technology,Software - Infrastructure,,104415000.0,103099371.0,0.9874,6127594496.0,0.434,0.3277307059336301,0.5348890741645751,0.5619699440861396,1.04739,0.01235,none
URBN,"Urban Outfitters, Inc.",NMS,USD,United States,Consumer Cyclical,Apparel Retail,,85660181.0,56139969.0,0.6553799950527772,6501607936.0,1.257,0.9906636842715897,1.2366281073147347,1.2152073882738883,0.74754995,0.33778998,buy
PDI,PIMCO Dynamic Income Fund,NYQ,USD,United States,Financial Services,Asset Management,,472079000.0,,,6622135808.0,,0.381085624382082,0.4375815997021474,0.4338944971923337,0.15333,1.0000001e-05,none
AUOTY,AUO CORPORATION,PNK,TWD,Taiwan,Technology,Electronic Components,,754709897.0,609526354.0,0.8076299998488028,8724446208.0,1.064,1.0145801462703277,0.7461310896059485,0.6645404115501461,0.00939,0.0,none
BCKIY,Babcock International Group Plc,PNK,GBP,United Kingdom,Industrials,Engineering & Construction,,490861558.0,456702844.0,0.9304106963699121,6592270848.0,0.864,0.8889078005506026,0.3745230884285672,0.1400548448905657,0.00245,0.0,none
BMRMF,,PNK,EUR,Monaco,Consumer Cyclical,Resorts & Casinos,,,24180047.0,,,0.194,-0.0018913753126979635,0.025007419885002918,0.023825474628693263,0.04042,0.82216,none
AZIHF,Azimut Holding Spa,PNK,EUR,Italy,Financial Services,Asset Management,,140417657.0,101481116.0,0.7227090820921475,6487296000.0,0.984,0.5898137898812639,0.2904088097285213,0.2714657629303117,0.29522,0.21773,none
SUOPY,Sumco Corp.,PNK,JPY,Japan,Technology,Semiconductor Equipment & Materials,,174866157.0,172470491.0,0.9863000020066776,7036614656.0,1.122,1.993235837128301,1.0580397366770042,0.7741299555458125,0.0,0.0,none
SEKEF,Seiko Epson Corp.,PNK,JPY,Japan,Technology,Computer Hardware,,319176978.0,290871381.0,0.9113169214854838,4340807168.0,0.642,0.319639113666407,0.16804076693663667,0.04355756949845995,0.49047002,0.067140006,none
BYDIY,Byd Electronic International Co,PNK,CNY,China,Technology,Electronic Components,,44922170.0,13011355.0,0.2896421744541726,6494891520.0,0.194,0.9711146387247404,0.8009315143426143,0.4069390881667108,0.0,0.0,none
TOKUY,TOKYU CORP UNSP ADR EACH REP 1 ,PNK,JPY,Japan,Consumer Cyclical,Department Stores,,558687839.0,,,5821527040.0,,0.0029367846656394715,0.09403587394971215,0.09936330809672095,0.0,0.0,none
KGFHF,Kingfisher plc,OQX,GBP,United Kingdom,Consumer Cyclical,Home Improvement Retail,,1619806688.0,1658192603.0,1.023697837084125,6301048320.0,1.131,0.0014817829458212254,0.04105244699508398,0.1781309479291586,0.77299005,0.00935,none
BILI,Bilibili Inc.,NMS,CNY,China,Communication Services,Internet Content & Information,,332230191.0,298444831.0,0.8983073756833857,6263398912.0,0.702,1.5878974332664288,1.1588144895246193,1.575216013308294,0.081140004,0.00035,strong_buy
POWL,"Powell Industries, Inc.",NMS,USD,United States,Industrials,Electrical Equipment & Parts,,36432564.0,28919441.0,0.7937800095540901,6941496320.0,1.185,2.3343331918417207,1.9109099080185872,1.2686237934965168,0.93391,0.20611,buy
SFGRF,,PNK,JPY,Japan,Financial Services,Insurance - Life,,6708445898.0,,,6741987840.0,,-0.000647180688003184,,,0.24695,0.17313999,none
KGFHY,Kingfisher plc,OQX,GBP,United Kingdom,Consumer Cyclical,Home Improvement Retail,,809903344.0,829096301.0,1.0236978364667673,7524002304.0,1.131,0.8952309317658145,0.7267214682986524,0.8144288838971804,0.00239,0.0,none
CAMT,Camtek Ltd.,NGM,USD,Israel,Technology,Semiconductor Equipment & Materials,,46668177.0,28239538.0,0.6051133730807612,7052261888.0,1.586,2.7771669801851857,2.1752814693690548,1.8464627170906749,0.52138,0.37469003,buy
AN,"AutoNation, Inc.",NYQ,USD,United States,Consumer Cyclical,Auto & Truck Dealerships,,33060806.0,32602253.0,0.9861300114703797,5559174144.0,0.717,0.5262319044572716,0.9639753366383416,0.9628251832825943,1.01279,0.01525,buy
PLXS,Plexus Corp.,NMS,USD,United States,Technology,Electronic Components,,26652099.0,26270707.0,0.9856899826163785,6991512576.0,0.892,1.7076004055946137,1.3070093104128468,1.0694852601216924,1.03456,0.01433,strong_buy
CSXXY,CAR GROUP LTD,PNK,AUD,Australia,Communication Services,Internet Content & Information,,189535153.0,178173433.0,0.9400548140006514,6406287872.0,0.8,0.6514430867170545,0.28124667771353584,0.3717919136832911,0.0,0.0,none
GIVSY,GPO DE INVERSIONES SURAMERICANA,OID,COP,Colombia,Financial Services,Insurance - Diversified,,82917013.0,161169043.0,1.9437391334875993,7537235968.0,-0.163,-0.28958125080461283,-0.16038499014274007,-0.0852833182747701,0.0,0.0,none
UBSI,"United Bankshares, Inc.",NMS,USD,United States,Financial Services,Banks - Regional,,136173338.0,132552466.0,0.9734098315192949,6364061184.0,0.721,0.4943271892278484,0.8411249908375772,0.8200658814612404,0.77036005,0.022119999,none
GTES,Gates Industrial Corporation Lt,NYQ,USD,United States,Industrials,Specialty Industrial Machinery,,253151170.0,247589439.0,0.9780300008093978,6586993664.0,1.263,1.6151173905712193,1.455381636846047,1.2585867916139868,1.03074,0.01983,buy
BLDR,"Builders FirstSource, Inc.",NYQ,USD,United States,Industrials,Building Products & Equipment,,107596457.0,104451413.0,0.9707700040717884,6531911680.0,1.412,1.654655468485033,1.409684464107269,1.4527421289669031,1.01816,0.02712,buy
GNZUY,"Guangzhou Automobile Group Co.,",PNK,CNY,China,Consumer Cyclical,Auto Manufacturers,,281336831.0,391976514.0,1.3932641261605736,3110104832.0,0.377,-0.05442300701708907,-0.15676110041678276,-0.15050661633591372,,,none
BKEAY,Bank of East Asia Limited,PNK,HKD,Hong Kong,Financial Services,Banks - Regional,,2646575377.0,920614360.0,0.34785117703450924,6404712448.0,0.741,-0.21861354279562104,0.027883614007581273,0.1271874672027817,0.0,0.0,none
SEKEY,Seiko Epson Corp.,PNK,JPY,Japan,Technology,Computer Hardware,,638353956.0,581742762.0,0.9113169214854838,6402690048.0,0.642,1.113096342478625,0.7818669244544966,0.6381750718355629,0.0,0.0,none
VCTR,"Victory Capital Holdings, Inc. ",NMS,USD,United States,Financial Services,Asset Management,,61509572.0,47313778.0,0.7692100019814803,6449893888.0,1.106,1.035321864695949,1.2890661440304225,1.2173019507653262,0.80996,0.1122,none
TEO,Telecom Argentina SA,NYQ,ARS,Argentina,Communication Services,Telecom Services,,,32568070.0,,,0.331,1.5396048642120876,1.0477236601698243,0.8882817468885792,0.12854,0.00101,buy
TCMFF,Telecom Argentina S.A.,PNK,ARS,Argentina,Communication Services,Telecom Services,,628058019.0,162840351.0,0.2592759682605056,3338216448.0,0.331,-178.16321343292387,-57.236166741901314,,0.39918998,0.0,none
JMKE,Jersey Mike's Subs Inc.,NYQ,USD,United States,Consumer Cyclical,Restaurants,,232834177.0,189191426.0,0.8125586562835232,4244567040.0,,,,,0.84128,0.00048000002,buy
SULZF,Sulzer AG,PNK,CHF,Switzerland,Industrials,Specialty Industrial Machinery,,33857790.0,17106648.0,0.5052499882597181,6378807808.0,0.945,0.03654772778086231,-0.025633149542419104,-0.02393259717826182,0.29898,0.48977003,none
